image_id,brand,product_name,official_image_url,source_owner,current_runtime_status,rights_status,recommended_next_step,notes
cosmos-lac__cosmos-lac-acrylic-varnish-376-gloss,cosmos-lac,Cosmos Lac Acrylic Varnish 376 Gloss,https://cosmoslac.com/wp-content/uploads/acrylic-varnish-376-gloss.png,Cosmos Lac (cosmoslac.com),PLACEHOLDER,RIGHTS_NOT_CONFIRMED (izvor slika je bio Brand Kit; ova slika postoji samo na sajtu),potvrditi da se slika sa sajta sme koristiti (Brand Kit je ne sadrži) ili zatražiti dopunu Brand Kit-a,
cosmos-lac__cosmos-lac-acrylic-varnish-377-matt,cosmos-lac,Cosmos Lac Acrylic Varnish 377 Matt,https://cosmoslac.com/wp-content/uploads/acrylic-varnish-377-matt.png,Cosmos Lac (cosmoslac.com),PLACEHOLDER,RIGHTS_NOT_CONFIRMED (izvor slika je bio Brand Kit; ova slika postoji samo na sajtu),potvrditi da se slika sa sajta sme koristiti (Brand Kit je ne sadrži) ili zatražiti dopunu Brand Kit-a,
cosmos-lac__cosmos-lac-acrylic-varnish-378-satin,cosmos-lac,Cosmos Lac Acrylic Varnish 378 Satin,https://cosmoslac.com/wp-content/uploads/acrylic-varnish-378-satin.png,Cosmos Lac (cosmoslac.com),PLACEHOLDER,RIGHTS_NOT_CONFIRMED (izvor slika je bio Brand Kit; ova slika postoji samo na sajtu),potvrditi da se slika sa sajta sme koristiti (Brand Kit je ne sadrži) ili zatražiti dopunu Brand Kit-a,
cosmos-lac__cosmos-lac-chrome-effect-450-container,cosmos-lac,Cosmos Lac Chrome Effect 450 Container,https://cosmoslac.com/wp-content/uploads/chrome-effect-450-container-v2.png,Cosmos Lac (cosmoslac.com),PLACEHOLDER,RIGHTS_NOT_CONFIRMED (izvor slika je bio Brand Kit; ova slika postoji samo na sajtu),potvrditi da se slika sa sajta sme koristiti (Brand Kit je ne sadrži) ili zatražiti dopunu Brand Kit-a,
cosmos-lac__cosmos-lac-easy-max-glitter-912-multi,cosmos-lac,Cosmos Lac Easy Max Glitter 912 Multi,https://cosmoslac.com/wp-content/uploads/easy-max-glitter-912-multi-1.png,Cosmos Lac (cosmoslac.com),PLACEHOLDER,RIGHTS_NOT_CONFIRMED (izvor slika je bio Brand Kit; ova slika postoji samo na sajtu),potvrditi da se slika sa sajta sme koristiti (Brand Kit je ne sadrži) ili zatražiti dopunu Brand Kit-a,
cosmos-lac__cosmos-lac-flame-orange-fo-314-piglet-pink-dark,cosmos-lac,Cosmos Lac Flame Orange FO-314 Piglet Pink Dark,https://cosmoslac.com/wp-content/uploads/flame-orange-fo-314-piglet-pink-dark.png,Cosmos Lac (cosmoslac.com),PLACEHOLDER,RIGHTS_NOT_CONFIRMED (izvor slika je bio Brand Kit; ova slika postoji samo na sajtu),potvrditi da se slika sa sajta sme koristiti (Brand Kit je ne sadrži) ili zatražiti dopunu Brand Kit-a,
cosmos-lac__cosmos-lac-gold-effect-451-container,cosmos-lac,Cosmos Lac Gold Effect 451 Container,https://cosmoslac.com/wp-content/uploads/gold-effect-451-container-v2.png,Cosmos Lac (cosmoslac.com),PLACEHOLDER,RIGHTS_NOT_CONFIRMED (izvor slika je bio Brand Kit; ova slika postoji samo na sajtu),potvrditi da se slika sa sajta sme koristiti (Brand Kit je ne sadrži) ili zatražiti dopunu Brand Kit-a,
cosmos-lac__cosmos-lac-high-heat-350-silver-container,cosmos-lac,Cosmos Lac High Heat 350 Silver Container,https://cosmoslac.com/wp-content/uploads/high-heat-350-silver-container-175ml-v2.png,Cosmos Lac (cosmoslac.com),PLACEHOLDER,RIGHTS_NOT_CONFIRMED (izvor slika je bio Brand Kit; ova slika postoji samo na sajtu),potvrditi da se slika sa sajta sme koristiti (Brand Kit je ne sadrži) ili zatražiti dopunu Brand Kit-a,
cosmos-lac__cosmos-lac-high-heat-351-black-container,cosmos-lac,Cosmos Lac High Heat 351 Black Container,https://cosmoslac.com/wp-content/uploads/high-heat-351-black-container-175ml-v2.png,Cosmos Lac (cosmoslac.com),PLACEHOLDER,RIGHTS_NOT_CONFIRMED (izvor slika je bio Brand Kit; ova slika postoji samo na sajtu),potvrditi da se slika sa sajta sme koristiti (Brand Kit je ne sadrži) ili zatražiti dopunu Brand Kit-a,
cosmos-lac__cosmos-lac-high-heat-353-maroon-container,cosmos-lac,Cosmos Lac High Heat 353 Maroon Container,https://cosmoslac.com/wp-content/uploads/high-heat-353-maroon-container-175ml-v2.png,Cosmos Lac (cosmoslac.com),PLACEHOLDER,RIGHTS_NOT_CONFIRMED (izvor slika je bio Brand Kit; ova slika postoji samo na sajtu),potvrditi da se slika sa sajta sme koristiti (Brand Kit je ne sadrži) ili zatražiti dopunu Brand Kit-a,
cosmos-lac__cosmos-lac-ral-9003-matt-signal-white,cosmos-lac,Cosmos Lac RAL 9003 Matt Signal White,https://cosmoslac.com/wp-content/uploads/ral-9003-matt-signal-white-v2.png,Cosmos Lac (cosmoslac.com),PLACEHOLDER,RIGHTS_NOT_CONFIRMED (izvor slika je bio Brand Kit; ova slika postoji samo na sajtu),potvrditi da se slika sa sajta sme koristiti (Brand Kit je ne sadrži) ili zatražiti dopunu Brand Kit-a,
rupes__carsystem-rupes-47-105-replacement-carbon-brush,rupes,RUPES 47.105 Replacement carbon brush,,RUPES S.p.A. (rupes.com) — runtime slika potiče sa carsystem.org (Vosschemie),RUNTIME_IMAGE,RUPES_IMAGE_RIGHTS_REVIEW,potvrditi pravo prikaza Carsystem packshotova pod RUPES brendom (Carsystem/Vosschemie ili RUPES Marketing Centre),quality: SOURCE_PIPELINE_REEXPORT_CANDIDATE_UNMEASURED (usklađeno sa handoffom — vidi IMAGE_QUALITY_QUEUE)
rupes__carsystem-rupes-9-holder-bigfoot,rupes,Rupes 9. Holder BigFoot,https://www.rupes.com/product/wall-mounted-tool-holder/,RUPES S.p.A. (rupes.com) — runtime slika potiče sa carsystem.org (Vosschemie),RUNTIME_IMAGE,RUPES_IMAGE_RIGHTS_REVIEW,potvrditi pravo prikaza Carsystem packshotova pod RUPES brendom (Carsystem/Vosschemie ili RUPES Marketing Centre),quality: SOURCE_PIPELINE_REEXPORT_CANDIDATE_UNMEASURED (usklađeno sa handoffom — vidi IMAGE_QUALITY_QUEUE); galerija: 1
rupes__carsystem-rupes-angle-polishing-machine-lh76p,rupes,RUPES Angle Polishing Machine LH76P,https://www.rupes.com/product/right-angle-pneumatic-polisher-with-75mm-pad-lh76p/,RUPES S.p.A. (rupes.com) — runtime slika potiče sa carsystem.org (Vosschemie),RUNTIME_IMAGE,RUPES_IMAGE_RIGHTS_REVIEW,potvrditi pravo prikaza Carsystem packshotova pod RUPES brendom (Carsystem/Vosschemie ili RUPES Marketing Centre),quality: SOURCE_PIPELINE_REEXPORT_CANDIDATE_UNMEASURED (usklađeno sa handoffom — vidi IMAGE_QUALITY_QUEUE)
rupes__carsystem-rupes-back-pad,rupes,RUPES Back Pad,https://www.rupes.com/product/backing-pad-150mm-velcro-pad-multihole-m8-hard-h-12mm-for-er-br-rh-series-tools/,RUPES S.p.A. (rupes.com) — runtime slika potiče sa carsystem.org (Vosschemie),RUNTIME_IMAGE,RUPES_IMAGE_RIGHTS_REVIEW,potvrditi pravo prikaza Carsystem packshotova pod RUPES brendom (Carsystem/Vosschemie ili RUPES Marketing Centre),2 redova artikala; redovi bez sopstvene slike dele packshot kartice; quality: SOURCE_PIPELINE_REEXPORT_CANDIDATE_UNMEASURED (usklađeno sa handoffom — vidi IMAGE_QUALITY_QUEUE)
rupes__carsystem-rupes-carrier,rupes,RUPES Carrier,https://www.rupes.com/product/carrier-system/,RUPES S.p.A. (rupes.com) — runtime slika potiče sa carsystem.org (Vosschemie),RUNTIME_IMAGE,RUPES_IMAGE_RIGHTS_REVIEW,potvrditi pravo prikaza Carsystem packshotova pod RUPES brendom (Carsystem/Vosschemie ili RUPES Marketing Centre),quality: SOURCE_PIPELINE_REEXPORT_CANDIDATE_UNMEASURED (usklađeno sa handoffom — vidi IMAGE_QUALITY_QUEUE)
rupes__carsystem-rupes-cleaning-and-maintenance-oil,rupes,RUPES Cleaning and maintenance oil,,RUPES S.p.A. (rupes.com) — runtime slika potiče sa carsystem.org (Vosschemie),RUNTIME_IMAGE,RUPES_IMAGE_RIGHTS_REVIEW,potvrditi pravo prikaza Carsystem packshotova pod RUPES brendom (Carsystem/Vosschemie ili RUPES Marketing Centre),quality: SOURCE_PIPELINE_REEXPORT_CANDIDATE_UNMEASURED (usklađeno sa handoffom — vidi IMAGE_QUALITY_QUEUE)
rupes__carsystem-rupes-ibrid-nano,rupes,RUPES Ibrid Nano,https://www.rupes.com/product/ibrid-nano-polisher-short-neck/,RUPES S.p.A. (rupes.com) — runtime slika potiče sa carsystem.org (Vosschemie),RUNTIME_IMAGE,RUPES_IMAGE_RIGHTS_REVIEW,potvrditi pravo prikaza Carsystem packshotova pod RUPES brendom (Carsystem/Vosschemie ili RUPES Marketing Centre),10 redova artikala; redovi bez sopstvene slike dele packshot kartice; quality: SOURCE_PIPELINE_REEXPORT_CANDIDATE_UNMEASURED (usklađeno sa handoffom — vidi IMAGE_QUALITY_QUEUE); galerija: 2
rupes__carsystem-rupes-ibrid-nano-q-maq,rupes,RUPES Ibrid Nano Q-MAQ,https://www.rupes.com/product/ibrid-nano-sander-with-q-mag-magnetic-technology-q-mag/,RUPES S.p.A. (rupes.com) — runtime slika potiče sa carsystem.org (Vosschemie),RUNTIME_IMAGE,RUPES_IMAGE_RIGHTS_REVIEW,potvrditi pravo prikaza Carsystem packshotova pod RUPES brendom (Carsystem/Vosschemie ili RUPES Marketing Centre),2 redova artikala; redovi bez sopstvene slike dele packshot kartice; quality: SOURCE_PIPELINE_REEXPORT_CANDIDATE_UNMEASURED (usklađeno sa handoffom — vidi IMAGE_QUALITY_QUEUE)
rupes__carsystem-rupes-mini-polishing-machine-hlr75stb,rupes,RUPES Mini Polishing Machine HLR75STB,https://www.rupes.com/product/bigfoot-mini-ibrid-hlr75-polisher/,RUPES S.p.A. (rupes.com) — runtime slika potiče sa carsystem.org (Vosschemie),RUNTIME_IMAGE,RUPES_IMAGE_RIGHTS_REVIEW,potvrditi pravo prikaza Carsystem packshotova pod RUPES brendom (Carsystem/Vosschemie ili RUPES Marketing Centre),quality: SOURCE_PIPELINE_REEXPORT_CANDIDATE_UNMEASURED (usklađeno sa handoffom — vidi IMAGE_QUALITY_QUEUE); galerija: 1
rupes__carsystem-rupes-mini-random-orbital-sander-ld30,rupes,RUPES Mini Random Orbital Sander LD30,https://www.rupes.com/product/pneumatic-mini-sander-with-o-30mm-pad/,RUPES S.p.A. (rupes.com) — runtime slika potiče sa carsystem.org (Vosschemie),RUNTIME_IMAGE,RUPES_IMAGE_RIGHTS_REVIEW,potvrditi pravo prikaza Carsystem packshotova pod RUPES brendom (Carsystem/Vosschemie ili RUPES Marketing Centre),quality: SOURCE_PIPELINE_REEXPORT_CANDIDATE_UNMEASURED (usklađeno sa handoffom — vidi IMAGE_QUALITY_QUEUE)
rupes__carsystem-rupes-orbital-sander-re21aln,rupes,RUPES Orbital Sander RE21ALN,https://www.rupes.com/product/pneumati-orbital-palm-sander-70x198mm-velcro-pad-and-3mm-orbit-re21aln/,RUPES S.p.A. (rupes.com) — runtime slika potiče sa carsystem.org (Vosschemie),RUNTIME_IMAGE,RUPES_IMAGE_RIGHTS_REVIEW,potvrditi pravo prikaza Carsystem packshotova pod RUPES brendom (Carsystem/Vosschemie ili RUPES Marketing Centre),2 redova artikala; redovi bez sopstvene slike dele packshot kartice; quality: SOURCE_PIPELINE_REEXPORT_CANDIDATE_UNMEASURED (usklađeno sa handoffom — vidi IMAGE_QUALITY_QUEUE)
rupes__carsystem-rupes-orbital-sander-sl42aes,rupes,RUPES Orbital Sander SL42AES,https://www.rupes.com/product/orbital-sander-70x400mm-velcro-pad-orbit-5mm/,RUPES S.p.A. (rupes.com) — runtime slika potiče sa carsystem.org (Vosschemie),RUNTIME_IMAGE,RUPES_IMAGE_RIGHTS_REVIEW,potvrditi pravo prikaza Carsystem packshotova pod RUPES brendom (Carsystem/Vosschemie ili RUPES Marketing Centre),quality: SOURCE_PIPELINE_REEXPORT_CANDIDATE_UNMEASURED (usklađeno sa handoffom — vidi IMAGE_QUALITY_QUEUE)
rupes__carsystem-rupes-orbital-sander-slp41a,rupes,RUPES Orbital Sander SLP41A,https://www.rupes.com/product/pneumatic-orbital-sander-70x400mm-velcro-pad-and-5mm-orbit-slp41a/,RUPES S.p.A. (rupes.com) — runtime slika potiče sa carsystem.org (Vosschemie),RUNTIME_IMAGE,RUPES_IMAGE_RIGHTS_REVIEW,potvrditi pravo prikaza Carsystem packshotova pod RUPES brendom (Carsystem/Vosschemie ili RUPES Marketing Centre),2 redova artikala; redovi bez sopstvene slike dele packshot kartice; quality: SOURCE_PIPELINE_REEXPORT_CANDIDATE_UNMEASURED+BORDER_FRAME (usklađeno sa handoffom — vidi IMAGE_QUALITY_QUEUE)
rupes__carsystem-rupes-polish-pad,rupes,RUPES Polish Pad,https://www.rupes.com/product/high-performance-fine-finishing-foam-pad-d-a-fine/,RUPES S.p.A. (rupes.com) — runtime slika potiče sa carsystem.org (Vosschemie),RUNTIME_IMAGE,RUPES_IMAGE_RIGHTS_REVIEW,potvrditi pravo prikaza Carsystem packshotova pod RUPES brendom (Carsystem/Vosschemie ili RUPES Marketing Centre),4 redova artikala; redovi bez sopstvene slike dele packshot kartice; quality: SOURCE_PIPELINE_REEXPORT_CANDIDATE_UNMEASURED (usklađeno sa handoffom — vidi IMAGE_QUALITY_QUEUE); galerija: 2
rupes__carsystem-rupes-polishing-machine-lh19e,rupes,RUPES Polishing Machine LH19E,https://www.rupes.com/product/angle-polisher-lh19e-bigfoot/,RUPES S.p.A. (rupes.com) — runtime slika potiče sa carsystem.org (Vosschemie),RUNTIME_IMAGE,RUPES_IMAGE_RIGHTS_REVIEW,potvrditi pravo prikaza Carsystem packshotova pod RUPES brendom (Carsystem/Vosschemie ili RUPES Marketing Centre),2 redova artikala; redovi bez sopstvene slike dele packshot kartice; quality: SOURCE_PIPELINE_REEXPORT_CANDIDATE_UNMEASURED+BORDER_FRAME (usklađeno sa handoffom — vidi IMAGE_QUALITY_QUEUE)
rupes__carsystem-rupes-polishing-machine-lhr15,rupes,RUPES Polishing Machine LHR15,https://www.rupes.com/product/lhr15iii/,RUPES S.p.A. (rupes.com) — runtime slika potiče sa carsystem.org (Vosschemie),RUNTIME_IMAGE,RUPES_IMAGE_RIGHTS_REVIEW,potvrditi pravo prikaza Carsystem packshotova pod RUPES brendom (Carsystem/Vosschemie ili RUPES Marketing Centre),2 redova artikala; redovi bez sopstvene slike dele packshot kartice; quality: SOURCE_PIPELINE_REEXPORT_CANDIDATE_UNMEASURED (usklađeno sa handoffom — vidi IMAGE_QUALITY_QUEUE)
rupes__carsystem-rupes-polishing-machine-lhr75,rupes,RUPES Polishing Machine LHR75,https://www.rupes.com/product/pneumatic-mini-random-orbital-polisher-15mm-orbit-lhr75/,RUPES S.p.A. (rupes.com) — runtime slika potiče sa carsystem.org (Vosschemie),RUNTIME_IMAGE,RUPES_IMAGE_RIGHTS_REVIEW,potvrditi pravo prikaza Carsystem packshotova pod RUPES brendom (Carsystem/Vosschemie ili RUPES Marketing Centre),2 redova artikala; redovi bez sopstvene slike dele packshot kartice; quality: MEASURED_TONE_DEFECT+BORDER_FRAME+PILOT_CASE_LHR75 (usklađeno sa handoffom — vidi IMAGE_QUALITY_QUEUE)
rupes__carsystem-rupes-polishing-machine-lhr75e,rupes,RUPES Polishing Machine LHR75E,https://www.rupes.com/product/lhr75e/,RUPES S.p.A. (rupes.com) — runtime slika potiče sa carsystem.org (Vosschemie),RUNTIME_IMAGE,RUPES_IMAGE_RIGHTS_REVIEW,potvrditi pravo prikaza Carsystem packshotova pod RUPES brendom (Carsystem/Vosschemie ili RUPES Marketing Centre),quality: MEASURED_TONE_DEFECT (usklađeno sa handoffom — vidi IMAGE_QUALITY_QUEUE)
rupes__carsystem-rupes-random-orbital-sander-er,rupes,RUPES Random Orbital Sander ER,https://www.rupes.com/product/random-orbital-sander-orbit-o-150mm-velcro-pad/,RUPES S.p.A. (rupes.com) — runtime slika potiče sa carsystem.org (Vosschemie),RUNTIME_IMAGE,RUPES_IMAGE_RIGHTS_REVIEW,potvrditi pravo prikaza Carsystem packshotova pod RUPES brendom (Carsystem/Vosschemie ili RUPES Marketing Centre),2 redova artikala; redovi bez sopstvene slike dele packshot kartice; quality: SOURCE_PIPELINE_REEXPORT_CANDIDATE_UNMEASURED (usklađeno sa handoffom — vidi IMAGE_QUALITY_QUEUE)
rupes__carsystem-rupes-random-orbital-sander-ta50,rupes,RUPES Random Orbital Sander TA50,https://www.rupes.com/product/pneumatic-mini-random-orbital-sander-with-50mm-and-3mm-orbit-ta50/,RUPES S.p.A. (rupes.com) — runtime slika potiče sa carsystem.org (Vosschemie),RUNTIME_IMAGE,RUPES_IMAGE_RIGHTS_REVIEW,potvrditi pravo prikaza Carsystem packshotova pod RUPES brendom (Carsystem/Vosschemie ili RUPES Marketing Centre),2 redova artikala; redovi bez sopstvene slike dele packshot kartice; quality: SOURCE_PIPELINE_REEXPORT_CANDIDATE_UNMEASURED (usklađeno sa handoffom — vidi IMAGE_QUALITY_QUEUE)
rupes__carsystem-rupes-random-orbital-single-hand-sander-ra75,rupes,RUPES Random Orbital Single-Hand Sander RA75,https://www.rupes.com/product/pneumatic-random-orbital-palm-sander-with-75mm-velcro-pad-orbit-3mm-ra75/,RUPES S.p.A. (rupes.com) — runtime slika potiče sa carsystem.org (Vosschemie),RUNTIME_IMAGE,RUPES_IMAGE_RIGHTS_REVIEW,potvrditi pravo prikaza Carsystem packshotova pod RUPES brendom (Carsystem/Vosschemie ili RUPES Marketing Centre),2 redova artikala; redovi bez sopstvene slike dele packshot kartice
rupes__carsystem-rupes-skorpio-e-rx,rupes,RUPES Skorpio E RX,https://www.rupes.com/product/random-orbital-brushless-sander-skorpioe/,RUPES S.p.A. (rupes.com) — runtime slika potiče sa carsystem.org (Vosschemie),RUNTIME_IMAGE,RUPES_IMAGE_RIGHTS_REVIEW,potvrditi pravo prikaza Carsystem packshotova pod RUPES brendom (Carsystem/Vosschemie ili RUPES Marketing Centre),2 redova artikala; redovi bez sopstvene slike dele packshot kartice; quality: SOURCE_PIPELINE_REEXPORT_CANDIDATE_UNMEASURED+BORDER_FRAME (usklađeno sa handoffom — vidi IMAGE_QUALITY_QUEUE); galerija: 1
rupes__carsystem-rupes-skorpio-iii-rh,rupes,RUPES Skorpio III RH,https://www.rupes.com/product/random-orbital-palm-pneumatic-sander-with-150mm-pad-and-3mm-orbit-skorpioiii/,RUPES S.p.A. (rupes.com) — runtime slika potiče sa carsystem.org (Vosschemie),RUNTIME_IMAGE,RUPES_IMAGE_RIGHTS_REVIEW,potvrditi pravo prikaza Carsystem packshotova pod RUPES brendom (Carsystem/Vosschemie ili RUPES Marketing Centre),2 redova artikala; redovi bez sopstvene slike dele packshot kartice; quality: SOURCE_PIPELINE_REEXPORT_CANDIDATE_UNMEASURED (usklađeno sa handoffom — vidi IMAGE_QUALITY_QUEUE)
rupes__carsystem-rupes-vacuum-cleaner-s145,rupes,RUPES Vacuum Cleaner S145,https://www.rupes.com/product/45-liter-professional-vacuum-cleaner/,RUPES S.p.A. (rupes.com) — runtime slika potiče sa carsystem.org (Vosschemie),RUNTIME_IMAGE,RUPES_IMAGE_RIGHTS_REVIEW,potvrditi pravo prikaza Carsystem packshotova pod RUPES brendom (Carsystem/Vosschemie ili RUPES Marketing Centre),5 redova artikala; redovi bez sopstvene slike dele packshot kartice; quality: SOURCE_PIPELINE_REEXPORT_CANDIDATE_UNMEASURED+BORDER_FRAME (usklađeno sa handoffom — vidi IMAGE_QUALITY_QUEUE)
rupes__carsystem-rupes-workshop-carrier-kc28,rupes,RUPES Workshop Carrier KC28,https://www.rupes.com/product/multipurpose-trolley-for-professional-vacuum-cleaners/,RUPES S.p.A. (rupes.com) — runtime slika potiče sa carsystem.org (Vosschemie),RUNTIME_IMAGE,RUPES_IMAGE_RIGHTS_REVIEW,potvrditi pravo prikaza Carsystem packshotova pod RUPES brendom (Carsystem/Vosschemie ili RUPES Marketing Centre),2 redova artikala; redovi bez sopstvene slike dele packshot kartice; quality: SOURCE_PIPELINE_REEXPORT_CANDIDATE_UNMEASURED (usklađeno sa handoffom — vidi IMAGE_QUALITY_QUEUE)
sata__sata-1-0-l-aluminium-pressure-pot-max-pressure-10-bar-hrs,sata,"Aluminijumska posuda pod pritiskom 1,0 l (maks. 10 bar / 150 psi), komplet sa navojnim prstenom",https://www.sata.com/media/48/37/a5/1788164909/41806_MAIN.WEBP.WEBP,SATA GmbH & Co. KG (sata.com),PLACEHOLDER,RIGHTS_NOT_CONFIRMED,pisana saglasnost SATA-e ili pristup dilerskom medija-portalu; do tada placeholder,
sata__sata-adam-2,sata,SATA adam 2,https://www.sata.com/media/c4/67/99/1788164856/160689_MAIN.WEBP.WEBP,SATA GmbH & Co. KG (sata.com),PLACEHOLDER,RIGHTS_NOT_CONFIRMED,pisana saglasnost SATA-e ili pristup dilerskom medija-portalu; do tada placeholder,15 redova artikala; redovi bez sopstvene slike dele packshot kartice
sata__sata-adam-x,sata,SATA adam X,https://www.sata.com/media/bb/cf/c5/1788164806/1201996_MAIN.WEBP.WEBP,SATA GmbH & Co. KG (sata.com),PLACEHOLDER,RIGHTS_NOT_CONFIRMED,pisana saglasnost SATA-e ili pristup dilerskom medija-portalu; do tada placeholder,
sata__sata-adam-x-pro,sata,SATA adam X pro,https://www.sata.com/media/42/6e/f6/1788164805/1202001_MAIN.WEBP.WEBP,SATA GmbH & Co. KG (sata.com),PLACEHOLDER,RIGHTS_NOT_CONFIRMED,pisana saglasnost SATA-e ili pristup dilerskom medija-portalu; do tada placeholder,
sata__sata-air-cap-protector,sata,Zaštita vazdušne kape (Air cap protector),https://www.sata.com/media/c0/a0/e0/1788164905/1054006_MAIN.WEBP.WEBP,SATA GmbH & Co. KG (sata.com),PLACEHOLDER,RIGHTS_NOT_CONFIRMED,pisana saglasnost SATA-e ili pristup dilerskom medija-portalu; do tada placeholder,4 redova artikala; redovi bez sopstvene slike dele packshot kartice
sata__sata-air-cap-protector-uv,sata,Zaštita vazdušne kape UV (Air cap protector UV),https://www.sata.com/media/3e/b8/e0/1788164905/1040807_MAIN.WEBP.WEBP,SATA GmbH & Co. KG (sata.com),PLACEHOLDER,RIGHTS_NOT_CONFIRMED,pisana saglasnost SATA-e ili pristup dilerskom medija-portalu; do tada placeholder,3 redova artikala; redovi bez sopstvene slike dele packshot kartice
sata__sata-air-check-set-compressed-air-quality-control-device,sata,SATA air check set — uređaj za kontrolu kvaliteta komprimovanog vazduha,https://www.sata.com/media/7d/2a/64/1788164908/7096_MAIN.WEBP.WEBP,SATA GmbH & Co. KG (sata.com),PLACEHOLDER,RIGHTS_NOT_CONFIRMED,pisana saglasnost SATA-e ili pristup dilerskom medija-portalu; do tada placeholder,
sata__sata-air-cooler-2000-n,sata,SATA air cooler 2000 n — hladnjak vazduha,https://www.sata.com/media/28/17/92/1788164908/1143916_MAIN.WEBP.WEBP,SATA GmbH & Co. KG (sata.com),PLACEHOLDER,RIGHTS_NOT_CONFIRMED,pisana saglasnost SATA-e ili pristup dilerskom medija-portalu; do tada placeholder,
sata__sata-air-cooler-incl-adapter-plate-and-hip-pad-air-vision-5000,sata,"SATA air cooler — hladnjak vazduha, sa adapterskom pločom i jastučićem za kuk",https://www.sata.com/media/2c/86/55/1788164908/1006982_MAIN.WEBP.WEBP,SATA GmbH & Co. KG (sata.com),PLACEHOLDER,RIGHTS_NOT_CONFIRMED,pisana saglasnost SATA-e ili pristup dilerskom medija-portalu; do tada placeholder,
sata__sata-air-hose,sata,SATA crevo za vazduh,https://www.sata.com/media/2f/b2/77/1788164910/9902_MAIN.WEBP.WEBP,SATA GmbH & Co. KG (sata.com),PLACEHOLDER,RIGHTS_NOT_CONFIRMED,pisana saglasnost SATA-e ili pristup dilerskom medija-portalu; do tada placeholder,11 redova artikala; redovi bez sopstvene slike dele packshot kartice
sata__sata-air-hose-din-8541-max-20-bar,sata,"SATA crevo za vazduh na metar, DIN 8541, maks. 20 bar",https://www.sata.com/media/15/32/78/1788164910/27300_MAIN.WEBP.WEBP,SATA GmbH & Co. KG (sata.com),PLACEHOLDER,RIGHTS_NOT_CONFIRMED,pisana saglasnost SATA-e ili pristup dilerskom medija-portalu; do tada placeholder,2 redova artikala; redovi bez sopstvene slike dele packshot kartice
sata__sata-air-hose-one-connection-included-clean-rcs,sata,"SATA crevo za vazduh, sa jednim priključkom, 13 mm, plavo, 0.5 m, G 1/2"" unutrašnji navoj",https://www.sata.com/media/e3/fb/f3/1788164910/146514_MAIN.WEBP.WEBP,SATA GmbH & Co. KG (sata.com),PLACEHOLDER,RIGHTS_NOT_CONFIRMED,pisana saglasnost SATA-e ili pristup dilerskom medija-portalu; do tada placeholder,
sata__sata-air-hose-with-foam-cover,sata,"Crevo za vazduh sa penastom oblogom, za respirator, bez prigušivača, produženo za 30 cm",https://www.sata.com/media/81/9a/66/1788164909/60574_MAIN.WEBP.WEBP,SATA GmbH & Co. KG (sata.com),PLACEHOLDER,RIGHTS_NOT_CONFIRMED,pisana saglasnost SATA-e ili pristup dilerskom medija-portalu; do tada placeholder,
sata__sata-air-star-c,sata,SATA air star C,https://www.sata.com/media/5c/c3/96/1788164852/137554_MAIN.WEBP.WEBP,SATA GmbH & Co. KG (sata.com),PLACEHOLDER,RIGHTS_NOT_CONFIRMED,pisana saglasnost SATA-e ili pristup dilerskom medija-portalu; do tada placeholder,4 redova artikala; redovi bez sopstvene slike dele packshot kartice
sata__sata-air-star-f-2-0,sata,SATA air star F 2.0,https://www.sata.com/media/48/d1/97/1788164804/1173252_MAIN.WEBP.WEBP,SATA GmbH & Co. KG (sata.com),PLACEHOLDER,RIGHTS_NOT_CONFIRMED,pisana saglasnost SATA-e ili pristup dilerskom medija-portalu; do tada placeholder,
sata__sata-air-tester-atomisation-air-quick-tester,sata,SATA air tester — brzi tester vazduha za raspršivanje,https://www.sata.com/media/3e/0f/bc/1788164908/156299_MAIN.WEBP.WEBP,SATA GmbH & Co. KG (sata.com),PLACEHOLDER,RIGHTS_NOT_CONFIRMED,pisana saglasnost SATA-e ili pristup dilerskom medija-portalu; do tada placeholder,
sata__sata-air-vision-5000,sata,SATA air vision 5000,https://www.sata.com/media/e2/e8/d1/1788164851/213819_MAIN.WEBP.WEBP,SATA GmbH & Co. KG (sata.com),PLACEHOLDER,RIGHTS_NOT_CONFIRMED,pisana saglasnost SATA-e ili pristup dilerskom medija-portalu; do tada placeholder,3 redova artikala; redovi bez sopstvene slike dele packshot kartice
sata__sata-air-warmer-2000-n,sata,SATA air warmer 2000 n — grejač vazduha,https://www.sata.com/media/42/28/55/1788164908/61242_MAIN.WEBP.WEBP,SATA GmbH & Co. KG (sata.com),PLACEHOLDER,RIGHTS_NOT_CONFIRMED,pisana saglasnost SATA-e ili pristup dilerskom medija-portalu; do tada placeholder,
sata__sata-air-warmer-incl-adapter-plate-and-hip-pad-air-vision-5000,sata,"SATA air warmer — grejač vazduha, sa adapterskom pločom i jastučićem za kuk",https://www.sata.com/media/58/11/3b/1788164908/1007005_MAIN.WEBP.WEBP,SATA GmbH & Co. KG (sata.com),PLACEHOLDER,RIGHTS_NOT_CONFIRMED,pisana saglasnost SATA-e ili pristup dilerskom medija-portalu; do tada placeholder,
sata__sata-airless-paint-hose,sata,SATA airless crevo za boju,https://www.sata.com/media/93/6c/72/1788164910/19943_MAIN.WEBP.WEBP,SATA GmbH & Co. KG (sata.com),PLACEHOLDER,RIGHTS_NOT_CONFIRMED,pisana saglasnost SATA-e ili pristup dilerskom medija-portalu; do tada placeholder,3 redova artikala; redovi bez sopstvene slike dele packshot kartice
sata__sata-ball-tap-teflon,sata,"Kuglasta slavina (teflon), G 3/8"" unutrašnji navoj",https://www.sata.com/media/bd/e6/80/1788164911/7989_MAIN.WEBP.WEBP,SATA GmbH & Co. KG (sata.com),PLACEHOLDER,RIGHTS_NOT_CONFIRMED,pisana saglasnost SATA-e ili pristup dilerskom medija-portalu; do tada placeholder,
sata__sata-belt-unit-with-activated-charcoal-adsorber-and-air-vision-2000,sata,Pojasna jedinica sa adsorberom od aktivnog uglja i ventilom za regulaciju vazduha,https://www.sata.com/media/5f/ed/65/1788164892/54015_MAIN.WEBP.WEBP,SATA GmbH & Co. KG (sata.com),PLACEHOLDER,RIGHTS_NOT_CONFIRMED,pisana saglasnost SATA-e ili pristup dilerskom medija-portalu; do tada placeholder,
sata__sata-care-set-spray-gun-care-bag-containing-1-large,sata,"SATA care set spray gun care bag containing 1 large cleaning brush, 5 medium-sized cleaning brushes, 5 double-sided cleaning brushes, 12 nozzle cleaning needles, 1 tube high performance grease, silicone- and acid-free, 100 g",https://www.sata.com/media/1d/39/8e/1788164913/162628_MAIN.WEBP.WEBP,SATA GmbH & Co. KG (sata.com),PLACEHOLDER,RIGHTS_NOT_CONFIRMED,pisana saglasnost SATA-e ili pristup dilerskom medija-portalu; do tada placeholder,
sata__sata-cert-with-archive-spray-pattern-block-single-sheet,sata,"SATA cert, with archive, spray pattern block, single sheet holder and distance marker",https://www.sata.com/media/72/e2/0c/1788164914/161596_MAIN.WEBP.WEBP,SATA GmbH & Co. KG (sata.com),PLACEHOLDER,RIGHTS_NOT_CONFIRMED,pisana saglasnost SATA-e ili pristup dilerskom medija-portalu; do tada placeholder,
sata__sata-clean-rcs,sata,SATA clean RCS,https://www.sata.com/media/22/ac/44/1788164804/145581_MAIN.WEBP.WEBP,SATA GmbH & Co. KG (sata.com),PLACEHOLDER,RIGHTS_NOT_CONFIRMED,pisana saglasnost SATA-e ili pristup dilerskom medija-portalu; do tada placeholder,3 redova artikala; redovi bez sopstvene slike dele packshot kartice
sata__sata-cleaning-brush,sata,Četka za čišćenje,https://www.sata.com/media/d6/ff/2a/1788164914/18648_MAIN.WEBP.WEBP,SATA GmbH & Co. KG (sata.com),PLACEHOLDER,RIGHTS_NOT_CONFIRMED,pisana saglasnost SATA-e ili pristup dilerskom medija-portalu; do tada placeholder,4 redova artikala; redovi bez sopstvene slike dele packshot kartice
sata__sata-cleaning-brush-double-sided-for-spray-guns,sata,"Dvostrana četka za čišćenje pištolja, pakovanje 10 kom.",https://www.sata.com/media/16/ce/ce/1788164913/9209_MAIN.WEBP.WEBP,SATA GmbH & Co. KG (sata.com),PLACEHOLDER,RIGHTS_NOT_CONFIRMED,pisana saglasnost SATA-e ili pristup dilerskom medija-portalu; do tada placeholder,
sata__sata-cleaning-brush-for-spray-guns,sata,"Četka za čišćenje pištolja, pakovanje 10 kom.",https://www.sata.com/media/ca/8b/40/1788164913/6007_MAIN.WEBP.WEBP,SATA GmbH & Co. KG (sata.com),PLACEHOLDER,RIGHTS_NOT_CONFIRMED,pisana saglasnost SATA-e ili pristup dilerskom medija-portalu; do tada placeholder,
sata__sata-cleaning-brush-large-for-spray-guns,sata,"Velika četka za čišćenje pištolja, pakovanje 5 kom.",https://www.sata.com/media/e4/b5/40/1788164914/158840_MAIN.WEBP.WEBP,SATA GmbH & Co. KG (sata.com),PLACEHOLDER,RIGHTS_NOT_CONFIRMED,pisana saglasnost SATA-e ili pristup dilerskom medija-portalu; do tada placeholder,
sata__sata-cleaning-kit-with-2-cleaning-brushes-medium-and-12,sata,SATA komplet za čišćenje: 2 srednje četke i 12 igala za čišćenje dizni,https://www.sata.com/media/89/ce/1f/1788164914/64030_MAIN.WEBP.WEBP,SATA GmbH & Co. KG (sata.com),PLACEHOLDER,RIGHTS_NOT_CONFIRMED,pisana saglasnost SATA-e ili pristup dilerskom medija-portalu; do tada placeholder,
sata__sata-compressed-air-driven-hand-agitator,sata,SATA ručna mešalica na komprimovani vazduh,https://www.sata.com/media/39/19/60/1788164914/16477_MAIN.WEBP.WEBP,SATA GmbH & Co. KG (sata.com),PLACEHOLDER,RIGHTS_NOT_CONFIRMED,pisana saglasnost SATA-e ili pristup dilerskom medija-portalu; do tada placeholder,
sata__sata-conversion-kit-external-cleaning-agent-suction-and-clean-rcs,sata,Komplet za prepravku na spoljno sredstvo za čišćenje — usis i recirkulacija,https://www.sata.com/media/6b/4f/21/1788164909/189472_MAIN.WEBP.WEBP,SATA GmbH & Co. KG (sata.com),PLACEHOLDER,RIGHTS_NOT_CONFIRMED,pisana saglasnost SATA-e ili pristup dilerskom medija-portalu; do tada placeholder,
sata__sata-coupling-nipple,sata,"Nipla za spojku, pakovanje 3 kom. za SATAgraph 1 / 2 / 3 / 4",https://www.sata.com/media/45/ca/ff/1788164911/32615_MAIN.WEBP.WEBP,SATA GmbH & Co. KG (sata.com),PLACEHOLDER,RIGHTS_NOT_CONFIRMED,pisana saglasnost SATA-e ili pristup dilerskom medija-portalu; do tada placeholder,
sata__sata-coupling-with,sata,"Spojka, G 1/8"" unutrašnji navoj za SATA BVD i Spray-Master",https://www.sata.com/media/42/0a/e2/1788164912/53793_MAIN.WEBP.WEBP,SATA GmbH & Co. KG (sata.com),PLACEHOLDER,RIGHTS_NOT_CONFIRMED,pisana saglasnost SATA-e ili pristup dilerskom medija-portalu; do tada placeholder,
sata__sata-coupling-with-hose-connection,sata,Spojka sa priključkom za crevo za međucrevo od SATAminijet/DECOR do respiratora,https://www.sata.com/media/2f/d2/5a/1788164912/54858_MAIN.WEBP.WEBP,SATA GmbH & Co. KG (sata.com),PLACEHOLDER,RIGHTS_NOT_CONFIRMED,pisana saglasnost SATA-e ili pristup dilerskom medija-portalu; do tada placeholder,
sata__sata-cup-adapter-qcc-minijet-4-laminated,sata,"Adapter za čašu QCC, minijet 4, laminiran",https://www.sata.com/media/b4/24/ab/1788164908/129346_MAIN.WEBP.WEBP,SATA GmbH & Co. KG (sata.com),PLACEHOLDER,RIGHTS_NOT_CONFIRMED,pisana saglasnost SATA-e ili pristup dilerskom medija-portalu; do tada placeholder,
sata__sata-distance-marker,sata,Marker rastojanja za SATA cert,https://www.sata.com/media/17/13/c0/1788164914/161661_MAIN.WEBP.WEBP,SATA GmbH & Co. KG (sata.com),PLACEHOLDER,RIGHTS_NOT_CONFIRMED,pisana saglasnost SATA-e ili pristup dilerskom medija-portalu; do tada placeholder,
sata__sata-door-wand-steel,sata,Čelična sonda za vrata,https://www.sata.com/media/16/ff/b1/1788164909/16071_MAIN.WEBP.WEBP,SATA GmbH & Co. KG (sata.com),PLACEHOLDER,RIGHTS_NOT_CONFIRMED,pisana saglasnost SATA-e ili pristup dilerskom medija-portalu; do tada placeholder,2 redova artikala; redovi bez sopstvene slike dele packshot kartice
sata__sata-door-wand-steel-with-flexible-guideway-hose,sata,"Čelična sonda za vrata sa fleksibilnim vodećim crevom, Ø 8 mm, radna dužina 150 mm, 1000 mm, rotaciona mlaznica 360°, rotacioni mlaz i prskanje napred",https://www.sata.com/media/1e/4d/62/1788164909/196832_MAIN.WEBP.WEBP,SATA GmbH & Co. KG (sata.com),PLACEHOLDER,RIGHTS_NOT_CONFIRMED,pisana saglasnost SATA-e ili pristup dilerskom medija-portalu; do tada placeholder,
sata__sata-dosenboy-to-cut-out-can-lids-from-cans-up-to-height,sata,"SATA dosenboy, to cut out can lids from cans up to 36 cm height",https://www.sata.com/media/34/0a/75/1788164914/59675_MAIN.WEBP.WEBP,SATA GmbH & Co. KG (sata.com),PLACEHOLDER,RIGHTS_NOT_CONFIRMED,pisana saglasnost SATA-e ili pristup dilerskom medija-portalu; do tada placeholder,
sata__sata-double-pipe-suction-unit-with-quick-coupling,sata,Usisna jedinica sa dve cevi i brzom spojkom za mašinu za pranje pištolja SATA multi-clean,https://www.sata.com/media/e1/70/86/1788164912/45864_MAIN.WEBP.WEBP,SATA GmbH & Co. KG (sata.com),PLACEHOLDER,RIGHTS_NOT_CONFIRMED,pisana saglasnost SATA-e ili pristup dilerskom medija-portalu; do tada placeholder,
sata__sata-dry-jet-2,sata,SATA dry jet 2,https://www.sata.com/media/a7/2c/48/1788164854/86165_MAIN.WEBP.WEBP,SATA GmbH & Co. KG (sata.com),PLACEHOLDER,RIGHTS_NOT_CONFIRMED,pisana saglasnost SATA-e ili pristup dilerskom medija-portalu; do tada placeholder,2 redova artikala; redovi bez sopstvene slike dele packshot kartice
sata__sata-dry-jet-stativ,sata,SATA dry jet Stativ,https://www.sata.com/media/b2/c8/de/1788164854/82198_MAIN.WEBP.WEBP,SATA GmbH & Co. KG (sata.com),PLACEHOLDER,RIGHTS_NOT_CONFIRMED,pisana saglasnost SATA-e ili pristup dilerskom medija-portalu; do tada placeholder,2 redova artikala; redovi bez sopstvene slike dele packshot kartice
sata__sata-extension-with-jet-1000-b,sata,Nastavci sa mlaznicom za SATAjet 1000 B,https://www.sata.com/media/fc/83/c4/1788164906/154211_MAIN.WEBP.WEBP,SATA GmbH & Co. KG (sata.com),PLACEHOLDER,RIGHTS_NOT_CONFIRMED,pisana saglasnost SATA-e ili pristup dilerskom medija-portalu; do tada placeholder,15 redova artikala; redovi bez sopstvene slike dele packshot kartice
sata__sata-extension-with-jet-1000-k,sata,Nastavci sa mlaznicom za SATAjet 1000 K,https://www.sata.com/media/a4/ca/d2/1788164906/154435_MAIN.WEBP.WEBP,SATA GmbH & Co. KG (sata.com),PLACEHOLDER,RIGHTS_NOT_CONFIRMED,pisana saglasnost SATA-e ili pristup dilerskom medija-portalu; do tada placeholder,12 redova artikala; redovi bez sopstvene slike dele packshot kartice
sata__sata-fibre-air-hose-with-mini-quick-coupling,sata,"SATA Fibre air hose, 2.5 m long with G 1/4"" (female thread), mini quick coupling for SATAgraph 1 / 2 / 3 (jet 20 B)",https://www.sata.com/media/91/15/e8/1788164910/134791_MAIN.WEBP.WEBP,SATA GmbH & Co. KG (sata.com),PLACEHOLDER,RIGHTS_NOT_CONFIRMED,pisana saglasnost SATA-e ili pristup dilerskom medija-portalu; do tada placeholder,
sata__sata-filter-500-series,sata,SATA filter 500 series,https://www.sata.com/media/b0/c0/3c/1788164804/1099953_MAIN.WEBP.WEBP,SATA GmbH & Co. KG (sata.com),PLACEHOLDER,RIGHTS_NOT_CONFIRMED,pisana saglasnost SATA-e ili pristup dilerskom medija-portalu; do tada placeholder,7 redova artikala; redovi bez sopstvene slike dele packshot kartice
sata__sata-filter-cover,sata,SATA poklopac filtera,https://www.sata.com/media/bd/a7/d4/1788164908/215053_MAIN.WEBP.WEBP,SATA GmbH & Co. KG (sata.com),PLACEHOLDER,RIGHTS_NOT_CONFIRMED,pisana saglasnost SATA-e ili pristup dilerskom medija-portalu; do tada placeholder,2 redova artikala; redovi bez sopstvene slike dele packshot kartice
sata__sata-filter-series-100,sata,SATA filter series 100,https://www.sata.com/media/a9/56/c2/1788164852/148247_MAIN.WEBP.WEBP,SATA GmbH & Co. KG (sata.com),PLACEHOLDER,RIGHTS_NOT_CONFIRMED,pisana saglasnost SATA-e ili pristup dilerskom medija-portalu; do tada placeholder,3 redova artikala; redovi bez sopstvene slike dele packshot kartice
sata__sata-filter-series-200,sata,SATA filter series 200,https://www.sata.com/media/9d/07/69/1788164852/44404_MAIN.WEBP.WEBP,SATA GmbH & Co. KG (sata.com),PLACEHOLDER,RIGHTS_NOT_CONFIRMED,pisana saglasnost SATA-e ili pristup dilerskom medija-portalu; do tada placeholder,5 redova artikala; redovi bez sopstvene slike dele packshot kartice
sata__sata-filter-series-400,sata,SATA filter series 400,https://www.sata.com/media/5e/05/44/1788164852/92213_MAIN.WEBP.WEBP,SATA GmbH & Co. KG (sata.com),PLACEHOLDER,RIGHTS_NOT_CONFIRMED,pisana saglasnost SATA-e ili pristup dilerskom medija-portalu; do tada placeholder,12 redova artikala; redovi bez sopstvene slike dele packshot kartice
sata__sata-flexible-quick-coupling-nipple,sata,"Fleksibilna nipla za brzu spojku, G 1/4"" unutrašnji navoj",https://www.sata.com/media/e7/91/a0/1788164912/99895_MAIN.WEBP.WEBP,SATA GmbH & Co. KG (sata.com),PLACEHOLDER,RIGHTS_NOT_CONFIRMED,pisana saglasnost SATA-e ili pristup dilerskom medija-portalu; do tada placeholder,
sata__sata-foam-inlay-with-pinched-inlay-truesun,sata,Penasti uložak,https://www.sata.com/media/e9/68/e9/1788164914/1013151_MAIN.WEBP.WEBP,SATA GmbH & Co. KG (sata.com),PLACEHOLDER,RIGHTS_NOT_CONFIRMED,pisana saglasnost SATA-e ili pristup dilerskom medija-portalu; do tada placeholder,
sata__sata-free-passage-type-quick-coupling-hrs,sata,Brza spojka sa slobodnim prolazom,https://www.sata.com/media/82/96/db/1788164913/8359_MAIN.WEBP.WEBP,SATA GmbH & Co. KG (sata.com),PLACEHOLDER,RIGHTS_NOT_CONFIRMED,pisana saglasnost SATA-e ili pristup dilerskom medija-portalu; do tada placeholder,
sata__sata-gravity-gun-holder,sata,SATA držač za pištolje sa gornjom čašom,https://www.sata.com/media/07/d5/c6/1788164905/9886_MAIN.WEBP.WEBP,SATA GmbH & Co. KG (sata.com),PLACEHOLDER,RIGHTS_NOT_CONFIRMED,pisana saglasnost SATA-e ili pristup dilerskom medija-portalu; do tada placeholder,
sata__sata-ground-plate-rps-the-original,sata,Podna ploča,https://www.sata.com/media/b7/56/1d/1788164908/197723_MAIN.WEBP.WEBP,SATA GmbH & Co. KG (sata.com),PLACEHOLDER,RIGHTS_NOT_CONFIRMED,pisana saglasnost SATA-e ili pristup dilerskom medija-portalu; do tada placeholder,
sata__sata-half-mask-cleaner,sata,SATA half mask cleaner — sredstvo za čišćenje polumaske,https://www.sata.com/media/52/ab/74/1788164913/134965_MAIN.WEBP.WEBP,SATA GmbH & Co. KG (sata.com),PLACEHOLDER,RIGHTS_NOT_CONFIRMED,pisana saglasnost SATA-e ili pristup dilerskom medija-portalu; do tada placeholder,2 redova artikala; redovi bez sopstvene slike dele packshot kartice
sata__sata-high-flow-coupling-female-filter-500-series,sata,"SATA high-flow spojka, ženska, crveno, pakovanje 2 kom.",https://www.sata.com/media/0c/cb/27/1788164908/1107269_MAIN.WEBP.WEBP,SATA GmbH & Co. KG (sata.com),PLACEHOLDER,RIGHTS_NOT_CONFIRMED,pisana saglasnost SATA-e ili pristup dilerskom medija-portalu; do tada placeholder,
sata__sata-high-performance-grease-silicone-and-acid-free-100,sata,"SATA mast visokih performansi za pištolje, bez silikona i kiselina, 100 ml",https://www.sata.com/media/8c/e6/86/1788164914/48173_MAIN.WEBP.WEBP,SATA GmbH & Co. KG (sata.com),PLACEHOLDER,RIGHTS_NOT_CONFIRMED,pisana saglasnost SATA-e ili pristup dilerskom medija-portalu; do tada placeholder,
sata__sata-hku,sata,SATA HKU,https://www.sata.com/media/3a/a4/8c/1788164805/14555_MAIN.WEBP.WEBP,SATA GmbH & Co. KG (sata.com),PLACEHOLDER,RIGHTS_NOT_CONFIRMED,pisana saglasnost SATA-e ili pristup dilerskom medija-portalu; do tada placeholder,2 redova artikala; redovi bez sopstvene slike dele packshot kartice
sata__sata-hook-wand-connection-ii,sata,"Kukasta sonda, priključak II",https://www.sata.com/media/23/95/68/1788164909/54460_MAIN.WEBP.WEBP,SATA GmbH & Co. KG (sata.com),PLACEHOLDER,RIGHTS_NOT_CONFIRMED,pisana saglasnost SATA-e ili pristup dilerskom medija-portalu; do tada placeholder,
sata__sata-hose-pair-mini-set-2,sata,SATA par creva za SATA mini Set 2,https://www.sata.com/media/c3/86/16/1788164911/19869_MAIN.WEBP.WEBP,SATA GmbH & Co. KG (sata.com),PLACEHOLDER,RIGHTS_NOT_CONFIRMED,pisana saglasnost SATA-e ili pristup dilerskom medija-portalu; do tada placeholder,2 redova artikala; redovi bez sopstvene slike dele packshot kartice
sata__sata-hose-pair-vario-top-spray,sata,SATA par creva za SATA vario top spray,https://www.sata.com/media/a2/5f/e3/1788164911/77834_MAIN.WEBP.WEBP,SATA GmbH & Co. KG (sata.com),PLACEHOLDER,RIGHTS_NOT_CONFIRMED,pisana saglasnost SATA-e ili pristup dilerskom medija-portalu; do tada placeholder,9 redova artikala; redovi bez sopstvene slike dele packshot kartice
sata__sata-hrs,sata,SATA HRS,https://www.sata.com/media/67/f6/e1/1788164854/9795_MAIN.WEBP.WEBP,SATA GmbH & Co. KG (sata.com),PLACEHOLDER,RIGHTS_NOT_CONFIRMED,pisana saglasnost SATA-e ili pristup dilerskom medija-portalu; do tada placeholder,5 redova artikala; redovi bez sopstvene slike dele packshot kartice
sata__sata-hrs-e,sata,SATA HRS-E,https://www.sata.com/media/41/c5/3c/1788164853/77347_MAIN.WEBP.WEBP,SATA GmbH & Co. KG (sata.com),PLACEHOLDER,RIGHTS_NOT_CONFIRMED,pisana saglasnost SATA-e ili pristup dilerskom medija-portalu; do tada placeholder,4 redova artikala; redovi bez sopstvene slike dele packshot kartice
sata__sata-insert,sata,Uložak za držač pištolja sa držačem sita za SATAminijet,https://www.sata.com/media/24/24/76/1788164906/134932_MAIN.WEBP.WEBP,SATA GmbH & Co. KG (sata.com),PLACEHOLDER,RIGHTS_NOT_CONFIRMED,pisana saglasnost SATA-e ili pristup dilerskom medija-portalu; do tada placeholder,
sata__sata-insertion-drawer,sata,Uložna fioka za mokru posudu SATA clean,https://www.sata.com/media/51/7e/12/1788164906/67942_MAIN.WEBP.WEBP,SATA GmbH & Co. KG (sata.com),PLACEHOLDER,RIGHTS_NOT_CONFIRMED,pisana saglasnost SATA-e ili pristup dilerskom medija-portalu; do tada placeholder,
sata__sata-intermediate-piece-and-for-material-connection,sata,"Međukomad za priključak materijala, G 1/4"" unutrašnji navoj, 3/8"" spoljašnji navoj",https://www.sata.com/media/f7/ee/ff/1788164908/191551_MAIN.WEBP.WEBP,SATA GmbH & Co. KG (sata.com),PLACEHOLDER,RIGHTS_NOT_CONFIRMED,pisana saglasnost SATA-e ili pristup dilerskom medija-portalu; do tada placeholder,
sata__sata-jet-k,sata,SATA jet K,https://www.sata.com/media/ea/87/17/1788164842/1238840_MAIN.WEBP.WEBP,SATA GmbH & Co. KG (sata.com),PLACEHOLDER,RIGHTS_NOT_CONFIRMED,pisana saglasnost SATA-e ili pristup dilerskom medija-portalu; do tada placeholder,35 redova artikala; redovi bez sopstvene slike dele packshot kartice
sata__sata-jet-x,sata,SATA jet X,https://www.sata.com/media/c6/99/72/1788164823/1200013_MAIN.WEBP.WEBP,SATA GmbH & Co. KG (sata.com),PLACEHOLDER,RIGHTS_NOT_CONFIRMED,pisana saglasnost SATA-e ili pristup dilerskom medija-portalu; do tada placeholder,68 redova artikala; redovi bez sopstvene slike dele packshot kartice
sata__sata-jet-x-basecoat-edition,sata,SATA jet X basecoat Edition,https://www.sata.com/media/96/a9/39/1788164809/1267021_MAIN.WEBP.WEBP,SATA GmbH & Co. KG (sata.com),PLACEHOLDER,RIGHTS_NOT_CONFIRMED,pisana saglasnost SATA-e ili pristup dilerskom medija-portalu; do tada placeholder,17 redova artikala; redovi bez sopstvene slike dele packshot kartice
sata__sata-jet-x-by-stilbruch-edition,sata,SATA jet X by Stilbruch Edition,https://www.sata.com/media/f5/49/4d/1788164812/1266528_MAIN.WEBP.WEBP,SATA GmbH & Co. KG (sata.com),PLACEHOLDER,RIGHTS_NOT_CONFIRMED,pisana saglasnost SATA-e ili pristup dilerskom medija-portalu; do tada placeholder,17 redova artikala; redovi bez sopstvene slike dele packshot kartice
sata__sata-jet-x-clearcoat-edition,sata,SATA jet X clearcoat Edition,https://www.sata.com/media/75/da/14/1788164808/1266891_MAIN.WEBP.WEBP,SATA GmbH & Co. KG (sata.com),PLACEHOLDER,RIGHTS_NOT_CONFIRMED,pisana saglasnost SATA-e ili pristup dilerskom medija-portalu; do tada placeholder,5 redova artikala; redovi bez sopstvene slike dele packshot kartice
sata__sata-lackierpistolenkoffer,sata,SATA Kofer za pištolj za lakiranje,https://www.sata.com/media/9e/d5/54/1788164907/153288_MAIN.WEBP.WEBP,SATA GmbH & Co. KG (sata.com),PLACEHOLDER,RIGHTS_NOT_CONFIRMED,pisana saglasnost SATA-e ili pristup dilerskom medija-portalu; do tada placeholder,8 redova artikala; redovi bez sopstvene slike dele packshot kartice
sata__sata-lcs-the-liner,sata,SATA LCS - the Liner,https://www.sata.com/media/37/0e/2b/1788164848/1195818_MAIN.WEBP.WEBP,SATA GmbH & Co. KG (sata.com),PLACEHOLDER,RIGHTS_NOT_CONFIRMED,pisana saglasnost SATA-e ili pristup dilerskom medija-portalu; do tada placeholder,8 redova artikala; redovi bez sopstvene slike dele packshot kartice
sata__sata-luftmikrometer,sata,SATA Mikrometar vazduha,https://www.sata.com/media/3d/0a/c5/1788164805/27771_MAIN.WEBP.WEBP,SATA GmbH & Co. KG (sata.com),PLACEHOLDER,RIGHTS_NOT_CONFIRMED,pisana saglasnost SATA-e ili pristup dilerskom medija-portalu; do tada placeholder,3 redova artikala; redovi bez sopstvene slike dele packshot kartice
sata__sata-manometer,sata,SATA Manometar,https://www.sata.com/media/72/5a/fb/1788164805/4002_MAIN.WEBP.WEBP,SATA GmbH & Co. KG (sata.com),PLACEHOLDER,RIGHTS_NOT_CONFIRMED,pisana saglasnost SATA-e ili pristup dilerskom medija-portalu; do tada placeholder,13 redova artikala; redovi bez sopstvene slike dele packshot kartice
sata__sata-material-coupling-with-plug-in-nipple,sata,"SATA spojka za materijal sa utičnom niplom, 3/8"" spoljašnji navoj, G 3/8"" unutrašnji navoj za SATA pištolje sa dovodom pod pritiskom",https://www.sata.com/media/88/6b/9f/1788164912/91140_MAIN.WEBP.WEBP,SATA GmbH & Co. KG (sata.com),PLACEHOLDER,RIGHTS_NOT_CONFIRMED,pisana saglasnost SATA-e ili pristup dilerskom medija-portalu; do tada placeholder,
sata__sata-material-coupling-with-plug-in-nipple-and-material,sata,"SATA spojka za materijal sa utičnom niplom i sitom za materijal 60 msh, 3/8"" spoljašnji navoj, G 3/8"" unutrašnji navoj za SATA pištolje sa dovodom pod pritiskom",https://www.sata.com/media/d8/6c/fb/1788164912/91157_MAIN.WEBP.WEBP,SATA GmbH & Co. KG (sata.com),PLACEHOLDER,RIGHTS_NOT_CONFIRMED,pisana saglasnost SATA-e ili pristup dilerskom medija-portalu; do tada placeholder,
sata__sata-material-hose,sata,SATA crevo za materijal,https://www.sata.com/media/40/8e/2b/1788164910/49999_MAIN.WEBP.WEBP,SATA GmbH & Co. KG (sata.com),PLACEHOLDER,RIGHTS_NOT_CONFIRMED,pisana saglasnost SATA-e ili pristup dilerskom medija-portalu; do tada placeholder,3 redova artikala; redovi bez sopstvene slike dele packshot kartice
sata__sata-material-hose-solvent-resistant,sata,"Crevo za materijal, otporno na rastvarače, 9 x 3.5 mm, rolna 50 m",https://www.sata.com/media/66/d4/4a/1788164910/54114_MAIN.WEBP.WEBP,SATA GmbH & Co. KG (sata.com),PLACEHOLDER,RIGHTS_NOT_CONFIRMED,pisana saglasnost SATA-e ili pristup dilerskom medija-portalu; do tada placeholder,
sata__sata-material-pressure-tank-10,sata,SATA material pressure tank 10,https://www.sata.com/media/c6/9f/a5/1788164806/1182740_MAIN.WEBP.WEBP,SATA GmbH & Co. KG (sata.com),PLACEHOLDER,RIGHTS_NOT_CONFIRMED,pisana saglasnost SATA-e ili pristup dilerskom medija-portalu; do tada placeholder,6 redova artikala; redovi bez sopstvene slike dele packshot kartice
sata__sata-material-pressure-tank-22,sata,SATA material pressure tank 22,https://www.sata.com/media/a1/ae/75/1788164857/1182914_MAIN.WEBP.WEBP,SATA GmbH & Co. KG (sata.com),PLACEHOLDER,RIGHTS_NOT_CONFIRMED,pisana saglasnost SATA-e ili pristup dilerskom medija-portalu; do tada placeholder,8 redova artikala; redovi bez sopstvene slike dele packshot kartice
sata__sata-material-pressure-tank-45,sata,SATA material pressure tank 45,https://www.sata.com/media/6a/3f/37/1788164857/1182998_MAIN.WEBP.WEBP,SATA GmbH & Co. KG (sata.com),PLACEHOLDER,RIGHTS_NOT_CONFIRMED,pisana saglasnost SATA-e ili pristup dilerskom medija-portalu; do tada placeholder,8 redova artikala; redovi bez sopstvene slike dele packshot kartice
sata__sata-mini-filter,sata,"SATA mini filter, 1/4"" spoljašnji navoj",https://www.sata.com/media/29/4f/ba/1788164908/9878_MAIN.WEBP.WEBP,SATA GmbH & Co. KG (sata.com),PLACEHOLDER,RIGHTS_NOT_CONFIRMED,pisana saglasnost SATA-e ili pristup dilerskom medija-portalu; do tada placeholder,
sata__sata-mini-set-2,sata,SATA mini Set 2,https://www.sata.com/media/34/d8/3e/1788164857/56408_MAIN.WEBP.WEBP,SATA GmbH & Co. KG (sata.com),PLACEHOLDER,RIGHTS_NOT_CONFIRMED,pisana saglasnost SATA-e ili pristup dilerskom medija-portalu; do tada placeholder,5 redova artikala; redovi bez sopstvene slike dele packshot kartice
sata__sata-multi-clean-2,sata,SATA multi clean 2,https://www.sata.com/media/53/6f/7f/1788164805/38257_MAIN.WEBP.WEBP,SATA GmbH & Co. KG (sata.com),PLACEHOLDER,RIGHTS_NOT_CONFIRMED,pisana saglasnost SATA-e ili pristup dilerskom medija-portalu; do tada placeholder,
sata__sata-nipple,sata,Nipla za SATA brzu spojku,https://www.sata.com/media/cd/8e/89/1788164911/13508_MAIN.WEBP.WEBP,SATA GmbH & Co. KG (sata.com),PLACEHOLDER,RIGHTS_NOT_CONFIRMED,pisana saglasnost SATA-e ili pristup dilerskom medija-portalu; do tada placeholder,3 redova artikala; redovi bez sopstvene slike dele packshot kartice
sata__sata-nipple-with-swivel-nut,sata,Nipla sa okretnom navrtkom za spojku za materijal,https://www.sata.com/media/c7/42/53/1788164912/91108_MAIN.WEBP.WEBP,SATA GmbH & Co. KG (sata.com),PLACEHOLDER,RIGHTS_NOT_CONFIRMED,pisana saglasnost SATA-e ili pristup dilerskom medija-portalu; do tada placeholder,
sata__sata-nozzle-cleaning-kit-includes-sealing-insert-and-cap-jet-3000-k-spray-mix,sata,"SATA komplet za čišćenje dizni, sa zaptivnim uloškom i kapicom",https://www.sata.com/media/4c/5b/93/1788164914/30833_MAIN.WEBP.WEBP,SATA GmbH & Co. KG (sata.com),PLACEHOLDER,RIGHTS_NOT_CONFIRMED,pisana saglasnost SATA-e ili pristup dilerskom medija-portalu; do tada placeholder,
sata__sata-nozzle-cleaning-needles,sata,SATA igle za čišćenje dizni,https://www.sata.com/media/6a/32/3b/1788164913/9894_MAIN.WEBP.WEBP,SATA GmbH & Co. KG (sata.com),PLACEHOLDER,RIGHTS_NOT_CONFIRMED,pisana saglasnost SATA-e ili pristup dilerskom medija-portalu; do tada placeholder,2 redova artikala; redovi bez sopstvene slike dele packshot kartice
sata__sata-nozzle-cleaning-set-jet-k-1800-spray-mix,sata,SATA set za čišćenje dizni,https://www.sata.com/media/0f/09/ae/1788164914/1112854_MAIN.WEBP.WEBP,SATA GmbH & Co. KG (sata.com),PLACEHOLDER,RIGHTS_NOT_CONFIRMED,pisana saglasnost SATA-e ili pristup dilerskom medija-portalu; do tada placeholder,
sata__sata-nylon-wand-connection-ii,sata,"Najlonska sonda, priključak II, 1500 mm",https://www.sata.com/media/08/bd/92/1788164909/77941_MAIN.WEBP.WEBP,SATA GmbH & Co. KG (sata.com),PLACEHOLDER,RIGHTS_NOT_CONFIRMED,pisana saglasnost SATA-e ili pristup dilerskom medija-portalu; do tada placeholder,
sata__sata-nylon-wand-flexible,sata,Fleksibilna najlonska sonda,https://www.sata.com/media/66/ac/37/1788164909/11874_MAIN.WEBP.WEBP,SATA GmbH & Co. KG (sata.com),PLACEHOLDER,RIGHTS_NOT_CONFIRMED,pisana saglasnost SATA-e ili pristup dilerskom medija-portalu; do tada placeholder,4 redova artikala; redovi bez sopstvene slike dele packshot kartice
sata__sata-nylon-wand-flexible-1500-long-screwable-6-hole,sata,"Nylon wand, flexible 1500 long, ø 8 mm, screwable rotary nozzle, 6-hole, spraying slit 0.5 mm",https://www.sata.com/media/84/86/31/1788164909/222729_MAIN.WEBP.WEBP,SATA GmbH & Co. KG (sata.com),PLACEHOLDER,RIGHTS_NOT_CONFIRMED,pisana saglasnost SATA-e ili pristup dilerskom medija-portalu; do tada placeholder,
sata__sata-nylon-wand-semi-rigid,sata,"Polukruta najlonska sonda, Ø 6 mm, 1500 mm, rotaciona mlaznica 360°, koso prskanje napred i nazad",https://www.sata.com/media/50/85/cf/1788164909/51185_MAIN.WEBP.WEBP,SATA GmbH & Co. KG (sata.com),PLACEHOLDER,RIGHTS_NOT_CONFIRMED,pisana saglasnost SATA-e ili pristup dilerskom medija-portalu; do tada placeholder,
sata__sata-protective-sleeve,sata,Zaštitni rukavac za par creva,https://www.sata.com/media/34/43/a3/1788164911/160994_MAIN.WEBP.WEBP,SATA GmbH & Co. KG (sata.com),PLACEHOLDER,RIGHTS_NOT_CONFIRMED,pisana saglasnost SATA-e ili pristup dilerskom medija-portalu; do tada placeholder,3 redova artikala; redovi bez sopstvene slike dele packshot kartice
sata__sata-pump-spray-cleaning-bottle-not-suitable,sata,Boca sa pumpicom za čišćenje (nije za razređivač),https://www.sata.com/media/4e/a6/c5/1788164914/127860_MAIN.WEBP.WEBP,SATA GmbH & Co. KG (sata.com),PLACEHOLDER,RIGHTS_NOT_CONFIRMED,pisana saglasnost SATA-e ili pristup dilerskom medija-portalu; do tada placeholder,
sata__sata-pvc-air-hose-with-mini-quick-coupling-nipple-with-minijet-4400-b,sata,"SATA PVC crevo za vazduh sa mini brzom spojkom i niplama, 2 m, G 1/4"" unutrašnji navoj",https://www.sata.com/media/56/1f/84/1788164910/54353_MAIN.WEBP.WEBP,SATA GmbH & Co. KG (sata.com),PLACEHOLDER,RIGHTS_NOT_CONFIRMED,pisana saglasnost SATA-e ili pristup dilerskom medija-portalu; do tada placeholder,
sata__sata-pvc-compressed-air-hose-with-mini-quick-coupling-jet-20-b,sata,"SATA PVC crevo za komprimovani vazduh sa mini brzom spojkom i niplom, providno, 3 m, G 1/4"" unutrašnji navoj",https://www.sata.com/media/d7/19/ee/1788164910/32987_MAIN.WEBP.WEBP,SATA GmbH & Co. KG (sata.com),PLACEHOLDER,RIGHTS_NOT_CONFIRMED,pisana saglasnost SATA-e ili pristup dilerskom medija-portalu; do tada placeholder,
sata__sata-qmr-quick-material-regulator,sata,SATA QMR (Quick Material Regulator),https://www.sata.com/media/1e/c7/26/1788164905/1162817_MAIN.WEBP.WEBP,SATA GmbH & Co. KG (sata.com),PLACEHOLDER,RIGHTS_NOT_CONFIRMED,pisana saglasnost SATA-e ili pristup dilerskom medija-portalu; do tada placeholder,5 redova artikala; redovi bez sopstvene slike dele packshot kartice
sata__sata-quick-coupling,sata,SATA brza spojka,https://www.sata.com/media/55/4b/92/1788164913/13581_MAIN.WEBP.WEBP,SATA GmbH & Co. KG (sata.com),PLACEHOLDER,RIGHTS_NOT_CONFIRMED,pisana saglasnost SATA-e ili pristup dilerskom medija-portalu; do tada placeholder,6 redova artikala; redovi bez sopstvene slike dele packshot kartice
sata__sata-quick-coupling-nipple,sata,SATA nipla za brzu spojku,https://www.sata.com/media/b0/e5/56/1788164912/6981_MAIN.WEBP.WEBP,SATA GmbH & Co. KG (sata.com),PLACEHOLDER,RIGHTS_NOT_CONFIRMED,pisana saglasnost SATA-e ili pristup dilerskom medija-portalu; do tada placeholder,2 redova artikala; redovi bez sopstvene slike dele packshot kartice
sata__sata-quick-coupling-with-hose-olive,sata,SATA brza spojka sa priključkom za crevo,https://www.sata.com/media/a4/d8/32/1788164913/13631_MAIN.WEBP.WEBP,SATA GmbH & Co. KG (sata.com),PLACEHOLDER,RIGHTS_NOT_CONFIRMED,pisana saglasnost SATA-e ili pristup dilerskom medija-portalu; do tada placeholder,2 redova artikala; redovi bez sopstvene slike dele packshot kartice
sata__sata-reusable-aluminium-flow-cup,sata,SATA Reusable aluminium flow cup,https://www.sata.com/media/68/52/45/1788164849/6601_MAIN.WEBP.WEBP,SATA GmbH & Co. KG (sata.com),PLACEHOLDER,RIGHTS_NOT_CONFIRMED,pisana saglasnost SATA-e ili pristup dilerskom medija-portalu; do tada placeholder,8 redova artikala; redovi bez sopstvene slike dele packshot kartice
sata__sata-reusable-aluminium-hanging-cups,sata,SATA Reusable aluminium hanging cups,https://www.sata.com/media/45/ef/7b/1788164803/2691_MAIN.WEBP.WEBP,SATA GmbH & Co. KG (sata.com),PLACEHOLDER,RIGHTS_NOT_CONFIRMED,pisana saglasnost SATA-e ili pristup dilerskom medija-portalu; do tada placeholder,2 redova artikala; redovi bez sopstvene slike dele packshot kartice
sata__sata-reusable-plastic-flow-cup,sata,SATA Reusable plastic flow cup,https://www.sata.com/media/cc/a9/58/1788164849/7591_MAIN.WEBP.WEBP,SATA GmbH & Co. KG (sata.com),PLACEHOLDER,RIGHTS_NOT_CONFIRMED,pisana saglasnost SATA-e ili pristup dilerskom medija-portalu; do tada placeholder,13 redova artikala; redovi bez sopstvene slike dele packshot kartice
sata__sata-reusable-plastic-hanging-cups,sata,SATA Reusable plastic hanging cups,https://www.sata.com/media/41/3e/0d/1788164803/21444_MAIN.WEBP.WEBP,SATA GmbH & Co. KG (sata.com),PLACEHOLDER,RIGHTS_NOT_CONFIRMED,pisana saglasnost SATA-e ili pristup dilerskom medija-portalu; do tada placeholder,
sata__sata-rps-adapter-with-qcc-and-connection,sata,RPS adapter sa QCC priključkom,https://www.sata.com/media/47/c5/32/1788164907/125211_MAIN.WEBP.WEBP,SATA GmbH & Co. KG (sata.com),PLACEHOLDER,RIGHTS_NOT_CONFIRMED,pisana saglasnost SATA-e ili pristup dilerskom medija-portalu; do tada placeholder,18 redova artikala; redovi bez sopstvene slike dele packshot kartice
sata__sata-rps-depot-to-store-rps-boxes-rps-the-original,sata,SATA RPS depot — za odlaganje RPS kutija,https://www.sata.com/media/97/dd/4c/1788164908/144840_MAIN.WEBP.WEBP,SATA GmbH & Co. KG (sata.com),PLACEHOLDER,RIGHTS_NOT_CONFIRMED,pisana saglasnost SATA-e ili pristup dilerskom medija-portalu; do tada placeholder,
sata__sata-rps-the-original,sata,SATA RPS - the Original,https://www.sata.com/media/ae/17/3a/1788164847/1202043_MAIN.WEBP.WEBP,SATA GmbH & Co. KG (sata.com),PLACEHOLDER,RIGHTS_NOT_CONFIRMED,pisana saglasnost SATA-e ili pristup dilerskom medija-portalu; do tada placeholder,10 redova artikala; redovi bez sopstvene slike dele packshot kartice
sata__sata-safety-compressed-air-supply-hose,sata,SATA sigurnosno crevo za dovod komprimovanog vazduha za SATA sisteme za zaštitu disanja,https://www.sata.com/media/c4/19/e5/1788164909/49080_MAIN.WEBP.WEBP,SATA GmbH & Co. KG (sata.com),PLACEHOLDER,RIGHTS_NOT_CONFIRMED,pisana saglasnost SATA-e ili pristup dilerskom medija-portalu; do tada placeholder,3 redova artikala; redovi bez sopstvene slike dele packshot kartice
sata__sata-sataclean-wet-holding-tray,sata,SATAclean mokra posuda za odlaganje 3 pištolja,https://www.sata.com/media/a2/fe/9e/1788164905/60095_MAIN.WEBP.WEBP,SATA GmbH & Co. KG (sata.com),PLACEHOLDER,RIGHTS_NOT_CONFIRMED,pisana saglasnost SATA-e ili pristup dilerskom medija-portalu; do tada placeholder,
sata__sata-set-of-plug-in-nipples-complete-vision-2000,sata,Komplet utičnih nipli,https://www.sata.com/media/0b/ed/b3/1788164912/21840_MAIN.WEBP.WEBP,SATA GmbH & Co. KG (sata.com),PLACEHOLDER,RIGHTS_NOT_CONFIRMED,pisana saglasnost SATA-e ili pristup dilerskom medija-portalu; do tada placeholder,
sata__sata-sge-air-hose,sata,"SGE crevo za vazduh, 9 mm unutrašnji prečnik, 10 m",https://www.sata.com/media/fe/03/a9/1788164910/27722_MAIN.WEBP.WEBP,SATA GmbH & Co. KG (sata.com),PLACEHOLDER,RIGHTS_NOT_CONFIRMED,pisana saglasnost SATA-e ili pristup dilerskom medija-portalu; do tada placeholder,
sata__sata-sge-paint-hose-with-ascension-pipe,sata,"SGE crevo za boju sa usponskom cevi, 6 mm unutrašnji prečnik, 5 m",https://www.sata.com/media/63/6e/26/1788164910/27730_MAIN.WEBP.WEBP,SATA GmbH & Co. KG (sata.com),PLACEHOLDER,RIGHTS_NOT_CONFIRMED,pisana saglasnost SATA-e ili pristup dilerskom medija-portalu; do tada placeholder,
sata__sata-shaker-ring-rps-the-original,sata,Prsten za mućkanje (Shaker ring),https://www.sata.com/media/db/3f/84/1788164908/173435_MAIN.WEBP.WEBP,SATA GmbH & Co. KG (sata.com),PLACEHOLDER,RIGHTS_NOT_CONFIRMED,pisana saglasnost SATA-e ili pristup dilerskom medija-portalu; do tada placeholder,2 redova artikala; redovi bez sopstvene slike dele packshot kartice
sata__sata-spray-bottle-1-0-l,sata,"Boca sa raspršivačem 1,0 l",https://www.sata.com/media/25/04/dd/1788164914/127852_MAIN.WEBP.WEBP,SATA GmbH & Co. KG (sata.com),PLACEHOLDER,RIGHTS_NOT_CONFIRMED,pisana saglasnost SATA-e ili pristup dilerskom medija-portalu; do tada placeholder,
sata__sata-spray-gun-adapter-with-qcc-and-connection-thread,sata,"Spray gun adapter No. 9 with QCC and connection thread G 3/8"" male thread -18 NPSF",https://www.sata.com/media/1d/ed/e9/1788164907/135111_MAIN.WEBP.WEBP,SATA GmbH & Co. KG (sata.com),PLACEHOLDER,RIGHTS_NOT_CONFIRMED,pisana saglasnost SATA-e ili pristup dilerskom medija-portalu; do tada placeholder,
sata__sata-spray-gun-holder,sata,SATA držač pištolja,https://www.sata.com/media/4a/08/d3/1788164905/40188_MAIN.WEBP.WEBP,SATA GmbH & Co. KG (sata.com),PLACEHOLDER,RIGHTS_NOT_CONFIRMED,pisana saglasnost SATA-e ili pristup dilerskom medija-portalu; do tada placeholder,2 redova artikala; redovi bez sopstvene slike dele packshot kartice
sata__sata-spray-gun-holder-with-strainer-holder,sata,Držač pištolja sa držačem sita,https://www.sata.com/media/3e/43/36/1788164906/134882_MAIN.WEBP.WEBP,SATA GmbH & Co. KG (sata.com),PLACEHOLDER,RIGHTS_NOT_CONFIRMED,pisana saglasnost SATA-e ili pristup dilerskom medija-portalu; do tada placeholder,
sata__sata-spray-master-rp,sata,SATA spray master RP,https://www.sata.com/media/fa/48/7b/1788164801/72900_MAIN.WEBP.WEBP,SATA GmbH & Co. KG (sata.com),PLACEHOLDER,RIGHTS_NOT_CONFIRMED,pisana saglasnost SATA-e ili pristup dilerskom medija-portalu; do tada placeholder,3 redova artikala; redovi bez sopstvene slike dele packshot kartice
sata__sata-spray-mix-hose-pair,sata,SATA spray mix par creva,https://www.sata.com/media/13/d4/a8/1788164911/19984_MAIN.WEBP.WEBP,SATA GmbH & Co. KG (sata.com),PLACEHOLDER,RIGHTS_NOT_CONFIRMED,pisana saglasnost SATA-e ili pristup dilerskom medija-portalu; do tada placeholder,3 redova artikala; redovi bez sopstvene slike dele packshot kartice
sata__sata-spray-mix-hose-pair-material-connection-air,sata,SATA spray mix par creva (priključak materijala M16 + priključak vazduha),https://www.sata.com/media/74/da/da/1788164911/1006081_MAIN.WEBP.WEBP,SATA GmbH & Co. KG (sata.com),PLACEHOLDER,RIGHTS_NOT_CONFIRMED,pisana saglasnost SATA-e ili pristup dilerskom medija-portalu; do tada placeholder,3 redova artikala; redovi bez sopstvene slike dele packshot kartice
sata__sata-spray-pattern-blocks-with-25-sheets,sata,"Blokovi za probni otisak mlaza, 25 listova, pakovanje 2 kom. za SATA cert",https://www.sata.com/media/82/fc/b6/1788164914/161646_MAIN.WEBP.WEBP,SATA GmbH & Co. KG (sata.com),PLACEHOLDER,RIGHTS_NOT_CONFIRMED,pisana saglasnost SATA-e ili pristup dilerskom medija-portalu; do tada placeholder,
sata__sata-storage-case-sata-truesun-incl-foam-inlay-truesun,sata,"Kofer za SATA trueSun, sa penastim uloškom",https://www.sata.com/media/df/0c/d2/1788164914/1013094_MAIN.WEBP.WEBP,SATA GmbH & Co. KG (sata.com),PLACEHOLDER,RIGHTS_NOT_CONFIRMED,pisana saglasnost SATA-e ili pristup dilerskom medija-portalu; do tada placeholder,
sata__sata-suction-hose-cpl-vario-top-spray,sata,"Usisno crevo, komplet",https://www.sata.com/media/d9/1a/a9/1788164910/45047_MAIN.WEBP.WEBP,SATA GmbH & Co. KG (sata.com),PLACEHOLDER,RIGHTS_NOT_CONFIRMED,pisana saglasnost SATA-e ili pristup dilerskom medija-portalu; do tada placeholder,2 redova artikala; redovi bez sopstvene slike dele packshot kartice
sata__sata-suit-basic,sata,SATA suit Basic,https://www.sata.com/media/1b/76/db/1788164855/1196163_MAIN.WEBP.WEBP,SATA GmbH & Co. KG (sata.com),PLACEHOLDER,RIGHTS_NOT_CONFIRMED,pisana saglasnost SATA-e ili pristup dilerskom medija-portalu; do tada placeholder,5 redova artikala; redovi bez sopstvene slike dele packshot kartice
sata__sata-suit-race,sata,SATA suit race,https://www.sata.com/media/88/3c/e9/1788164855/184267_MAIN.WEBP.WEBP,SATA GmbH & Co. KG (sata.com),PLACEHOLDER,RIGHTS_NOT_CONFIRMED,pisana saglasnost SATA-e ili pristup dilerskom medija-portalu; do tada placeholder,5 redova artikala; redovi bez sopstvene slike dele packshot kartice
sata__sata-suit-race-ladies,sata,SATA suit race ladies,https://www.sata.com/media/0e/7a/6e/1788164855/1154020_MAIN.WEBP.WEBP,SATA GmbH & Co. KG (sata.com),PLACEHOLDER,RIGHTS_NOT_CONFIRMED,pisana saglasnost SATA-e ili pristup dilerskom medija-portalu; do tada placeholder,5 redova artikala; redovi bez sopstvene slike dele packshot kartice
sata__sata-suit-standard-men,sata,SATA suit Standard Men,https://www.sata.com/media/13/f8/32/1788164854/1202522_MAIN.WEBP.WEBP,SATA GmbH & Co. KG (sata.com),PLACEHOLDER,RIGHTS_NOT_CONFIRMED,pisana saglasnost SATA-e ili pristup dilerskom medija-portalu; do tada placeholder,10 redova artikala; redovi bez sopstvene slike dele packshot kartice
sata__sata-threaded-nipple-galvanised-vario-top-spray,sata,"Navojna nipla, pocinkovana, 1/2"" spoljašnji navoj",https://www.sata.com/media/cf/4a/00/1788164911/41384_MAIN.WEBP.WEBP,SATA GmbH & Co. KG (sata.com),PLACEHOLDER,RIGHTS_NOT_CONFIRMED,pisana saglasnost SATA-e ili pristup dilerskom medija-portalu; do tada placeholder,
sata__sata-triple-spray-gun-holder,sata,Trostruki držač pištolja za zidnu montažu,https://www.sata.com/media/37/f5/7d/1788164906/134916_MAIN.WEBP.WEBP,SATA GmbH & Co. KG (sata.com),PLACEHOLDER,RIGHTS_NOT_CONFIRMED,pisana saglasnost SATA-e ili pristup dilerskom medija-portalu; do tada placeholder,
sata__sata-trolley-cpl-vario-top-spray,sata,"Kolica, komplet",https://www.sata.com/media/92/3a/9c/1788164909/17483_MAIN.WEBP.WEBP,SATA GmbH & Co. KG (sata.com),PLACEHOLDER,RIGHTS_NOT_CONFIRMED,pisana saglasnost SATA-e ili pristup dilerskom medija-portalu; do tada placeholder,
sata__sata-truesun,sata,SATA trueSun,https://www.sata.com/media/cf/53/ec/1788164805/1006411_MAIN.WEBP.WEBP,SATA GmbH & Co. KG (sata.com),PLACEHOLDER,RIGHTS_NOT_CONFIRMED,pisana saglasnost SATA-e ili pristup dilerskom medija-portalu; do tada placeholder,
sata__sata-turbo-blow-with-quick-coupling-nipple-blow-gun,sata,"SATA turbo blow — pištolj za izduvavanje, sa niplom za brzu spojku",https://www.sata.com/media/13/4f/64/1788164854/133306_MAIN.WEBP.WEBP,SATA GmbH & Co. KG (sata.com),PLACEHOLDER,RIGHTS_NOT_CONFIRMED,pisana saglasnost SATA-e ili pristup dilerskom medija-portalu; do tada placeholder,
sata__sata-universal-spray-gun-and-hose-holder,sata,SATA univerzalni držač pištolja i creva za sve SATA pištolje,https://www.sata.com/media/26/80/d9/1788164905/192195_MAIN.WEBP.WEBP,SATA GmbH & Co. KG (sata.com),PLACEHOLDER,RIGHTS_NOT_CONFIRMED,pisana saglasnost SATA-e ili pristup dilerskom medija-portalu; do tada placeholder,
sata__sata-universal-spray-gun-holder-foldable-magnetic,sata,"SATA univerzalni držač pištolja, sklopivi, magnetni",https://www.sata.com/media/bf/21/b3/1788164906/1103522_MAIN.WEBP.WEBP,SATA GmbH & Co. KG (sata.com),PLACEHOLDER,RIGHTS_NOT_CONFIRMED,pisana saglasnost SATA-e ili pristup dilerskom medija-portalu; do tada placeholder,
sata__sata-vario-top-spray,sata,SATA vario top spray,https://www.sata.com/media/8b/2d/43/1788164854/61507_MAIN.WEBP.WEBP,SATA GmbH & Co. KG (sata.com),PLACEHOLDER,RIGHTS_NOT_CONFIRMED,pisana saglasnost SATA-e ili pristup dilerskom medija-portalu; do tada placeholder,12 redova artikala; redovi bez sopstvene slike dele packshot kartice
sata__sata-vario-top-spray-f-double-diaphragm-pump-1-1-mobile-vario-top-spray,sata,"SATA vario top spray F, double diaphragm pump 1:1, mobile, with material fine pressure regulator, suction tube + 2. gun connection, without spray gun and hoses",https://www.sata.com/media/4f/b0/5e/1788164854/63974_MAIN.WEBP.WEBP,SATA GmbH & Co. KG (sata.com),PLACEHOLDER,RIGHTS_NOT_CONFIRMED,pisana saglasnost SATA-e ili pristup dilerskom medija-portalu; do tada placeholder,
sata__sata-venturi-hook-wand-with-flexible-guide-hose-venturi,sata,"Venturi kukasta sonda sa fleksibilnim vodećim crevom, za šupljine i površine",https://www.sata.com/media/06/53/15/1788164909/11866_MAIN.WEBP.WEBP,SATA GmbH & Co. KG (sata.com),PLACEHOLDER,RIGHTS_NOT_CONFIRMED,pisana saglasnost SATA-e ili pristup dilerskom medija-portalu; do tada placeholder,2 redova artikala; redovi bez sopstvene slike dele packshot kartice
sata__sata-viscosity-cup,sata,SATA čaša za merenje viskoziteta,https://www.sata.com/media/51/73/f8/1788164914/9845_MAIN.WEBP.WEBP,SATA GmbH & Co. KG (sata.com),PLACEHOLDER,RIGHTS_NOT_CONFIRMED,pisana saglasnost SATA-e ili pristup dilerskom medija-portalu; do tada placeholder,2 redova artikala; redovi bez sopstvene slike dele packshot kartice
sata__sata-vision-2000,sata,SATA vision 2000,https://www.sata.com/media/f8/37/9f/1788164851/52712_MAIN.WEBP.WEBP,SATA GmbH & Co. KG (sata.com),PLACEHOLDER,RIGHTS_NOT_CONFIRMED,pisana saglasnost SATA-e ili pristup dilerskom medija-portalu; do tada placeholder,4 redova artikala; redovi bez sopstvene slike dele packshot kartice
sata__sata-wet-dry-cleaner,sata,SATA wet & dry cleaner,https://www.sata.com/media/fa/57/1a/1788164914/75358_MAIN.WEBP.WEBP,SATA GmbH & Co. KG (sata.com),PLACEHOLDER,RIGHTS_NOT_CONFIRMED,pisana saglasnost SATA-e ili pristup dilerskom medija-portalu; do tada placeholder,2 redova artikala; redovi bez sopstvene slike dele packshot kartice
sata__satagraph-4,sata,SATAgraph 4,https://www.sata.com/media/16/66/ec/1788164802/227629_MAIN.WEBP.WEBP,SATA GmbH & Co. KG (sata.com),PLACEHOLDER,RIGHTS_NOT_CONFIRMED,pisana saglasnost SATA-e ili pristup dilerskom medija-portalu; do tada placeholder,3 redova artikala; redovi bez sopstvene slike dele packshot kartice
sata__satajet-100-b,sata,SATAjet 100 B,https://www.sata.com/media/09/13/4f/1788164837/145185_MAIN.WEBP.WEBP,SATA GmbH & Co. KG (sata.com),PLACEHOLDER,RIGHTS_NOT_CONFIRMED,pisana saglasnost SATA-e ili pristup dilerskom medija-portalu; do tada placeholder,34 redova artikala; redovi bez sopstvene slike dele packshot kartice
sata__satajet-1000-b,sata,SATAjet 1000 B,https://www.sata.com/media/94/44/da/1788164800/149302_MAIN.WEBP.WEBP,SATA GmbH & Co. KG (sata.com),PLACEHOLDER,RIGHTS_NOT_CONFIRMED,pisana saglasnost SATA-e ili pristup dilerskom medija-portalu; do tada placeholder,52 redova artikala; redovi bez sopstvene slike dele packshot kartice
sata__satajet-1000-b-lignum-3,sata,SATAjet 1000 B Lignum 3,https://www.sata.com/media/f8/78/d8/1788164835/1107772_MAIN.WEBP.WEBP,SATA GmbH & Co. KG (sata.com),PLACEHOLDER,RIGHTS_NOT_CONFIRMED,pisana saglasnost SATA-e ili pristup dilerskom medija-portalu; do tada placeholder,8 redova artikala; redovi bez sopstvene slike dele packshot kartice
sata__satajet-1000-h,sata,SATAjet 1000 H,https://www.sata.com/media/e1/a2/28/1788164841/151266_MAIN.WEBP.WEBP,SATA GmbH & Co. KG (sata.com),PLACEHOLDER,RIGHTS_NOT_CONFIRMED,pisana saglasnost SATA-e ili pristup dilerskom medija-portalu; do tada placeholder,4 redova artikala; redovi bez sopstvene slike dele packshot kartice
sata__satajet-1000-k,sata,SATAjet 1000 K,https://www.sata.com/media/2c/65/d5/1788164840/132092_MAIN.WEBP.WEBP,SATA GmbH & Co. KG (sata.com),PLACEHOLDER,RIGHTS_NOT_CONFIRMED,pisana saglasnost SATA-e ili pristup dilerskom medija-portalu; do tada placeholder,34 redova artikala; redovi bez sopstvene slike dele packshot kartice
sata__satajet-1000-kk,sata,SATAjet 1000 KK,https://www.sata.com/media/93/fb/c6/1788164801/153700_MAIN.WEBP.WEBP,SATA GmbH & Co. KG (sata.com),PLACEHOLDER,RIGHTS_NOT_CONFIRMED,pisana saglasnost SATA-e ili pristup dilerskom medija-portalu; do tada placeholder,
sata__satajet-20-b,sata,SATAjet 20 B,https://www.sata.com/media/1c/00/7c/1788164837/65078_MAIN.WEBP.WEBP,SATA GmbH & Co. KG (sata.com),PLACEHOLDER,RIGHTS_NOT_CONFIRMED,pisana saglasnost SATA-e ili pristup dilerskom medija-portalu; do tada placeholder,12 redova artikala; redovi bez sopstvene slike dele packshot kartice
sata__satajet-3000-k,sata,SATAjet 3000 K,https://www.sata.com/media/d7/f7/a9/1788164839/92924_MAIN.WEBP.WEBP,SATA GmbH & Co. KG (sata.com),PLACEHOLDER,RIGHTS_NOT_CONFIRMED,pisana saglasnost SATA-e ili pristup dilerskom medija-portalu; do tada placeholder,16 redova artikala; redovi bez sopstvene slike dele packshot kartice
sata__satajet-3000-k-spray-mix,sata,SATAjet 3000 K spray mix,https://www.sata.com/media/96/40/1f/1788164801/120006_MAIN.WEBP.WEBP,SATA GmbH & Co. KG (sata.com),PLACEHOLDER,RIGHTS_NOT_CONFIRMED,pisana saglasnost SATA-e ili pristup dilerskom medija-portalu; do tada placeholder,2 redova artikala; redovi bez sopstvene slike dele packshot kartice
sata__satajet-5000-b,sata,SATAjet 5000 B,https://www.sata.com/media/e9/01/cf/1788164832/209775_MAIN.WEBP.WEBP,SATA GmbH & Co. KG (sata.com),PLACEHOLDER,RIGHTS_NOT_CONFIRMED,pisana saglasnost SATA-e ili pristup dilerskom medija-portalu; do tada placeholder,20 redova artikala; redovi bez sopstvene slike dele packshot kartice
sata__satajet-h,sata,SATAjet H,https://www.sata.com/media/0b/24/4a/1788164802/23721_MAIN.WEBP.WEBP,SATA GmbH & Co. KG (sata.com),PLACEHOLDER,RIGHTS_NOT_CONFIRMED,pisana saglasnost SATA-e ili pristup dilerskom medija-portalu; do tada placeholder,3 redova artikala; redovi bez sopstvene slike dele packshot kartice
sata__satajet-k-1800-spray-mix,sata,SATAjet K 1800 spray mix,https://www.sata.com/media/06/06/c3/1788164801/1068023_MAIN.WEBP.WEBP,SATA GmbH & Co. KG (sata.com),PLACEHOLDER,RIGHTS_NOT_CONFIRMED,pisana saglasnost SATA-e ili pristup dilerskom medija-portalu; do tada placeholder,3 redova artikala; redovi bez sopstvene slike dele packshot kartice
sata__satajet-x-5500,sata,SATAjet X 5500,https://www.sata.com/media/8e/1c/d5/1788164830/1061548_MAIN.WEBP.WEBP,SATA GmbH & Co. KG (sata.com),PLACEHOLDER,RIGHTS_NOT_CONFIRMED,pisana saglasnost SATA-e ili pristup dilerskom medija-portalu; do tada placeholder,44 redova artikala; redovi bez sopstvene slike dele packshot kartice
sata__satajet-x-5500-clear-coat-edition,sata,SATAjet X 5500 Clear Coat Edition,https://www.sata.com/media/aa/87/44/1788164799/1174573_MAIN.WEBP.WEBP,SATA GmbH & Co. KG (sata.com),PLACEHOLDER,RIGHTS_NOT_CONFIRMED,pisana saglasnost SATA-e ili pristup dilerskom medija-portalu; do tada placeholder,2 redova artikala; redovi bez sopstvene slike dele packshot kartice
sata__satajet-x-5500-phaser,sata,SATAjet X 5500 PHASER,https://www.sata.com/media/d3/f2/67/1788164827/1096066_MAIN.WEBP.WEBP,SATA GmbH & Co. KG (sata.com),PLACEHOLDER,RIGHTS_NOT_CONFIRMED,pisana saglasnost SATA-e ili pristup dilerskom medija-portalu; do tada placeholder,12 redova artikala; redovi bez sopstvene slike dele packshot kartice
sata__sataminijet-1000-k,sata,SATAminijet 1000 K,https://www.sata.com/media/1e/5b/96/1788164841/187450_MAIN.WEBP.WEBP,SATA GmbH & Co. KG (sata.com),PLACEHOLDER,RIGHTS_NOT_CONFIRMED,pisana saglasnost SATA-e ili pristup dilerskom medija-portalu; do tada placeholder,11 redova artikala; redovi bez sopstvene slike dele packshot kartice
sata__sataminijet-4400-b,sata,SATAminijet 4400 B,https://www.sata.com/media/b9/f3/4e/1788164838/197970_MAIN.WEBP.WEBP,SATA GmbH & Co. KG (sata.com),PLACEHOLDER,RIGHTS_NOT_CONFIRMED,pisana saglasnost SATA-e ili pristup dilerskom medija-portalu; do tada placeholder,33 redova artikala; redovi bez sopstvene slike dele packshot kartice
