batch,pilot_order,priority,brand,product_name,public_code,manufacturer_code,article_number,package,variant,image_scope,members_sharing_identity,what_image_is_needed,why_image_is_needed,suggested_filename,target_path,image_id,slug,notes,pilot_reason,owner_has_product
OWNER_BATCH_01,1,P2,carsystem,Carsystem P23 brusni diskovi,,,,Granulacije na upit,,CARD,1,"PACKSHOT PROIZVODA: Proizvod u pakovanju koje firma stvarno prodaje, spreda, etiketa čitljiva. Katalog pakovanje vodi kao „na upit”: fotografija NE menja taj podatak — pakovanje se upisuje samo iz izvora proizvođača.","Ručno unet proizvod iz programa firme, bez slike i bez zvaničnog izvora slike.",carsystem__carsystem-p23-brusni-diskovi.webp,/products/carsystem/supplied/carsystem__carsystem-p23-brusni-diskovi.webp,carsystem__carsystem-p23-brusni-diskovi,carsystem-p23-brusni-diskovi,,Carsystem: ručni zapis na placeholderu (handoff ga vodi kao placeholder) — najjednostavniji tip: 1 kartica = 1 slika.,
OWNER_BATCH_01,2,P2,carsystem,Carsystem Soft Plus git,,,,1.8 kg,,CARD,1,"PACKSHOT PROIZVODA: Proizvod u pakovanju 1.8 kg, spreda, etiketa čitljiva.","Ručno unet proizvod iz programa firme, bez slike i bez zvaničnog izvora slike.",carsystem__carsystem-soft-plus-git.webp,/products/carsystem/supplied/carsystem__carsystem-soft-plus-git.webp,carsystem__carsystem-soft-plus-git,carsystem-soft-plus-git,galerija: 2,"Carsystem: ručni zapis sa poznatim pakovanjem (1.8 kg); kartica već ima galeriju, pa test pokriva i odnos packshot ↔ galerija.",
OWNER_BATCH_01,3,P2,carfit,Car Fit maskirna folija 4 x 150 m,,,,4 x 150 m,,CARD,1,"PACKSHOT PROIZVODA: Proizvod u pakovanju 4 x 150 m, spreda, etiketa čitljiva.","Ručno unet proizvod iz programa firme, bez slike i bez zvaničnog izvora slike.",carfit__carfit-maskirna-folija-4x150m.webp,/products/carfit/supplied/carfit__carfit-maskirna-folija-4x150m.webp,carfit__carfit-maskirna-folija-4x150m,carfit-maskirna-folija-4x150m,,"C.A.R.FIT: jedini nedostajući identitet brenda; mera je u nazivu (4 x 150 m), a srodna mera već ima sliku — test da se slika ne pozajmljuje između mera.",
OWNER_BATCH_01,4,P3,befar,Befar Carved Velcro Polishing Pad,,,05801,,Bela,ARTICLE,1,"SLIKA REDA (boja/dimenzija): Baš ovaj artikal: Bela (šifra 05801). Ostali redovi iste kartice već imaju svoju sliku, pa je ovde potrebna fotografija TAČNO ove boje/dimenzije.","Kartica ima sliku, ali ovo pakovanje/varijanta/red nema svoju; sajt ne pozajmljuje sliku drugog pakovanja.",befar__befar-carved-velcro-polishing-pad__05801.webp,/products/befar/supplied/befar__befar-carved-velcro-polishing-pad__05801.webp,befar__befar-carved-velcro-polishing-pad__05801,befar-carved-velcro-polishing-pad,red nema svoju sliku; PDP prikazuje packshot kartice /products/befar/catalog/befar-carved-velcro-polishing-pad.webp,"BEFAR: slika REDA (scope ARTICLE) — Bela, šifra 05801; ostali redovi iste kartice imaju svoju sliku, pa test pokriva variant-specific uparivanje po šifri reda.",
OWNER_BATCH_01,5,P3,befar,Befar Velcro Polishing Pad,,,44805,,Plava · 80 × 25 mm,ARTICLE,1,"SLIKA REDA (boja/dimenzija): Baš ovaj artikal: Plava · 80 × 25 mm (šifra 44805). Ostali redovi iste kartice već imaju svoju sliku, pa je ovde potrebna fotografija TAČNO ove boje/dimenzije.","Kartica ima sliku, ali ovo pakovanje/varijanta/red nema svoju; sajt ne pozajmljuje sliku drugog pakovanja.",befar__befar-velcro-polishing-pad__44805.webp,/products/befar/supplied/befar__befar-velcro-polishing-pad__44805.webp,befar__befar-velcro-polishing-pad__44805,befar-velcro-polishing-pad,red nema svoju sliku; PDP prikazuje packshot kartice /products/befar/catalog/befar-velcro-polishing-pad.webp,"BEFAR: slika REDA (scope ARTICLE) — Plava · 80 × 25 mm, šifra 44805; ostali redovi iste kartice imaju svoju sliku, pa test pokriva variant-specific uparivanje po šifri reda.",
OWNER_BATCH_01,6,P3,befar,Befar Velcro Polishing Pad,,,44806,,Krem · 80 × 25 mm,ARTICLE,1,"SLIKA REDA (boja/dimenzija): Baš ovaj artikal: Krem · 80 × 25 mm (šifra 44806). Ostali redovi iste kartice već imaju svoju sliku, pa je ovde potrebna fotografija TAČNO ove boje/dimenzije.","Kartica ima sliku, ali ovo pakovanje/varijanta/red nema svoju; sajt ne pozajmljuje sliku drugog pakovanja.",befar__befar-velcro-polishing-pad__44806.webp,/products/befar/supplied/befar__befar-velcro-polishing-pad__44806.webp,befar__befar-velcro-polishing-pad__44806,befar-velcro-polishing-pad,red nema svoju sliku; PDP prikazuje packshot kartice /products/befar/catalog/befar-velcro-polishing-pad.webp,"BEFAR: slika REDA (scope ARTICLE) — Krem · 80 × 25 mm, šifra 44806; ostali redovi iste kartice imaju svoju sliku, pa test pokriva variant-specific uparivanje po šifri reda.",
OWNER_BATCH_01,7,P3,befar,Befar Velcro Polishing Pad,,,44807,,Bordo · 80 × 25 mm,ARTICLE,1,"SLIKA REDA (boja/dimenzija): Baš ovaj artikal: Bordo · 80 × 25 mm (šifra 44807). Ostali redovi iste kartice već imaju svoju sliku, pa je ovde potrebna fotografija TAČNO ove boje/dimenzije.","Kartica ima sliku, ali ovo pakovanje/varijanta/red nema svoju; sajt ne pozajmljuje sliku drugog pakovanja.",befar__befar-velcro-polishing-pad__44807.webp,/products/befar/supplied/befar__befar-velcro-polishing-pad__44807.webp,befar__befar-velcro-polishing-pad__44807,befar-velcro-polishing-pad,red nema svoju sliku; PDP prikazuje packshot kartice /products/befar/catalog/befar-velcro-polishing-pad.webp,"BEFAR: slika REDA (scope ARTICLE) — Bordo · 80 × 25 mm, šifra 44807; ostali redovi iste kartice imaju svoju sliku, pa test pokriva variant-specific uparivanje po šifri reda.",
OWNER_BATCH_01,8,P3,befar,Befar Waffle Velcro Polishing Pad,,,04503,,Crna · 150 × 25 mm,ARTICLE,1,"SLIKA REDA (boja/dimenzija): Baš ovaj artikal: Crna · 150 × 25 mm (šifra 04503). Ostali redovi iste kartice već imaju svoju sliku, pa je ovde potrebna fotografija TAČNO ove boje/dimenzije.","Kartica ima sliku, ali ovo pakovanje/varijanta/red nema svoju; sajt ne pozajmljuje sliku drugog pakovanja.",befar__befar-waffle-velcro-polishing-pad__04503.webp,/products/befar/supplied/befar__befar-waffle-velcro-polishing-pad__04503.webp,befar__befar-waffle-velcro-polishing-pad__04503,befar-waffle-velcro-polishing-pad,red nema svoju sliku; PDP prikazuje packshot kartice /products/befar/catalog/befar-waffle-velcro-polishing-pad.webp,"BEFAR: slika REDA (scope ARTICLE) — Crna · 150 × 25 mm, šifra 04503; ostali redovi iste kartice imaju svoju sliku, pa test pokriva variant-specific uparivanje po šifri reda.",
OWNER_BATCH_01,9,P3,befar,Befar Waffle Velcro Polishing Pad,,,448031,,Crna · 80 × 25 mm,ARTICLE,1,"SLIKA REDA (boja/dimenzija): Baš ovaj artikal: Crna · 80 × 25 mm (šifra 448031). Ostali redovi iste kartice već imaju svoju sliku, pa je ovde potrebna fotografija TAČNO ove boje/dimenzije.","Kartica ima sliku, ali ovo pakovanje/varijanta/red nema svoju; sajt ne pozajmljuje sliku drugog pakovanja.",befar__befar-waffle-velcro-polishing-pad__448031.webp,/products/befar/supplied/befar__befar-waffle-velcro-polishing-pad__448031.webp,befar__befar-waffle-velcro-polishing-pad__448031,befar-waffle-velcro-polishing-pad,red nema svoju sliku; PDP prikazuje packshot kartice /products/befar/catalog/befar-waffle-velcro-polishing-pad.webp,"BEFAR: slika REDA (scope ARTICLE) — Crna · 80 × 25 mm, šifra 448031; ostali redovi iste kartice imaju svoju sliku, pa test pokriva variant-specific uparivanje po šifri reda.",
OWNER_BATCH_01,10,P3,befar,Befar Waffle Velcro Polishing Pad,,,448061,,Bordo · 80 × 25 mm,ARTICLE,1,"SLIKA REDA (boja/dimenzija): Baš ovaj artikal: Bordo · 80 × 25 mm (šifra 448061). Ostali redovi iste kartice već imaju svoju sliku, pa je ovde potrebna fotografija TAČNO ove boje/dimenzije.","Kartica ima sliku, ali ovo pakovanje/varijanta/red nema svoju; sajt ne pozajmljuje sliku drugog pakovanja.",befar__befar-waffle-velcro-polishing-pad__448061.webp,/products/befar/supplied/befar__befar-waffle-velcro-polishing-pad__448061.webp,befar__befar-waffle-velcro-polishing-pad__448061,befar-waffle-velcro-polishing-pad,red nema svoju sliku; PDP prikazuje packshot kartice /products/befar/catalog/befar-waffle-velcro-polishing-pad.webp,"BEFAR: slika REDA (scope ARTICLE) — Bordo · 80 × 25 mm, šifra 448061; ostali redovi iste kartice imaju svoju sliku, pa test pokriva variant-specific uparivanje po šifri reda.",
OWNER_BATCH_01,11,P3,norbin,Norbin N15-020 5 L,,N15-020,N15-020,5 L,,VARIANT,1,PACKSHOT PAKOVANJA/VARIJANTE: Baš ovo pakovanje/varijanta: 5 L. Druga varijanta iste kartice već ima sliku; fotografija drugog pakovanja se NE sme koristiti umesto ove.,"Kartica ima sliku, ali ovo pakovanje/varijanta/red nema svoju; sajt ne pozajmljuje sliku drugog pakovanja.",norbin__norbin-n15-020-5l.webp,/products/norbin/supplied/norbin__norbin-n15-020-5l.webp,norbin__norbin-n15-020-5l,norbin-n15-020-5l,druga varijanta iste kartice ima sliku; ova koristi placeholder (nema pogrešnog sibling fallback-a),Norbin: package-specific (scope VARIANT) — 1 L iste kartice već ima sliku; jasna šifra N15-020 i pakovanje 5 L.,
OWNER_BATCH_01,12,P2,norbin,Norbin N55-015 1K Plastic Primer,,N55-015,N55-015,1 L,,CARD,1,"PACKSHOT PROIZVODA: Proizvod u pakovanju 1 L, spreda, etiketa čitljiva.","Proizvođač za ovaj proizvod ne objavljuje zvaničnu sliku (provereno u sync-u brenda), pa je jedini legitiman izvor sopstvena fotografija.",norbin__norbin-n55-015-1k-plastic-primer.webp,/products/norbin/supplied/norbin__norbin-n55-015-1k-plastic-primer.webp,norbin__norbin-n55-015-1k-plastic-primer,norbin-n55-015-1k-plastic-primer,,Norbin: jednostavna kartica sa jasnom šifrom (N55-015) i pakovanjem (1 L).,
OWNER_BATCH_01,13,P2,norbin,Norbin N85-021 Thinner,,N85-021,N85-021,1 L,,CARD,1,"PACKSHOT PROIZVODA: Proizvod u pakovanju 1 L, spreda, etiketa čitljiva.","Proizvođač za ovaj proizvod ne objavljuje zvaničnu sliku (provereno u sync-u brenda), pa je jedini legitiman izvor sopstvena fotografija.",norbin__norbin-n85-021-thinner.webp,/products/norbin/supplied/norbin__norbin-n85-021-thinner.webp,norbin__norbin-n85-021-thinner,norbin-n85-021-thinner,,Norbin: jednostavna kartica sa jasnom šifrom (N85-021) i pakovanjem (1 L).,
OWNER_BATCH_01,14,P3,baslac,Baslac 20-34 2K Primerfiller White 1 L,,20-34,20-34,1 L,,VARIANT,1,PACKSHOT PAKOVANJA/VARIJANTE: Baš ovo pakovanje/varijanta: 1 L. Druga varijanta iste kartice već ima sliku; fotografija drugog pakovanja se NE sme koristiti umesto ove.,"Kartica ima sliku, ali ovo pakovanje/varijanta/red nema svoju; sajt ne pozajmljuje sliku drugog pakovanja.",baslac__baslac-20-34-2k-primerfiller-white-1l.webp,/products/baslac/supplied/baslac__baslac-20-34-2k-primerfiller-white-1l.webp,baslac__baslac-20-34-2k-primerfiller-white-1l,baslac-20-34-2k-primerfiller-white-1l,druga varijanta iste kartice ima sliku; ova koristi placeholder (nema pogrešnog sibling fallback-a),baslac: variant-specific (scope VARIANT) — druga varijanta iste kartice ima sliku; jasna šifra 20-34 i pakovanje 1 L.,
OWNER_BATCH_01,15,P2,baslac,baslac 45-R45 Dilutant,,45-R45,45-R45,5 L,,CARD,1,"PACKSHOT PROIZVODA: Proizvod u pakovanju 5 L, spreda, etiketa čitljiva.","Ručno unet proizvod iz programa firme, bez slike i bez zvaničnog izvora slike.",baslac__baslac-45-r45.webp,/products/baslac/supplied/baslac__baslac-45-r45.webp,baslac__baslac-45-r45,baslac-45-r45,,baslac: jednostavna kartica sa jasnom šifrom (45-R45) i pakovanjem (5 L).,
OWNER_BATCH_01,16,P3,baslac,"baslac Basecoat 45 — 0,5 L",,,,"0,5 L",,PACKAGE,48,"PORODIČNI PACKSHOT PAKOVANJA: Jedna limenka linije u pakovanju 0,5 L, spreda, etiketa čitljiva. Jedna fotografija pokriva 48 tonera te linije u tom pakovanju — NE fotografisati svaki toner posebno.","Kartica ima sliku, ali ovo pakovanje/varijanta/red nema svoju; sajt ne pozajmljuje sliku drugog pakovanja.",baslac__baslac-line-45__pkg-0-5-l.webp,/products/baslac/supplied/baslac__baslac-line-45__pkg-0-5-l.webp,baslac__baslac-line-45__pkg-0-5-l,baslac-line-45,"porodični packshot za 48 varijanti pakovanja „0,5 L” (packshotKind: family)","baslac: SHARED/FAMILY identitet (scope PACKAGE) — jedan packshot pakovanja 0,5 L pokriva 48 tonera linije 45; test da jedna slika ispravno puni više zapisa.",
OWNER_BATCH_01,17,P2,sata,SATA LCS - Hard Cups,,,1225615 1225623 1225631,,,CARD,3,PACKSHOT KARTICE: Jedna fotografija proizvoda pokriva svih 3 brojeva artikala ove kartice (1225615 1225623 1225631) — nije potrebna slika po broju artikla.,"Proizvođač za ovaj proizvod ne objavljuje zvaničnu sliku (provereno u sync-u brenda), pa je jedini legitiman izvor sopstvena fotografija.",sata__sata-lcs-hard-cups.webp,/products/sata/supplied/sata__sata-lcs-hard-cups.webp,sata__sata-lcs-hard-cups,sata-lcs-hard-cups,3 redova artikala; redovi bez sopstvene slike dele packshot kartice,"SATA: packshot KARTICE koji dele 3 broja artikla; SATA za ovu porodicu sliku ne objavljuje, pa identitet NIJE pod rights review.",
OWNER_BATCH_01,18,P2,sata,SATA air star F,,134353,134353,Art. 134353,,CARD,1,"PACKSHOT PROIZVODA: Proizvod u pakovanju koje firma stvarno prodaje, spreda, etiketa čitljiva. Katalog pakovanje vodi kao „na upit”: fotografija NE menja taj podatak — pakovanje se upisuje samo iz izvora proizvođača.","Proizvođač za ovaj proizvod ne objavljuje zvaničnu sliku (provereno u sync-u brenda), pa je jedini legitiman izvor sopstvena fotografija.",sata__sata-air-star-f.webp,/products/sata/supplied/sata__sata-air-star-f.webp,sata__sata-air-star-f,sata-air-star-f,,SATA: jednostavna porodica sa jednim brojem artikla (134353); SATA sliku ne objavljuje — NIJE pod rights review.,
