priority,brand,product_name,public_code,manufacturer_code,article_number,package,variant,image_scope,members_sharing_identity,what_image_is_needed,why_image_is_needed,suggested_filename,target_path,image_id,slug,notes
P2,baslac,baslac 20-22 2K Primerfiller,,20-22,20-22,Na upit,,CARD,1,"PACKSHOT PROIZVODA: Proizvod u pakovanju koje firma stvarno prodaje, spreda, etiketa čitljiva. Katalog pakovanje vodi kao „na upit”: fotografija NE menja taj podatak — pakovanje se upisuje samo iz izvora proizvođača.","Proizvođač za ovaj proizvod ne objavljuje zvaničnu sliku (provereno u sync-u brenda), pa je jedini legitiman izvor sopstvena fotografija.",baslac__baslac-20-22-2k-primerfiller.webp,/products/baslac/supplied/baslac__baslac-20-22-2k-primerfiller.webp,baslac__baslac-20-22-2k-primerfiller,baslac-20-22-2k-primerfiller,
P2,baslac,Baslac 21-11 2K Plastic Primer VOC 1 L,,21-11,21-11,1 L,,CARD,1,"PACKSHOT PROIZVODA: Proizvod u pakovanju 1 L, spreda, etiketa čitljiva.","Ručno unet proizvod iz programa firme, bez slike i bez zvaničnog izvora slike.",baslac__baslac-21-11-2k-plastic-primer-voc-1l.webp,/products/baslac/supplied/baslac__baslac-21-11-2k-plastic-primer-voc-1l.webp,baslac__baslac-21-11-2k-plastic-primer-voc-1l,baslac-21-11-2k-plastic-primer-voc-1l,
P2,baslac,Baslac 21-20 Plastic Primer 400 ml,,21-20,21-20,400 ml,,CARD,1,"PACKSHOT PROIZVODA: Proizvod u pakovanju 400 ml, spreda, etiketa čitljiva.","Ručno unet proizvod iz programa firme, bez slike i bez zvaničnog izvora slike.",baslac__baslac-21-20-plastic-primer-400ml.webp,/products/baslac/supplied/baslac__baslac-21-20-plastic-primer-400ml.webp,baslac__baslac-21-20-plastic-primer-400ml,baslac-21-20-plastic-primer-400ml,
P2,baslac,Baslac 30-S510,,,,Na upit,,CARD,1,"PACKSHOT PROIZVODA: Proizvod u pakovanju koje firma stvarno prodaje, spreda, etiketa čitljiva. Katalog pakovanje vodi kao „na upit”: fotografija NE menja taj podatak — pakovanje se upisuje samo iz izvora proizvođača.","Ručno unet proizvod iz programa firme, bez slike i bez zvaničnog izvora slike.",baslac__baslac-30-s510-s-serija.webp,/products/baslac/supplied/baslac__baslac-30-s510-s-serija.webp,baslac__baslac-30-s510-s-serija,baslac-30-s510-s-serija,
P2,baslac,baslac 45-R45 Dilutant,,45-R45,45-R45,5 L,,CARD,1,"PACKSHOT PROIZVODA: Proizvod u pakovanju 5 L, spreda, etiketa čitljiva.","Ručno unet proizvod iz programa firme, bez slike i bez zvaničnog izvora slike.",baslac__baslac-45-r45.webp,/products/baslac/supplied/baslac__baslac-45-r45.webp,baslac__baslac-45-r45,baslac-45-r45,
P2,baslac,baslac 45-W10 3-Stage Additive and Blending Clear,,45-W10,45-W10,"0,5 L",,CARD,1,"PACKSHOT PROIZVODA: Proizvod u pakovanju 0,5 L, spreda, etiketa čitljiva.","Ručno unet proizvod iz programa firme, bez slike i bez zvaničnog izvora slike.",baslac__baslac-45-w10.webp,/products/baslac/supplied/baslac__baslac-45-w10.webp,baslac__baslac-45-w10,baslac-45-w10,
P2,baslac,baslac 50-05 2K Hardener Ambient UC,,50-05,50-05,Na upit,,CARD,1,"PACKSHOT PROIZVODA: Proizvod u pakovanju koje firma stvarno prodaje, spreda, etiketa čitljiva. Katalog pakovanje vodi kao „na upit”: fotografija NE menja taj podatak — pakovanje se upisuje samo iz izvora proizvođača.","Proizvođač za ovaj proizvod ne objavljuje zvaničnu sliku (provereno u sync-u brenda), pa je jedini legitiman izvor sopstvena fotografija.",baslac__baslac-50-05-2k-hardener-ambient-uc.webp,/products/baslac/supplied/baslac__baslac-50-05-2k-hardener-ambient-uc.webp,baslac__baslac-50-05-2k-hardener-ambient-uc,baslac-50-05-2k-hardener-ambient-uc,
P2,baslac,baslac 50-10 2K Primerfiller Hardener Extra Fast,,50-10,50-10,Na upit,,CARD,1,"PACKSHOT PROIZVODA: Proizvod u pakovanju koje firma stvarno prodaje, spreda, etiketa čitljiva. Katalog pakovanje vodi kao „na upit”: fotografija NE menja taj podatak — pakovanje se upisuje samo iz izvora proizvođača.","Proizvođač za ovaj proizvod ne objavljuje zvaničnu sliku (provereno u sync-u brenda), pa je jedini legitiman izvor sopstvena fotografija.",baslac__baslac-50-10-2k-primerfiller-hardener-extra-fast.webp,/products/baslac/supplied/baslac__baslac-50-10-2k-primerfiller-hardener-extra-fast.webp,baslac__baslac-50-10-2k-primerfiller-hardener-extra-fast,baslac-50-10-2k-primerfiller-hardener-extra-fast,
P2,baslac,baslac 50-30 2K Hardener Slow,,50-30,50-30,Na upit,,CARD,1,"PACKSHOT PROIZVODA: Proizvod u pakovanju koje firma stvarno prodaje, spreda, etiketa čitljiva. Katalog pakovanje vodi kao „na upit”: fotografija NE menja taj podatak — pakovanje se upisuje samo iz izvora proizvođača.","Proizvođač za ovaj proizvod ne objavljuje zvaničnu sliku (provereno u sync-u brenda), pa je jedini legitiman izvor sopstvena fotografija.",baslac__baslac-50-30-2k-hardener-slow.webp,/products/baslac/supplied/baslac__baslac-50-30-2k-hardener-slow.webp,baslac__baslac-50-30-2k-hardener-slow,baslac-50-30-2k-hardener-slow,
P2,baslac,baslac 50-415 2K Clear Hardener Fast VOC,,50-415,50-415,Na upit,,CARD,1,"PACKSHOT PROIZVODA: Proizvod u pakovanju koje firma stvarno prodaje, spreda, etiketa čitljiva. Katalog pakovanje vodi kao „na upit”: fotografija NE menja taj podatak — pakovanje se upisuje samo iz izvora proizvođača.","Proizvođač za ovaj proizvod ne objavljuje zvaničnu sliku (provereno u sync-u brenda), pa je jedini legitiman izvor sopstvena fotografija.",baslac__baslac-50-415-2k-clear-hardener-fast-voc.webp,/products/baslac/supplied/baslac__baslac-50-415-2k-clear-hardener-fast-voc.webp,baslac__baslac-50-415-2k-clear-hardener-fast-voc,baslac-50-415-2k-clear-hardener-fast-voc,
P2,baslac,baslac 50-420 2K Clear Hardener Normal VOC,,50-420,50-420,Na upit,,CARD,1,"PACKSHOT PROIZVODA: Proizvod u pakovanju koje firma stvarno prodaje, spreda, etiketa čitljiva. Katalog pakovanje vodi kao „na upit”: fotografija NE menja taj podatak — pakovanje se upisuje samo iz izvora proizvođača.","Proizvođač za ovaj proizvod ne objavljuje zvaničnu sliku (provereno u sync-u brenda), pa je jedini legitiman izvor sopstvena fotografija.",baslac__baslac-50-420-2k-clear-hardener-normal-voc.webp,/products/baslac/supplied/baslac__baslac-50-420-2k-clear-hardener-normal-voc.webp,baslac__baslac-50-420-2k-clear-hardener-normal-voc,baslac-50-420-2k-clear-hardener-normal-voc,
P2,baslac,baslac 50-430 2K Clear Hardener Slow VOC,,50-430,50-430,Na upit,,CARD,1,"PACKSHOT PROIZVODA: Proizvod u pakovanju koje firma stvarno prodaje, spreda, etiketa čitljiva. Katalog pakovanje vodi kao „na upit”: fotografija NE menja taj podatak — pakovanje se upisuje samo iz izvora proizvođača.","Proizvođač za ovaj proizvod ne objavljuje zvaničnu sliku (provereno u sync-u brenda), pa je jedini legitiman izvor sopstvena fotografija.",baslac__baslac-50-430-2k-clear-hardener-slow-voc.webp,/products/baslac/supplied/baslac__baslac-50-430-2k-clear-hardener-slow-voc.webp,baslac__baslac-50-430-2k-clear-hardener-slow-voc,baslac-50-430-2k-clear-hardener-slow-voc,
P2,baslac,baslac 50-45 2K Activator,,50-45,50-45,Na upit,,CARD,1,"PACKSHOT PROIZVODA: Proizvod u pakovanju koje firma stvarno prodaje, spreda, etiketa čitljiva. Katalog pakovanje vodi kao „na upit”: fotografija NE menja taj podatak — pakovanje se upisuje samo iz izvora proizvođača.","Proizvođač za ovaj proizvod ne objavljuje zvaničnu sliku (provereno u sync-u brenda), pa je jedini legitiman izvor sopstvena fotografija.",baslac__baslac-50-45-2k-activator.webp,/products/baslac/supplied/baslac__baslac-50-45-2k-activator.webp,baslac__baslac-50-45-2k-activator,baslac-50-45-2k-activator,
P2,baslac,baslac 50-510 Ambient Clear Hardener,,50-510,50-510,Na upit,,CARD,1,"PACKSHOT PROIZVODA: Proizvod u pakovanju koje firma stvarno prodaje, spreda, etiketa čitljiva. Katalog pakovanje vodi kao „na upit”: fotografija NE menja taj podatak — pakovanje se upisuje samo iz izvora proizvođača.","Proizvođač za ovaj proizvod ne objavljuje zvaničnu sliku (provereno u sync-u brenda), pa je jedini legitiman izvor sopstvena fotografija.",baslac__baslac-50-510-ambient-clear-hardener.webp,/products/baslac/supplied/baslac__baslac-50-510-ambient-clear-hardener.webp,baslac__baslac-50-510-ambient-clear-hardener,baslac-50-510-ambient-clear-hardener,
P2,baslac,baslac 50-530 Ambient Clear Hardener slow,,50-530,50-530,Na upit,,CARD,1,"PACKSHOT PROIZVODA: Proizvod u pakovanju koje firma stvarno prodaje, spreda, etiketa čitljiva. Katalog pakovanje vodi kao „na upit”: fotografija NE menja taj podatak — pakovanje se upisuje samo iz izvora proizvođača.","Proizvođač za ovaj proizvod ne objavljuje zvaničnu sliku (provereno u sync-u brenda), pa je jedini legitiman izvor sopstvena fotografija.",baslac__baslac-50-530-ambient-clear-hardener-slow.webp,/products/baslac/supplied/baslac__baslac-50-530-ambient-clear-hardener-slow.webp,baslac__baslac-50-530-ambient-clear-hardener-slow,baslac-50-530-ambient-clear-hardener-slow,
P2,baslac,baslac 51-515 2K Hardener CV fast,,51-515,51-515,Na upit,,CARD,1,"PACKSHOT PROIZVODA: Proizvod u pakovanju koje firma stvarno prodaje, spreda, etiketa čitljiva. Katalog pakovanje vodi kao „na upit”: fotografija NE menja taj podatak — pakovanje se upisuje samo iz izvora proizvođača.","Proizvođač za ovaj proizvod ne objavljuje zvaničnu sliku (provereno u sync-u brenda), pa je jedini legitiman izvor sopstvena fotografija.",baslac__baslac-51-515-2k-hardener-cv-fast.webp,/products/baslac/supplied/baslac__baslac-51-515-2k-hardener-cv-fast.webp,baslac__baslac-51-515-2k-hardener-cv-fast,baslac-51-515-2k-hardener-cv-fast,
P2,baslac,baslac 51-520 2K Hardener CV Normal,,51-520,51-520,Na upit,,CARD,1,"PACKSHOT PROIZVODA: Proizvod u pakovanju koje firma stvarno prodaje, spreda, etiketa čitljiva. Katalog pakovanje vodi kao „na upit”: fotografija NE menja taj podatak — pakovanje se upisuje samo iz izvora proizvođača.","Proizvođač za ovaj proizvod ne objavljuje zvaničnu sliku (provereno u sync-u brenda), pa je jedini legitiman izvor sopstvena fotografija.",baslac__baslac-51-520-2k-hardener-cv-normal.webp,/products/baslac/supplied/baslac__baslac-51-520-2k-hardener-cv-normal.webp,baslac__baslac-51-520-2k-hardener-cv-normal,baslac-51-520-2k-hardener-cv-normal,
P2,baslac,baslac 51-530 2K Hardener CV slow,,51-530,51-530,Na upit,,CARD,1,"PACKSHOT PROIZVODA: Proizvod u pakovanju koje firma stvarno prodaje, spreda, etiketa čitljiva. Katalog pakovanje vodi kao „na upit”: fotografija NE menja taj podatak — pakovanje se upisuje samo iz izvora proizvođača.","Proizvođač za ovaj proizvod ne objavljuje zvaničnu sliku (provereno u sync-u brenda), pa je jedini legitiman izvor sopstvena fotografija.",baslac__baslac-51-530-2k-hardener-cv-slow.webp,/products/baslac/supplied/baslac__baslac-51-530-2k-hardener-cv-slow.webp,baslac__baslac-51-530-2k-hardener-cv-slow,baslac-51-530-2k-hardener-cv-slow,
P2,baslac,baslac 55-10 EP Hardener,,55-10,55-10,Na upit,,CARD,1,"PACKSHOT PROIZVODA: Proizvod u pakovanju koje firma stvarno prodaje, spreda, etiketa čitljiva. Katalog pakovanje vodi kao „na upit”: fotografija NE menja taj podatak — pakovanje se upisuje samo iz izvora proizvođača.","Proizvođač za ovaj proizvod ne objavljuje zvaničnu sliku (provereno u sync-u brenda), pa je jedini legitiman izvor sopstvena fotografija.",baslac__baslac-55-10-ep-hardener.webp,/products/baslac/supplied/baslac__baslac-55-10-ep-hardener.webp,baslac__baslac-55-10-ep-hardener,baslac-55-10-ep-hardener,
P2,baslac,baslac 56-20 Bodyfiller Hardener,,56-20,56-20,Na upit,,CARD,1,"PACKSHOT PROIZVODA: Proizvod u pakovanju koje firma stvarno prodaje, spreda, etiketa čitljiva. Katalog pakovanje vodi kao „na upit”: fotografija NE menja taj podatak — pakovanje se upisuje samo iz izvora proizvođača.","Proizvođač za ovaj proizvod ne objavljuje zvaničnu sliku (provereno u sync-u brenda), pa je jedini legitiman izvor sopstvena fotografija.",baslac__baslac-56-20-bodyfiller-hardener.webp,/products/baslac/supplied/baslac__baslac-56-20-bodyfiller-hardener.webp,baslac__baslac-56-20-bodyfiller-hardener,baslac-56-20-bodyfiller-hardener,
P2,baslac,baslac 57-10 Additive Washprimer,,57-10,57-10,Na upit,,CARD,1,"PACKSHOT PROIZVODA: Proizvod u pakovanju koje firma stvarno prodaje, spreda, etiketa čitljiva. Katalog pakovanje vodi kao „na upit”: fotografija NE menja taj podatak — pakovanje se upisuje samo iz izvora proizvođača.","Proizvođač za ovaj proizvod ne objavljuje zvaničnu sliku (provereno u sync-u brenda), pa je jedini legitiman izvor sopstvena fotografija.",baslac__baslac-57-10-additive-washprimer.webp,/products/baslac/supplied/baslac__baslac-57-10-additive-washprimer.webp,baslac__baslac-57-10-additive-washprimer,baslac-57-10-additive-washprimer,
P2,baslac,baslac 57-30 Additive Washprimer slow,,57-30,57-30,Na upit,,CARD,1,"PACKSHOT PROIZVODA: Proizvod u pakovanju koje firma stvarno prodaje, spreda, etiketa čitljiva. Katalog pakovanje vodi kao „na upit”: fotografija NE menja taj podatak — pakovanje se upisuje samo iz izvora proizvođača.","Proizvođač za ovaj proizvod ne objavljuje zvaničnu sliku (provereno u sync-u brenda), pa je jedini legitiman izvor sopstvena fotografija.",baslac__baslac-57-30-additive-washprimer-slow.webp,/products/baslac/supplied/baslac__baslac-57-30-additive-washprimer-slow.webp,baslac__baslac-57-30-additive-washprimer-slow,baslac-57-30-additive-washprimer-slow,
P2,baslac,baslac 60-05 Speeding Reducer,,60-05,60-05,Na upit,,CARD,1,"PACKSHOT PROIZVODA: Proizvod u pakovanju koje firma stvarno prodaje, spreda, etiketa čitljiva. Katalog pakovanje vodi kao „na upit”: fotografija NE menja taj podatak — pakovanje se upisuje samo iz izvora proizvođača.","Proizvođač za ovaj proizvod ne objavljuje zvaničnu sliku (provereno u sync-u brenda), pa je jedini legitiman izvor sopstvena fotografija.",baslac__baslac-60-05-speeding-reducer.webp,/products/baslac/supplied/baslac__baslac-60-05-speeding-reducer.webp,baslac__baslac-60-05-speeding-reducer,baslac-60-05-speeding-reducer,
P2,baslac,baslac 60-10 Reducer Universal Fast,,60-10,60-10,Na upit,,CARD,1,"PACKSHOT PROIZVODA: Proizvod u pakovanju koje firma stvarno prodaje, spreda, etiketa čitljiva. Katalog pakovanje vodi kao „na upit”: fotografija NE menja taj podatak — pakovanje se upisuje samo iz izvora proizvođača.","Proizvođač za ovaj proizvod ne objavljuje zvaničnu sliku (provereno u sync-u brenda), pa je jedini legitiman izvor sopstvena fotografija.",baslac__baslac-60-10-reducer-universal-fast.webp,/products/baslac/supplied/baslac__baslac-60-10-reducer-universal-fast.webp,baslac__baslac-60-10-reducer-universal-fast,baslac-60-10-reducer-universal-fast,
P2,baslac,Baslac 60-20 razređivač,,60-20,60-20,5 L,,CARD,1,"PACKSHOT PROIZVODA: Proizvod u pakovanju 5 L, spreda, etiketa čitljiva.","Ručno unet proizvod iz programa firme, bez slike i bez zvaničnog izvora slike.",baslac__baslac-60-20-razredjivac.webp,/products/baslac/supplied/baslac__baslac-60-20-razredjivac.webp,baslac__baslac-60-20-razredjivac,baslac-60-20-razredjivac,
P2,baslac,baslac 60-30 Reducer Universal Slow,,60-30,60-30,Na upit,,CARD,1,"PACKSHOT PROIZVODA: Proizvod u pakovanju koje firma stvarno prodaje, spreda, etiketa čitljiva. Katalog pakovanje vodi kao „na upit”: fotografija NE menja taj podatak — pakovanje se upisuje samo iz izvora proizvođača.","Proizvođač za ovaj proizvod ne objavljuje zvaničnu sliku (provereno u sync-u brenda), pa je jedini legitiman izvor sopstvena fotografija.",baslac__baslac-60-30-reducer-universal-slow.webp,/products/baslac/supplied/baslac__baslac-60-30-reducer-universal-slow.webp,baslac__baslac-60-30-reducer-universal-slow,baslac-60-30-reducer-universal-slow,
P2,baslac,baslac 60-40 Reducer Universal Extra Slow,,60-40,60-40,Na upit,,CARD,1,"PACKSHOT PROIZVODA: Proizvod u pakovanju koje firma stvarno prodaje, spreda, etiketa čitljiva. Katalog pakovanje vodi kao „na upit”: fotografija NE menja taj podatak — pakovanje se upisuje samo iz izvora proizvođača.","Proizvođač za ovaj proizvod ne objavljuje zvaničnu sliku (provereno u sync-u brenda), pa je jedini legitiman izvor sopstvena fotografija.",baslac__baslac-60-40-reducer-universal-extra-slow.webp,/products/baslac/supplied/baslac__baslac-60-40-reducer-universal-extra-slow.webp,baslac__baslac-60-40-reducer-universal-extra-slow,baslac-60-40-reducer-universal-extra-slow,
P2,baslac,baslac 65-10 Blending Reducer,,65-10,65-10,Na upit,,CARD,1,"PACKSHOT PROIZVODA: Proizvod u pakovanju koje firma stvarno prodaje, spreda, etiketa čitljiva. Katalog pakovanje vodi kao „na upit”: fotografija NE menja taj podatak — pakovanje se upisuje samo iz izvora proizvođača.","Proizvođač za ovaj proizvod ne objavljuje zvaničnu sliku (provereno u sync-u brenda), pa je jedini legitiman izvor sopstvena fotografija.",baslac__baslac-65-10-blending-reducer.webp,/products/baslac/supplied/baslac__baslac-65-10-blending-reducer.webp,baslac__baslac-65-10-blending-reducer,baslac-65-10-blending-reducer,
P2,baslac,"baslac 70-10 Silicone Remover for oil, silicone and grease",,70-10,70-10,Na upit,,CARD,1,"PACKSHOT PROIZVODA: Proizvod u pakovanju koje firma stvarno prodaje, spreda, etiketa čitljiva. Katalog pakovanje vodi kao „na upit”: fotografija NE menja taj podatak — pakovanje se upisuje samo iz izvora proizvođača.","Proizvođač za ovaj proizvod ne objavljuje zvaničnu sliku (provereno u sync-u brenda), pa je jedini legitiman izvor sopstvena fotografija.",baslac__baslac-70-10-silicone-remover-for-oil-silicone-and-grease.webp,/products/baslac/supplied/baslac__baslac-70-10-silicone-remover-for-oil-silicone-and-grease.webp,baslac__baslac-70-10-silicone-remover-for-oil-silicone-and-grease,baslac-70-10-silicone-remover-for-oil-silicone-and-grease,
P2,baslac,baslac 70-45 Cleaner,,70-45,70-45,Na upit,,CARD,1,"PACKSHOT PROIZVODA: Proizvod u pakovanju koje firma stvarno prodaje, spreda, etiketa čitljiva. Katalog pakovanje vodi kao „na upit”: fotografija NE menja taj podatak — pakovanje se upisuje samo iz izvora proizvođača.","Proizvođač za ovaj proizvod ne objavljuje zvaničnu sliku (provereno u sync-u brenda), pa je jedini legitiman izvor sopstvena fotografija.",baslac__baslac-70-45-cleaner.webp,/products/baslac/supplied/baslac__baslac-70-45-cleaner.webp,baslac__baslac-70-45-cleaner,baslac-70-45-cleaner,
P2,baslac,baslac 80-30 Additive Plast,,80-30,80-30,Na upit,,CARD,1,"PACKSHOT PROIZVODA: Proizvod u pakovanju koje firma stvarno prodaje, spreda, etiketa čitljiva. Katalog pakovanje vodi kao „na upit”: fotografija NE menja taj podatak — pakovanje se upisuje samo iz izvora proizvođača.","Proizvođač za ovaj proizvod ne objavljuje zvaničnu sliku (provereno u sync-u brenda), pa je jedini legitiman izvor sopstvena fotografija.",baslac__baslac-80-30-additive-plast.webp,/products/baslac/supplied/baslac__baslac-80-30-additive-plast.webp,baslac__baslac-80-30-additive-plast,baslac-80-30-additive-plast,
P2,baslac,baslac 81-30 Additive Chassis,,81-30,81-30,Na upit,,CARD,1,"PACKSHOT PROIZVODA: Proizvod u pakovanju koje firma stvarno prodaje, spreda, etiketa čitljiva. Katalog pakovanje vodi kao „na upit”: fotografija NE menja taj podatak — pakovanje se upisuje samo iz izvora proizvođača.","Proizvođač za ovaj proizvod ne objavljuje zvaničnu sliku (provereno u sync-u brenda), pa je jedini legitiman izvor sopstvena fotografija.",baslac__baslac-81-30-additive-chassis.webp,/products/baslac/supplied/baslac__baslac-81-30-additive-chassis.webp,baslac__baslac-81-30-additive-chassis,baslac-81-30-additive-chassis,
P2,baslac,baslac Basecoat 45,,,,Na upit,,FAMILY,1,"LICE PORODICE: Jedna reprezentativna limenka linije (spreda, etiketa čitljiva) — slika kartice cele porodice u katalogu. Može biti ista fotografija kao packshot najčešćeg pakovanja te linije, sačuvana pod OVIM nazivom fajla.","Proizvođač za ovaj proizvod ne objavljuje zvaničnu sliku (provereno u sync-u brenda), pa je jedini legitiman izvor sopstvena fotografija.",baslac__baslac-basecoat-45.webp,/products/baslac/supplied/baslac__baslac-basecoat-45.webp,baslac__baslac-basecoat-45,baslac-basecoat-45,
P2,carfit,Car Fit maskirna folija 4 x 150 m,,,,4 x 150 m,,CARD,1,"PACKSHOT PROIZVODA: Proizvod u pakovanju 4 x 150 m, spreda, etiketa čitljiva.","Ručno unet proizvod iz programa firme, bez slike i bez zvaničnog izvora slike.",carfit__carfit-maskirna-folija-4x150m.webp,/products/carfit/supplied/carfit__carfit-maskirna-folija-4x150m.webp,carfit__carfit-maskirna-folija-4x150m,carfit-maskirna-folija-4x150m,
P2,carsystem,Carsystem P23 brusni diskovi,,,,Granulacije na upit,,CARD,1,"PACKSHOT PROIZVODA: Proizvod u pakovanju koje firma stvarno prodaje, spreda, etiketa čitljiva. Katalog pakovanje vodi kao „na upit”: fotografija NE menja taj podatak — pakovanje se upisuje samo iz izvora proizvođača.","Ručno unet proizvod iz programa firme, bez slike i bez zvaničnog izvora slike.",carsystem__carsystem-p23-brusni-diskovi.webp,/products/carsystem/supplied/carsystem__carsystem-p23-brusni-diskovi.webp,carsystem__carsystem-p23-brusni-diskovi,carsystem-p23-brusni-diskovi,
P2,carsystem,Carsystem Soft Plus git,,,,1.8 kg,,CARD,1,"PACKSHOT PROIZVODA: Proizvod u pakovanju 1.8 kg, spreda, etiketa čitljiva.","Ručno unet proizvod iz programa firme, bez slike i bez zvaničnog izvora slike.",carsystem__carsystem-soft-plus-git.webp,/products/carsystem/supplied/carsystem__carsystem-soft-plus-git.webp,carsystem__carsystem-soft-plus-git,carsystem-soft-plus-git,galerija: 2
P2,norbin,Norbin N15-V20 Clear VOC,,N15-V20,N15-V20,4 L,,CARD,1,"PACKSHOT PROIZVODA: Proizvod u pakovanju 4 L, spreda, etiketa čitljiva.","Proizvođač za ovaj proizvod ne objavljuje zvaničnu sliku (provereno u sync-u brenda), pa je jedini legitiman izvor sopstvena fotografija.",norbin__norbin-n15-v20-clear-voc.webp,/products/norbin/supplied/norbin__norbin-n15-v20-clear-voc.webp,norbin__norbin-n15-v20-clear-voc,norbin-n15-v20-clear-voc,
P2,norbin,Norbin N15-V25 Fast Clear VOC,,N15-V25,N15-V25,5 L,,CARD,1,"PACKSHOT PROIZVODA: Proizvod u pakovanju 5 L, spreda, etiketa čitljiva.","Proizvođač za ovaj proizvod ne objavljuje zvaničnu sliku (provereno u sync-u brenda), pa je jedini legitiman izvor sopstvena fotografija.",norbin__norbin-n15-v25-fast-clear-voc.webp,/products/norbin/supplied/norbin__norbin-n15-v25-fast-clear-voc.webp,norbin__norbin-n15-v25-fast-clear-voc,norbin-n15-v25-fast-clear-voc,
P2,norbin,Norbin N55-015 1K Plastic Primer,,N55-015,N55-015,1 L,,CARD,1,"PACKSHOT PROIZVODA: Proizvod u pakovanju 1 L, spreda, etiketa čitljiva.","Proizvođač za ovaj proizvod ne objavljuje zvaničnu sliku (provereno u sync-u brenda), pa je jedini legitiman izvor sopstvena fotografija.",norbin__norbin-n55-015-1k-plastic-primer.webp,/products/norbin/supplied/norbin__norbin-n55-015-1k-plastic-primer.webp,norbin__norbin-n55-015-1k-plastic-primer,norbin-n55-015-1k-plastic-primer,
P2,norbin,Norbin N55-V20 2K Primer Filler grey,,N55-V20,N55-V20,"2,5 L",,CARD,1,"PACKSHOT PROIZVODA: Proizvod u pakovanju 2,5 L, spreda, etiketa čitljiva.","Proizvođač za ovaj proizvod ne objavljuje zvaničnu sliku (provereno u sync-u brenda), pa je jedini legitiman izvor sopstvena fotografija.",norbin__norbin-n55-v20-2k-primer-filler-grey.webp,/products/norbin/supplied/norbin__norbin-n55-v20-2k-primer-filler-grey.webp,norbin__norbin-n55-v20-2k-primer-filler-grey,norbin-n55-v20-2k-primer-filler-grey,
P2,norbin,Norbin N55-V29 2K Primer Filler black,,N55-V29,N55-V29,"2,5 L",,CARD,1,"PACKSHOT PROIZVODA: Proizvod u pakovanju 2,5 L, spreda, etiketa čitljiva.","Proizvođač za ovaj proizvod ne objavljuje zvaničnu sliku (provereno u sync-u brenda), pa je jedini legitiman izvor sopstvena fotografija.",norbin__norbin-n55-v29-2k-primer-filler-black.webp,/products/norbin/supplied/norbin__norbin-n55-v29-2k-primer-filler-black.webp,norbin__norbin-n55-v29-2k-primer-filler-black,norbin-n55-v29-2k-primer-filler-black,
P2,norbin,Norbin N60-V20 Multifunctional Body Filler + Hardener,,N60-V20,N60-V20,"0,05 kg",,CARD,1,"PACKSHOT PROIZVODA: Proizvod u pakovanju 0,05 kg, spreda, etiketa čitljiva.","Proizvođač za ovaj proizvod ne objavljuje zvaničnu sliku (provereno u sync-u brenda), pa je jedini legitiman izvor sopstvena fotografija.",norbin__norbin-n60-v20-multifunctional-body-filler-hardener.webp,/products/norbin/supplied/norbin__norbin-n60-v20-multifunctional-body-filler-hardener.webp,norbin__norbin-n60-v20-multifunctional-body-filler-hardener,norbin-n60-v20-multifunctional-body-filler-hardener,
P2,norbin,Norbin N75-020 Hardener Fast,,N75-020,N75-020,"0,5 L",,CARD,1,"PACKSHOT PROIZVODA: Proizvod u pakovanju 0,5 L, spreda, etiketa čitljiva.","Proizvođač za ovaj proizvod ne objavljuje zvaničnu sliku (provereno u sync-u brenda), pa je jedini legitiman izvor sopstvena fotografija.",norbin__norbin-n75-020-hardener-fast.webp,/products/norbin/supplied/norbin__norbin-n75-020-hardener-fast.webp,norbin__norbin-n75-020-hardener-fast,norbin-n75-020-hardener-fast,
P2,norbin,Norbin N75-021 Hardener Normal,,N75-021,N75-021,"0,5 L",,CARD,1,"PACKSHOT PROIZVODA: Proizvod u pakovanju 0,5 L, spreda, etiketa čitljiva.","Proizvođač za ovaj proizvod ne objavljuje zvaničnu sliku (provereno u sync-u brenda), pa je jedini legitiman izvor sopstvena fotografija.",norbin__norbin-n75-021-hardener-normal.webp,/products/norbin/supplied/norbin__norbin-n75-021-hardener-normal.webp,norbin__norbin-n75-021-hardener-normal,norbin-n75-021-hardener-normal,
P2,norbin,Norbin N75-022 Hardener Slow,,N75-022,N75-022,"2,5 L",,CARD,1,"PACKSHOT PROIZVODA: Proizvod u pakovanju 2,5 L, spreda, etiketa čitljiva.","Proizvođač za ovaj proizvod ne objavljuje zvaničnu sliku (provereno u sync-u brenda), pa je jedini legitiman izvor sopstvena fotografija.",norbin__norbin-n75-022-hardener-slow.webp,/products/norbin/supplied/norbin__norbin-n75-022-hardener-slow.webp,norbin__norbin-n75-022-hardener-slow,norbin-n75-022-hardener-slow,
P2,norbin,Norbin N75-V21 Clear Hardener VOC,,N75-V21,N75-V21,1 L,,CARD,1,"PACKSHOT PROIZVODA: Proizvod u pakovanju 1 L, spreda, etiketa čitljiva.","Proizvođač za ovaj proizvod ne objavljuje zvaničnu sliku (provereno u sync-u brenda), pa je jedini legitiman izvor sopstvena fotografija.",norbin__norbin-n75-v21-clear-hardener-voc.webp,/products/norbin/supplied/norbin__norbin-n75-v21-clear-hardener-voc.webp,norbin__norbin-n75-v21-clear-hardener-voc,norbin-n75-v21-clear-hardener-voc,
P2,norbin,Norbin N85-021 Thinner,,N85-021,N85-021,1 L,,CARD,1,"PACKSHOT PROIZVODA: Proizvod u pakovanju 1 L, spreda, etiketa čitljiva.","Proizvođač za ovaj proizvod ne objavljuje zvaničnu sliku (provereno u sync-u brenda), pa je jedini legitiman izvor sopstvena fotografija.",norbin__norbin-n85-021-thinner.webp,/products/norbin/supplied/norbin__norbin-n85-021-thinner.webp,norbin__norbin-n85-021-thinner,norbin-n85-021-thinner,
P2,norbin,Norbin N95-060 Silicone cleaner,,N95-060,N95-060,5 L,,CARD,1,"PACKSHOT PROIZVODA: Proizvod u pakovanju 5 L, spreda, etiketa čitljiva.","Proizvođač za ovaj proizvod ne objavljuje zvaničnu sliku (provereno u sync-u brenda), pa je jedini legitiman izvor sopstvena fotografija.",norbin__norbin-n95-060-silicone-cleaner.webp,/products/norbin/supplied/norbin__norbin-n95-060-silicone-cleaner.webp,norbin__norbin-n95-060-silicone-cleaner,norbin-n95-060-silicone-cleaner,
P2,rm,R-M BRIL 852,,A 2010,A 2010,Na upit,,CARD,1,"PACKSHOT PROIZVODA: Proizvod u pakovanju koje firma stvarno prodaje, spreda, etiketa čitljiva. Katalog pakovanje vodi kao „na upit”: fotografija NE menja taj podatak — pakovanje se upisuje samo iz izvora proizvođača.","Proizvođač za ovaj proizvod ne objavljuje zvaničnu sliku (provereno u sync-u brenda), pa je jedini legitiman izvor sopstvena fotografija.",rm__rm-a-2010-bril-852.webp,/products/rm/supplied/rm__rm-a-2010-bril-852.webp,rm__rm-a-2010-bril-852,rm-a-2010-bril-852,
P2,rm,R-M AGILIS BLENDER X-TREME,,A 2540,A 2540,Na upit,,CARD,1,"PACKSHOT PROIZVODA: Proizvod u pakovanju koje firma stvarno prodaje, spreda, etiketa čitljiva. Katalog pakovanje vodi kao „na upit”: fotografija NE menja taj podatak — pakovanje se upisuje samo iz izvora proizvođača.","Proizvođač za ovaj proizvod ne objavljuje zvaničnu sliku (provereno u sync-u brenda), pa je jedini legitiman izvor sopstvena fotografija.",rm__rm-a-2540-agilis-blender-x-treme.webp,/products/rm/supplied/rm__rm-a-2540-agilis-blender-x-treme.webp,rm__rm-a-2540-agilis-blender-x-treme,rm-a-2540-agilis-blender-x-treme,
P2,rm,R-M HYDROPURE,,A 2810,A 2810,Na upit,,CARD,1,"PACKSHOT PROIZVODA: Proizvod u pakovanju koje firma stvarno prodaje, spreda, etiketa čitljiva. Katalog pakovanje vodi kao „na upit”: fotografija NE menja taj podatak — pakovanje se upisuje samo iz izvora proizvođača.","Proizvođač za ovaj proizvod ne objavljuje zvaničnu sliku (provereno u sync-u brenda), pa je jedini legitiman izvor sopstvena fotografija.",rm__rm-a-2810-hydropure.webp,/products/rm/supplied/rm__rm-a-2810-hydropure.webp,rm__rm-a-2810-hydropure,rm-a-2810-hydropure,
P2,rm,R-M GHD DECO A,,A 5200,A 5200,Na upit,,CARD,1,"PACKSHOT PROIZVODA: Proizvod u pakovanju koje firma stvarno prodaje, spreda, etiketa čitljiva. Katalog pakovanje vodi kao „na upit”: fotografija NE menja taj podatak — pakovanje se upisuje samo iz izvora proizvođača.","Proizvođač za ovaj proizvod ne objavljuje zvaničnu sliku (provereno u sync-u brenda), pa je jedini legitiman izvor sopstvena fotografija.",rm__rm-a-5200-ghd-deco-a.webp,/products/rm/supplied/rm__rm-a-5200-ghd-deco-a.webp,rm__rm-a-5200-ghd-deco-a,rm-a-5200-ghd-deco-a,
P2,rm,R-M GHD TINTING PASTE,,A 5700,A 5700,Na upit,,CARD,1,"PACKSHOT PROIZVODA: Proizvod u pakovanju koje firma stvarno prodaje, spreda, etiketa čitljiva. Katalog pakovanje vodi kao „na upit”: fotografija NE menja taj podatak — pakovanje se upisuje samo iz izvora proizvođača.","Proizvođač za ovaj proizvod ne objavljuje zvaničnu sliku (provereno u sync-u brenda), pa je jedini legitiman izvor sopstvena fotografija.",rm__rm-a-5700-ghd-tinting-paste.webp,/products/rm/supplied/rm__rm-a-5700-ghd-tinting-paste.webp,rm__rm-a-5700-ghd-tinting-paste,rm-a-5700-ghd-tinting-paste,
P2,rm,R-M AGILIS X-TREME,,AGILIS X-TREME,AGILIS X-TREME,Na upit,,CARD,1,"PACKSHOT PROIZVODA: Proizvod u pakovanju koje firma stvarno prodaje, spreda, etiketa čitljiva. Katalog pakovanje vodi kao „na upit”: fotografija NE menja taj podatak — pakovanje se upisuje samo iz izvora proizvođača.","Proizvođač za ovaj proizvod ne objavljuje zvaničnu sliku (provereno u sync-u brenda), pa je jedini legitiman izvor sopstvena fotografija.",rm__rm-agilis-x-treme.webp,/products/rm/supplied/rm__rm-agilis-x-treme.webp,rm__rm-agilis-x-treme,rm-agilis-x-treme,
P2,rm,R-M BLENDING Thinn-R,,AM 2P35,AM 2P35,Na upit,,CARD,1,"PACKSHOT PROIZVODA: Proizvod u pakovanju koje firma stvarno prodaje, spreda, etiketa čitljiva. Katalog pakovanje vodi kao „na upit”: fotografija NE menja taj podatak — pakovanje se upisuje samo iz izvora proizvođača.","Proizvođač za ovaj proizvod ne objavljuje zvaničnu sliku (provereno u sync-u brenda), pa je jedini legitiman izvor sopstvena fotografija.",rm__rm-am-2p35-blending-thinn-r.webp,/products/rm/supplied/rm__rm-am-2p35-blending-thinn-r.webp,rm__rm-am-2p35-blending-thinn-r,rm-am-2p35-blending-thinn-r,
P2,rm,R-M MatTOP,,C 2A95,C 2A95,Na upit,,CARD,1,"PACKSHOT PROIZVODA: Proizvod u pakovanju koje firma stvarno prodaje, spreda, etiketa čitljiva. Katalog pakovanje vodi kao „na upit”: fotografija NE menja taj podatak — pakovanje se upisuje samo iz izvora proizvođača.","Proizvođač za ovaj proizvod ne objavljuje zvaničnu sliku (provereno u sync-u brenda), pa je jedini legitiman izvor sopstvena fotografija.",rm__rm-c-2a95-mattop.webp,/products/rm/supplied/rm__rm-c-2a95-mattop.webp,rm__rm-c-2a95-mattop,rm-c-2a95-mattop,
P2,rm,R-M WHEEL CLEAR COAT,,C 2RM2,C 2RM2,Na upit,,CARD,1,"PACKSHOT PROIZVODA: Proizvod u pakovanju koje firma stvarno prodaje, spreda, etiketa čitljiva. Katalog pakovanje vodi kao „na upit”: fotografija NE menja taj podatak — pakovanje se upisuje samo iz izvora proizvođača.","Proizvođač za ovaj proizvod ne objavljuje zvaničnu sliku (provereno u sync-u brenda), pa je jedini legitiman izvor sopstvena fotografija.",rm__rm-c-2rm2-wheel-clear-coat.webp,/products/rm/supplied/rm__rm-c-2rm2-wheel-clear-coat.webp,rm__rm-c-2rm2-wheel-clear-coat,rm-c-2rm2-wheel-clear-coat,
P2,rm,R-M ULTRA FLASH FLAKE DIAMOND,,D 121,D 121,Na upit,,CARD,1,"PACKSHOT PROIZVODA: Proizvod u pakovanju koje firma stvarno prodaje, spreda, etiketa čitljiva. Katalog pakovanje vodi kao „na upit”: fotografija NE menja taj podatak — pakovanje se upisuje samo iz izvora proizvođača.","Proizvođač za ovaj proizvod ne objavljuje zvaničnu sliku (provereno u sync-u brenda), pa je jedini legitiman izvor sopstvena fotografija.",rm__rm-d-121-ultra-flash-flake-diamond.webp,/products/rm/supplied/rm__rm-d-121-ultra-flash-flake-diamond.webp,rm__rm-d-121-ultra-flash-flake-diamond,rm-d-121-ultra-flash-flake-diamond,
P2,rm,R-M ONYX HD Deep Black,,DB 403,DB 403,Na upit,,CARD,1,"PACKSHOT PROIZVODA: Proizvod u pakovanju koje firma stvarno prodaje, spreda, etiketa čitljiva. Katalog pakovanje vodi kao „na upit”: fotografija NE menja taj podatak — pakovanje se upisuje samo iz izvora proizvođača.","Proizvođač za ovaj proizvod ne objavljuje zvaničnu sliku (provereno u sync-u brenda), pa je jedini legitiman izvor sopstvena fotografija.",rm__rm-db-403-onyx-hd-deep-black.webp,/products/rm/supplied/rm__rm-db-403-onyx-hd-deep-black.webp,rm__rm-db-403-onyx-hd-deep-black,rm-db-403-onyx-hd-deep-black,
P2,rm,R-M DIAMONT bezbojni lak,,,,1 L,,CARD,1,"PACKSHOT PROIZVODA: Proizvod u pakovanju 1 L, spreda, etiketa čitljiva.","Ručno unet proizvod iz programa firme, bez slike i bez zvaničnog izvora slike.",rm__rm-diamont-bezbojni-lak.webp,/products/rm/supplied/rm__rm-diamont-bezbojni-lak.webp,rm__rm-diamont-bezbojni-lak,rm-diamont-bezbojni-lak,galerija: 1
P2,rm,R-M GHD CV 12,,GHD CV 12,GHD CV 12,Na upit,,CARD,1,"PACKSHOT PROIZVODA: Proizvod u pakovanju koje firma stvarno prodaje, spreda, etiketa čitljiva. Katalog pakovanje vodi kao „na upit”: fotografija NE menja taj podatak — pakovanje se upisuje samo iz izvora proizvođača.","Proizvođač za ovaj proizvod ne objavljuje zvaničnu sliku (provereno u sync-u brenda), pa je jedini legitiman izvor sopstvena fotografija.",rm__rm-ghd-cv-12.webp,/products/rm/supplied/rm__rm-ghd-cv-12.webp,rm__rm-ghd-cv-12,rm-ghd-cv-12,
P2,rm,R-M GHD CV 40M,,GHD CV 40M,GHD CV 40M,Na upit,,CARD,1,"PACKSHOT PROIZVODA: Proizvod u pakovanju koje firma stvarno prodaje, spreda, etiketa čitljiva. Katalog pakovanje vodi kao „na upit”: fotografija NE menja taj podatak — pakovanje se upisuje samo iz izvora proizvođača.","Proizvođač za ovaj proizvod ne objavljuje zvaničnu sliku (provereno u sync-u brenda), pa je jedini legitiman izvor sopstvena fotografija.",rm__rm-ghd-cv-40m.webp,/products/rm/supplied/rm__rm-ghd-cv-40m.webp,rm__rm-ghd-cv-40m,rm-ghd-cv-40m,
P2,rm,R-M GHD THINNER,,GV 100,GV 100,Na upit,,CARD,1,"PACKSHOT PROIZVODA: Proizvod u pakovanju koje firma stvarno prodaje, spreda, etiketa čitljiva. Katalog pakovanje vodi kao „na upit”: fotografija NE menja taj podatak — pakovanje se upisuje samo iz izvora proizvođača.","Proizvođač za ovaj proizvod ne objavljuje zvaničnu sliku (provereno u sync-u brenda), pa je jedini legitiman izvor sopstvena fotografija.",rm__rm-gv-100-ghd-thinner.webp,/products/rm/supplied/rm__rm-gv-100-ghd-thinner.webp,rm__rm-gv-100-ghd-thinner,rm-gv-100-ghd-thinner,
P2,rm,R-M GHD THINNER,,GV 200,GV 200,Na upit,,CARD,1,"PACKSHOT PROIZVODA: Proizvod u pakovanju koje firma stvarno prodaje, spreda, etiketa čitljiva. Katalog pakovanje vodi kao „na upit”: fotografija NE menja taj podatak — pakovanje se upisuje samo iz izvora proizvođača.","Proizvođač za ovaj proizvod ne objavljuje zvaničnu sliku (provereno u sync-u brenda), pa je jedini legitiman izvor sopstvena fotografija.",rm__rm-gv-200-ghd-thinner.webp,/products/rm/supplied/rm__rm-gv-200-ghd-thinner.webp,rm__rm-gv-200-ghd-thinner,rm-gv-200-ghd-thinner,
P2,rm,R-M GHD THINNER,,GV 300,GV 300,Na upit,,CARD,1,"PACKSHOT PROIZVODA: Proizvod u pakovanju koje firma stvarno prodaje, spreda, etiketa čitljiva. Katalog pakovanje vodi kao „na upit”: fotografija NE menja taj podatak — pakovanje se upisuje samo iz izvora proizvođača.","Proizvođač za ovaj proizvod ne objavljuje zvaničnu sliku (provereno u sync-u brenda), pa je jedini legitiman izvor sopstvena fotografija.",rm__rm-gv-300-ghd-thinner.webp,/products/rm/supplied/rm__rm-gv-300-ghd-thinner.webp,rm__rm-gv-300-ghd-thinner,rm-gv-300-ghd-thinner,
P2,rm,R-M GHD THINNER,,GV 400,GV 400,Na upit,,CARD,1,"PACKSHOT PROIZVODA: Proizvod u pakovanju koje firma stvarno prodaje, spreda, etiketa čitljiva. Katalog pakovanje vodi kao „na upit”: fotografija NE menja taj podatak — pakovanje se upisuje samo iz izvora proizvođača.","Proizvođač za ovaj proizvod ne objavljuje zvaničnu sliku (provereno u sync-u brenda), pa je jedini legitiman izvor sopstvena fotografija.",rm__rm-gv-400-ghd-thinner.webp,/products/rm/supplied/rm__rm-gv-400-ghd-thinner.webp,rm__rm-gv-400-ghd-thinner,rm-gv-400-ghd-thinner,
P2,rm,R-M FillCURE Slow,,H 2A31,H 2A31,Na upit,,CARD,1,"PACKSHOT PROIZVODA: Proizvod u pakovanju koje firma stvarno prodaje, spreda, etiketa čitljiva. Katalog pakovanje vodi kao „na upit”: fotografija NE menja taj podatak — pakovanje se upisuje samo iz izvora proizvođača.","Proizvođač za ovaj proizvod ne objavljuje zvaničnu sliku (provereno u sync-u brenda), pa je jedini legitiman izvor sopstvena fotografija.",rm__rm-h-2a31-fillcure-slow.webp,/products/rm/supplied/rm__rm-h-2a31-fillcure-slow.webp,rm__rm-h-2a31-fillcure-slow,rm-h-2a31-fillcure-slow,
P2,rm,R-M FillCURE Plus,,H 2A80,H 2A80,Na upit,,CARD,1,"PACKSHOT PROIZVODA: Proizvod u pakovanju koje firma stvarno prodaje, spreda, etiketa čitljiva. Katalog pakovanje vodi kao „na upit”: fotografija NE menja taj podatak — pakovanje se upisuje samo iz izvora proizvođača.","Proizvođač za ovaj proizvod ne objavljuje zvaničnu sliku (provereno u sync-u brenda), pa je jedini legitiman izvor sopstvena fotografija.",rm__rm-h-2a80-fillcure-plus.webp,/products/rm/supplied/rm__rm-h-2a80-fillcure-plus.webp,rm__rm-h-2a80-fillcure-plus,rm-h-2a80-fillcure-plus,
P2,rm,R-M FillCURE Plus slow,,H 2A81,H 2A81,Na upit,,CARD,1,"PACKSHOT PROIZVODA: Proizvod u pakovanju koje firma stvarno prodaje, spreda, etiketa čitljiva. Katalog pakovanje vodi kao „na upit”: fotografija NE menja taj podatak — pakovanje se upisuje samo iz izvora proizvođača.","Proizvođač za ovaj proizvod ne objavljuje zvaničnu sliku (provereno u sync-u brenda), pa je jedini legitiman izvor sopstvena fotografija.",rm__rm-h-2a81-fillcure-plus-slow.webp,/products/rm/supplied/rm__rm-h-2a81-fillcure-plus-slow.webp,rm__rm-h-2a81-fillcure-plus-slow,rm-h-2a81-fillcure-plus-slow,
P2,rm,R-M FILLER Harden-R Plus,,H 2P80,H 2P80,Na upit,,CARD,1,"PACKSHOT PROIZVODA: Proizvod u pakovanju koje firma stvarno prodaje, spreda, etiketa čitljiva. Katalog pakovanje vodi kao „na upit”: fotografija NE menja taj podatak — pakovanje se upisuje samo iz izvora proizvođača.","Proizvođač za ovaj proizvod ne objavljuje zvaničnu sliku (provereno u sync-u brenda), pa je jedini legitiman izvor sopstvena fotografija.",rm__rm-h-2p80-filler-harden-r-plus.webp,/products/rm/supplied/rm__rm-h-2p80-filler-harden-r-plus.webp,rm__rm-h-2p80-filler-harden-r-plus,rm-h-2p80-filler-harden-r-plus,
P2,rm,R-M FILLER Harden-R Plus slow,,H 2P81,H 2P81,Na upit,,CARD,1,"PACKSHOT PROIZVODA: Proizvod u pakovanju koje firma stvarno prodaje, spreda, etiketa čitljiva. Katalog pakovanje vodi kao „na upit”: fotografija NE menja taj podatak — pakovanje se upisuje samo iz izvora proizvođača.","Proizvođač za ovaj proizvod ne objavljuje zvaničnu sliku (provereno u sync-u brenda), pa je jedini legitiman izvor sopstvena fotografija.",rm__rm-h-2p81-filler-harden-r-plus-slow.webp,/products/rm/supplied/rm__rm-h-2p81-filler-harden-r-plus-slow.webp,rm__rm-h-2p81-filler-harden-r-plus-slow,rm-h-2p81-filler-harden-r-plus-slow,
P2,rm,R-M MATSHADE Harden-R,,H 2P96,H 2P96,Na upit,,CARD,1,"PACKSHOT PROIZVODA: Proizvod u pakovanju koje firma stvarno prodaje, spreda, etiketa čitljiva. Katalog pakovanje vodi kao „na upit”: fotografija NE menja taj podatak — pakovanje se upisuje samo iz izvora proizvođača.","Proizvođač za ovaj proizvod ne objavljuje zvaničnu sliku (provereno u sync-u brenda), pa je jedini legitiman izvor sopstvena fotografija.",rm__rm-h-2p96-matshade-harden-r.webp,/products/rm/supplied/rm__rm-h-2p96-matshade-harden-r.webp,rm__rm-h-2p96-matshade-harden-r,rm-h-2p96-matshade-harden-r,
P2,rm,R-M GHD PROTECT FILLER HARDENER,,H 340,H 340,Na upit,,CARD,1,"PACKSHOT PROIZVODA: Proizvod u pakovanju koje firma stvarno prodaje, spreda, etiketa čitljiva. Katalog pakovanje vodi kao „na upit”: fotografija NE menja taj podatak — pakovanje se upisuje samo iz izvora proizvođača.","Proizvođač za ovaj proizvod ne objavljuje zvaničnu sliku (provereno u sync-u brenda), pa je jedini legitiman izvor sopstvena fotografija.",rm__rm-h-340-ghd-protect-filler-hardener.webp,/products/rm/supplied/rm__rm-h-340-ghd-protect-filler-hardener.webp,rm__rm-h-340-ghd-protect-filler-hardener,rm-h-340-ghd-protect-filler-hardener,
P2,rm,R-M GHD SLOW ACTIVATOR,,H 5430,H 5430,Na upit,,CARD,1,"PACKSHOT PROIZVODA: Proizvod u pakovanju koje firma stvarno prodaje, spreda, etiketa čitljiva. Katalog pakovanje vodi kao „na upit”: fotografija NE menja taj podatak — pakovanje se upisuje samo iz izvora proizvođača.","Proizvođač za ovaj proizvod ne objavljuje zvaničnu sliku (provereno u sync-u brenda), pa je jedini legitiman izvor sopstvena fotografija.",rm__rm-h-5430-ghd-slow-activator.webp,/products/rm/supplied/rm__rm-h-5430-ghd-slow-activator.webp,rm__rm-h-5430-ghd-slow-activator,rm-h-5430-ghd-slow-activator,
P2,rm,R-M GHD HARDENER,,H 700,H 700,Na upit,,CARD,1,"PACKSHOT PROIZVODA: Proizvod u pakovanju koje firma stvarno prodaje, spreda, etiketa čitljiva. Katalog pakovanje vodi kao „na upit”: fotografija NE menja taj podatak — pakovanje se upisuje samo iz izvora proizvođača.","Proizvođač za ovaj proizvod ne objavljuje zvaničnu sliku (provereno u sync-u brenda), pa je jedini legitiman izvor sopstvena fotografija.",rm__rm-h-700-ghd-hardener.webp,/products/rm/supplied/rm__rm-h-700-ghd-hardener.webp,rm__rm-h-700-ghd-hardener,rm-h-700-ghd-hardener,
P2,rm,R-M GHD HARDENER,,H 750,H 750,Na upit,,CARD,1,"PACKSHOT PROIZVODA: Proizvod u pakovanju koje firma stvarno prodaje, spreda, etiketa čitljiva. Katalog pakovanje vodi kao „na upit”: fotografija NE menja taj podatak — pakovanje se upisuje samo iz izvora proizvođača.","Proizvođač za ovaj proizvod ne objavljuje zvaničnu sliku (provereno u sync-u brenda), pa je jedini legitiman izvor sopstvena fotografija.",rm__rm-h-750-ghd-hardener.webp,/products/rm/supplied/rm__rm-h-750-ghd-hardener.webp,rm__rm-h-750-ghd-hardener,rm-h-750-ghd-hardener,
P2,rm,R-M GHD HARDENER,,H 770,H 770,Na upit,,CARD,1,"PACKSHOT PROIZVODA: Proizvod u pakovanju koje firma stvarno prodaje, spreda, etiketa čitljiva. Katalog pakovanje vodi kao „na upit”: fotografija NE menja taj podatak — pakovanje se upisuje samo iz izvora proizvođača.","Proizvođač za ovaj proizvod ne objavljuje zvaničnu sliku (provereno u sync-u brenda), pa je jedini legitiman izvor sopstvena fotografija.",rm__rm-h-770-ghd-hardener.webp,/products/rm/supplied/rm__rm-h-770-ghd-hardener.webp,rm__rm-h-770-ghd-hardener,rm-h-770-ghd-hardener,
P2,rm,R-M AGILIS Minor Repair,,HB 015,HB 015,Na upit,,CARD,1,"PACKSHOT PROIZVODA: Proizvod u pakovanju koje firma stvarno prodaje, spreda, etiketa čitljiva. Katalog pakovanje vodi kao „na upit”: fotografija NE menja taj podatak — pakovanje se upisuje samo iz izvora proizvođača.","Proizvođač za ovaj proizvod ne objavljuje zvaničnu sliku (provereno u sync-u brenda), pa je jedini legitiman izvor sopstvena fotografija.",rm__rm-hb-015-agilis-minor-repair.webp,/products/rm/supplied/rm__rm-hb-015-agilis-minor-repair.webp,rm__rm-hb-015-agilis-minor-repair,rm-hb-015-agilis-minor-repair,
P2,rm,R-M Gleam Silver ONYX HD,,HB 10S,HB 10S,Na upit,,CARD,1,"PACKSHOT PROIZVODA: Proizvod u pakovanju koje firma stvarno prodaje, spreda, etiketa čitljiva. Katalog pakovanje vodi kao „na upit”: fotografija NE menja taj podatak — pakovanje se upisuje samo iz izvora proizvođača.","Proizvođač za ovaj proizvod ne objavljuje zvaničnu sliku (provereno u sync-u brenda), pa je jedini legitiman izvor sopstvena fotografija.",rm__rm-hb-10s-gleam-silver-onyx-hd.webp,/products/rm/supplied/rm__rm-hb-10s-gleam-silver-onyx-hd.webp,rm__rm-hb-10s-gleam-silver-onyx-hd,rm-hb-10s-gleam-silver-onyx-hd,
P2,rm,R-M ONYX BLENDER PLUS,,A 2525,A 2525,Na upit,,CARD,1,"PACKSHOT PROIZVODA: Proizvod u pakovanju koje firma stvarno prodaje, spreda, etiketa čitljiva. Katalog pakovanje vodi kao „na upit”: fotografija NE menja taj podatak — pakovanje se upisuje samo iz izvora proizvođača.","Proizvođač za ovaj proizvod ne objavljuje zvaničnu sliku (provereno u sync-u brenda), pa je jedini legitiman izvor sopstvena fotografija.",rm__rm-onyx-blender-plus.webp,/products/rm/supplied/rm__rm-onyx-blender-plus.webp,rm__rm-onyx-blender-plus,rm-onyx-blender-plus,
P2,rm,R-M ONYX HD TROPICAL,,ONYX HD TROPICAL,ONYX HD TROPICAL,Na upit,,CARD,1,"PACKSHOT PROIZVODA: Proizvod u pakovanju koje firma stvarno prodaje, spreda, etiketa čitljiva. Katalog pakovanje vodi kao „na upit”: fotografija NE menja taj podatak — pakovanje se upisuje samo iz izvora proizvođača.","Proizvođač za ovaj proizvod ne objavljuje zvaničnu sliku (provereno u sync-u brenda), pa je jedini legitiman izvor sopstvena fotografija.",rm__rm-onyx-hd-tropical.webp,/products/rm/supplied/rm__rm-onyx-hd-tropical.webp,rm__rm-onyx-hd-tropical,rm-onyx-hd-tropical,
P2,rm,R-M SpeedFILLER White,,P 2A81,P 2A81,Na upit,,CARD,1,"PACKSHOT PROIZVODA: Proizvod u pakovanju koje firma stvarno prodaje, spreda, etiketa čitljiva. Katalog pakovanje vodi kao „na upit”: fotografija NE menja taj podatak — pakovanje se upisuje samo iz izvora proizvođača.","Proizvođač za ovaj proizvod ne objavljuje zvaničnu sliku (provereno u sync-u brenda), pa je jedini legitiman izvor sopstvena fotografija.",rm__rm-p-2a81-speedfiller-white.webp,/products/rm/supplied/rm__rm-p-2a81-speedfiller-white.webp,rm__rm-p-2a81-speedfiller-white,rm-p-2a81-speedfiller-white,
P2,rm,R-M SpeedFILLER Black,,P 2A85,P 2A85,Na upit,,CARD,1,"PACKSHOT PROIZVODA: Proizvod u pakovanju koje firma stvarno prodaje, spreda, etiketa čitljiva. Katalog pakovanje vodi kao „na upit”: fotografija NE menja taj podatak — pakovanje se upisuje samo iz izvora proizvođača.","Proizvođač za ovaj proizvod ne objavljuje zvaničnu sliku (provereno u sync-u brenda), pa je jedini legitiman izvor sopstvena fotografija.",rm__rm-p-2a85-speedfiller-black.webp,/products/rm/supplied/rm__rm-p-2a85-speedfiller-black.webp,rm__rm-p-2a85-speedfiller-black,rm-p-2a85-speedfiller-black,
P2,rm,R-M GHD SURFACER WHITE,,P 5430W,P 5430W,Na upit,,CARD,1,"PACKSHOT PROIZVODA: Proizvod u pakovanju koje firma stvarno prodaje, spreda, etiketa čitljiva. Katalog pakovanje vodi kao „na upit”: fotografija NE menja taj podatak — pakovanje se upisuje samo iz izvora proizvođača.","Proizvođač za ovaj proizvod ne objavljuje zvaničnu sliku (provereno u sync-u brenda), pa je jedini legitiman izvor sopstvena fotografija.",rm__rm-p-5430w-ghd-surfacer-white.webp,/products/rm/supplied/rm__rm-p-5430w-ghd-surfacer-white.webp,rm__rm-p-5430w-ghd-surfacer-white,rm-p-5430w-ghd-surfacer-white,
P2,rm,R-M GHD CHASSISMIX,,P 5433,P 5433,Na upit,,CARD,1,"PACKSHOT PROIZVODA: Proizvod u pakovanju koje firma stvarno prodaje, spreda, etiketa čitljiva. Katalog pakovanje vodi kao „na upit”: fotografija NE menja taj podatak — pakovanje se upisuje samo iz izvora proizvođača.","Proizvođač za ovaj proizvod ne objavljuje zvaničnu sliku (provereno u sync-u brenda), pa je jedini legitiman izvor sopstvena fotografija.",rm__rm-p-5433-ghd-chassismix.webp,/products/rm/supplied/rm__rm-p-5433-ghd-chassismix.webp,rm__rm-p-5433-ghd-chassismix,rm-p-5433-ghd-chassismix,
P2,rm,R-M GHD MULTI PRIMER FILLER CF,,P 5520,P 5520,Na upit,,CARD,1,"PACKSHOT PROIZVODA: Proizvod u pakovanju koje firma stvarno prodaje, spreda, etiketa čitljiva. Katalog pakovanje vodi kao „na upit”: fotografija NE menja taj podatak — pakovanje se upisuje samo iz izvora proizvođača.","Proizvođač za ovaj proizvod ne objavljuje zvaničnu sliku (provereno u sync-u brenda), pa je jedini legitiman izvor sopstvena fotografija.",rm__rm-p-5520-ghd-multi-primer-filler-cf.webp,/products/rm/supplied/rm__rm-p-5520-ghd-multi-primer-filler-cf.webp,rm__rm-p-5520-ghd-multi-primer-filler-cf,rm-p-5520-ghd-multi-primer-filler-cf,
P2,rm,R-M GHD PROTECT PRIMER FILLER,,P 5540,P 5540,Na upit,,CARD,1,"PACKSHOT PROIZVODA: Proizvod u pakovanju koje firma stvarno prodaje, spreda, etiketa čitljiva. Katalog pakovanje vodi kao „na upit”: fotografija NE menja taj podatak — pakovanje se upisuje samo iz izvora proizvođača.","Proizvođač za ovaj proizvod ne objavljuje zvaničnu sliku (provereno u sync-u brenda), pa je jedini legitiman izvor sopstvena fotografija.",rm__rm-p-5540-ghd-protect-primer-filler.webp,/products/rm/supplied/rm__rm-p-5540-ghd-protect-primer-filler.webp,rm__rm-p-5540-ghd-protect-primer-filler,rm-p-5540-ghd-protect-primer-filler,
P2,rm,R-M AirtopTHINN,,R 2A20,R 2A20,Na upit,,CARD,1,"PACKSHOT PROIZVODA: Proizvod u pakovanju koje firma stvarno prodaje, spreda, etiketa čitljiva. Katalog pakovanje vodi kao „na upit”: fotografija NE menja taj podatak — pakovanje se upisuje samo iz izvora proizvođača.","Proizvođač za ovaj proizvod ne objavljuje zvaničnu sliku (provereno u sync-u brenda), pa je jedini legitiman izvor sopstvena fotografija.",rm__rm-r-2a20-airtopthinn.webp,/products/rm/supplied/rm__rm-r-2a20-airtopthinn.webp,rm__rm-r-2a20-airtopthinn,rm-r-2a20-airtopthinn,
P2,rm,R-M CLEAR Thinn-R,,R 2P45,R 2P45,Na upit,,CARD,1,"PACKSHOT PROIZVODA: Proizvod u pakovanju koje firma stvarno prodaje, spreda, etiketa čitljiva. Katalog pakovanje vodi kao „na upit”: fotografija NE menja taj podatak — pakovanje se upisuje samo iz izvora proizvođača.","Proizvođač za ovaj proizvod ne objavljuje zvaničnu sliku (provereno u sync-u brenda), pa je jedini legitiman izvor sopstvena fotografija.",rm__rm-r-2p45-clear-thinn-r.webp,/products/rm/supplied/rm__rm-r-2p45-clear-thinn-r.webp,rm__rm-r-2p45-clear-thinn-r,rm-r-2p45-clear-thinn-r,
P2,rm,R-M AGILIS MIX,,RA 040,RA 040,Na upit,,CARD,1,"PACKSHOT PROIZVODA: Proizvod u pakovanju koje firma stvarno prodaje, spreda, etiketa čitljiva. Katalog pakovanje vodi kao „na upit”: fotografija NE menja taj podatak — pakovanje se upisuje samo iz izvora proizvođača.","Proizvođač za ovaj proizvod ne objavljuje zvaničnu sliku (provereno u sync-u brenda), pa je jedini legitiman izvor sopstvena fotografija.",rm__rm-ra-040-agilis-mix.webp,/products/rm/supplied/rm__rm-ra-040-agilis-mix.webp,rm__rm-ra-040-agilis-mix,rm-ra-040-agilis-mix,
P2,rm,R-M UNO HD,,,,Na upit,,CARD,1,"PACKSHOT PROIZVODA: Proizvod u pakovanju koje firma stvarno prodaje, spreda, etiketa čitljiva. Katalog pakovanje vodi kao „na upit”: fotografija NE menja taj podatak — pakovanje se upisuje samo iz izvora proizvođača.","Proizvođač za ovaj proizvod ne objavljuje zvaničnu sliku (provereno u sync-u brenda), pa je jedini legitiman izvor sopstvena fotografija.",rm__rm-uno-hd.webp,/products/rm/supplied/rm__rm-uno-hd.webp,rm__rm-uno-hd,rm-uno-hd,
P2,sata,SATA air star F,,134353,134353,Art. 134353,,CARD,1,"PACKSHOT PROIZVODA: Proizvod u pakovanju koje firma stvarno prodaje, spreda, etiketa čitljiva. Katalog pakovanje vodi kao „na upit”: fotografija NE menja taj podatak — pakovanje se upisuje samo iz izvora proizvođača.","Proizvođač za ovaj proizvod ne objavljuje zvaničnu sliku (provereno u sync-u brenda), pa je jedini legitiman izvor sopstvena fotografija.",sata__sata-air-star-f.webp,/products/sata/supplied/sata__sata-air-star-f.webp,sata__sata-air-star-f,sata-air-star-f,
P2,sata,SATA LCS - Hard Cups,,,1225615 1225623 1225631,,,CARD,3,PACKSHOT KARTICE: Jedna fotografija proizvoda pokriva svih 3 brojeva artikala ove kartice (1225615 1225623 1225631) — nije potrebna slika po broju artikla.,"Proizvođač za ovaj proizvod ne objavljuje zvaničnu sliku (provereno u sync-u brenda), pa je jedini legitiman izvor sopstvena fotografija.",sata__sata-lcs-hard-cups.webp,/products/sata/supplied/sata__sata-lcs-hard-cups.webp,sata__sata-lcs-hard-cups,sata-lcs-hard-cups,3 redova artikala; redovi bez sopstvene slike dele packshot kartice
P2,sata,SATA Release agent spray system,,187740,187740,Art. 187740,,CARD,1,"PACKSHOT PROIZVODA: Proizvod u pakovanju koje firma stvarno prodaje, spreda, etiketa čitljiva. Katalog pakovanje vodi kao „na upit”: fotografija NE menja taj podatak — pakovanje se upisuje samo iz izvora proizvođača.","Proizvođač za ovaj proizvod ne objavljuje zvaničnu sliku (provereno u sync-u brenda), pa je jedini legitiman izvor sopstvena fotografija.",sata__sata-release-agent-spray-system.webp,/products/sata/supplied/sata__sata-release-agent-spray-system.webp,sata__sata-release-agent-spray-system,sata-release-agent-spray-system,
P2,sata,SATAjet 1500 B,,,1029562 1029702 1029710 1093575,,,CARD,4,PACKSHOT KARTICE: Jedna fotografija proizvoda pokriva svih 4 brojeva artikala ove kartice (1029562 1029702 1029710 1093575) — nije potrebna slika po broju artikla.,"Proizvođač za ovaj proizvod ne objavljuje zvaničnu sliku (provereno u sync-u brenda), pa je jedini legitiman izvor sopstvena fotografija.",sata__satajet-1500-b.webp,/products/sata/supplied/sata__satajet-1500-b.webp,sata__satajet-1500-b,satajet-1500-b,4 redova artikala; redovi bez sopstvene slike dele packshot kartice
P2,sata,SATAjet 3000 B,,190538,190538,Art. 190538,,CARD,1,"PACKSHOT PROIZVODA: Proizvod u pakovanju koje firma stvarno prodaje, spreda, etiketa čitljiva. Katalog pakovanje vodi kao „na upit”: fotografija NE menja taj podatak — pakovanje se upisuje samo iz izvora proizvođača.","Proizvođač za ovaj proizvod ne objavljuje zvaničnu sliku (provereno u sync-u brenda), pa je jedini legitiman izvor sopstvena fotografija.",sata__satajet-3000-b.webp,/products/sata/supplied/sata__satajet-3000-b.webp,sata__satajet-3000-b,satajet-3000-b,
P3,baslac,Baslac 20-24 2K Primerfiller Grey 4 L,,,,4 L,,VARIANT,1,PACKSHOT PAKOVANJA/VARIJANTE: Baš ovo pakovanje/varijanta: 4 L. Druga varijanta iste kartice već ima sliku; fotografija drugog pakovanja se NE sme koristiti umesto ove.,"Kartica ima sliku, ali ovo pakovanje/varijanta/red nema svoju; sajt ne pozajmljuje sliku drugog pakovanja.",baslac__baslac-20-24-2k-primerfiller-grey-4l.webp,/products/baslac/supplied/baslac__baslac-20-24-2k-primerfiller-grey-4l.webp,baslac__baslac-20-24-2k-primerfiller-grey-4l,baslac-20-24-2k-primerfiller-grey-4l,druga varijanta iste kartice ima sliku; ova koristi placeholder (nema pogrešnog sibling fallback-a)
P3,baslac,Baslac 20-34 2K Primerfiller White 1 L,,20-34,20-34,1 L,,VARIANT,1,PACKSHOT PAKOVANJA/VARIJANTE: Baš ovo pakovanje/varijanta: 1 L. Druga varijanta iste kartice već ima sliku; fotografija drugog pakovanja se NE sme koristiti umesto ove.,"Kartica ima sliku, ali ovo pakovanje/varijanta/red nema svoju; sajt ne pozajmljuje sliku drugog pakovanja.",baslac__baslac-20-34-2k-primerfiller-white-1l.webp,/products/baslac/supplied/baslac__baslac-20-34-2k-primerfiller-white-1l.webp,baslac__baslac-20-34-2k-primerfiller-white-1l,baslac-20-34-2k-primerfiller-white-1l,druga varijanta iste kartice ima sliku; ova koristi placeholder (nema pogrešnog sibling fallback-a)
P3,baslac,Baslac 20-94 2K Primerfiller Black 1 L,,20-94,20-94,1 L,,VARIANT,1,PACKSHOT PAKOVANJA/VARIJANTE: Baš ovo pakovanje/varijanta: 1 L. Druga varijanta iste kartice već ima sliku; fotografija drugog pakovanja se NE sme koristiti umesto ove.,"Kartica ima sliku, ali ovo pakovanje/varijanta/red nema svoju; sajt ne pozajmljuje sliku drugog pakovanja.",baslac__baslac-20-94-2k-primerfiller-black-1l.webp,/products/baslac/supplied/baslac__baslac-20-94-2k-primerfiller-black-1l.webp,baslac__baslac-20-94-2k-primerfiller-black-1l,baslac-20-94-2k-primerfiller-black-1l,druga varijanta iste kartice ima sliku; ova koristi placeholder (nema pogrešnog sibling fallback-a)
P3,baslac,Baslac 27-10 2K Washprimer 1 L,,27-10,27-10,1 L,,VARIANT,1,PACKSHOT PAKOVANJA/VARIJANTE: Baš ovo pakovanje/varijanta: 1 L. Druga varijanta iste kartice već ima sliku; fotografija drugog pakovanja se NE sme koristiti umesto ove.,"Kartica ima sliku, ali ovo pakovanje/varijanta/red nema svoju; sajt ne pozajmljuje sliku drugog pakovanja.",baslac__baslac-27-10-2k-washprimer-1l.webp,/products/baslac/supplied/baslac__baslac-27-10-2k-washprimer-1l.webp,baslac__baslac-27-10-2k-washprimer-1l,baslac-27-10-2k-washprimer-1l,druga varijanta iste kartice ima sliku; ova koristi placeholder (nema pogrešnog sibling fallback-a)
P3,baslac,baslac Topcoat 30 — 1 L,,,,1 L,,PACKAGE,17,"PORODIČNI PACKSHOT PAKOVANJA: Jedna limenka linije u pakovanju 1 L, spreda, etiketa čitljiva. Jedna fotografija pokriva 17 tonera te linije u tom pakovanju — NE fotografisati svaki toner posebno.","Kartica ima sliku, ali ovo pakovanje/varijanta/red nema svoju; sajt ne pozajmljuje sliku drugog pakovanja.",baslac__baslac-line-30__pkg-1-l.webp,/products/baslac/supplied/baslac__baslac-line-30__pkg-1-l.webp,baslac__baslac-line-30__pkg-1-l,baslac-line-30,porodični packshot za 17 varijanti pakovanja „1 L” (packshotKind: family); druga varijanta iste kartice ima sliku; ova koristi placeholder (nema pogrešnog sibling fallback-a)
P3,baslac,"baslac Basecoat 35 — 0,5 L",,,,"0,5 L",,PACKAGE,32,"PORODIČNI PACKSHOT PAKOVANJA: Jedna limenka linije u pakovanju 0,5 L, spreda, etiketa čitljiva. Jedna fotografija pokriva 32 tonera te linije u tom pakovanju — NE fotografisati svaki toner posebno.","Kartica ima sliku, ali ovo pakovanje/varijanta/red nema svoju; sajt ne pozajmljuje sliku drugog pakovanja.",baslac__baslac-line-35__pkg-0-5-l.webp,/products/baslac/supplied/baslac__baslac-line-35__pkg-0-5-l.webp,baslac__baslac-line-35__pkg-0-5-l,baslac-line-35,"porodični packshot za 32 varijanti pakovanja „0,5 L” (packshotKind: family); druga varijanta iste kartice ima sliku; ova koristi placeholder (nema pogrešnog sibling fallback-a)"
P3,baslac,baslac Basecoat 35 — 1 L,,,,1 L,,PACKAGE,17,"PORODIČNI PACKSHOT PAKOVANJA: Jedna limenka linije u pakovanju 1 L, spreda, etiketa čitljiva. Jedna fotografija pokriva 17 tonera te linije u tom pakovanju — NE fotografisati svaki toner posebno.","Kartica ima sliku, ali ovo pakovanje/varijanta/red nema svoju; sajt ne pozajmljuje sliku drugog pakovanja.",baslac__baslac-line-35__pkg-1-l.webp,/products/baslac/supplied/baslac__baslac-line-35__pkg-1-l.webp,baslac__baslac-line-35__pkg-1-l,baslac-line-35,porodični packshot za 17 varijanti pakovanja „1 L” (packshotKind: family); druga varijanta iste kartice ima sliku; ova koristi placeholder (nema pogrešnog sibling fallback-a)
P3,baslac,"baslac Basecoat 45 — 0,1 L",,,,"0,1 L",,PACKAGE,12,"PORODIČNI PACKSHOT PAKOVANJA: Jedna limenka linije u pakovanju 0,1 L, spreda, etiketa čitljiva. Jedna fotografija pokriva 12 tonera te linije u tom pakovanju — NE fotografisati svaki toner posebno.","Kartica ima sliku, ali ovo pakovanje/varijanta/red nema svoju; sajt ne pozajmljuje sliku drugog pakovanja.",baslac__baslac-line-45__pkg-0-1-l.webp,/products/baslac/supplied/baslac__baslac-line-45__pkg-0-1-l.webp,baslac__baslac-line-45__pkg-0-1-l,baslac-line-45,"porodični packshot za 12 varijanti pakovanja „0,1 L” (packshotKind: family)"
P3,baslac,"baslac Basecoat 45 — 0,5 L",,,,"0,5 L",,PACKAGE,48,"PORODIČNI PACKSHOT PAKOVANJA: Jedna limenka linije u pakovanju 0,5 L, spreda, etiketa čitljiva. Jedna fotografija pokriva 48 tonera te linije u tom pakovanju — NE fotografisati svaki toner posebno.","Kartica ima sliku, ali ovo pakovanje/varijanta/red nema svoju; sajt ne pozajmljuje sliku drugog pakovanja.",baslac__baslac-line-45__pkg-0-5-l.webp,/products/baslac/supplied/baslac__baslac-line-45__pkg-0-5-l.webp,baslac__baslac-line-45__pkg-0-5-l,baslac-line-45,"porodični packshot za 48 varijanti pakovanja „0,5 L” (packshotKind: family)"
P3,baslac,baslac Basecoat 45 — 1 L,,,,1 L,,PACKAGE,7,"PORODIČNI PACKSHOT PAKOVANJA: Jedna limenka linije u pakovanju 1 L, spreda, etiketa čitljiva. Jedna fotografija pokriva 7 tonera te linije u tom pakovanju — NE fotografisati svaki toner posebno.","Kartica ima sliku, ali ovo pakovanje/varijanta/red nema svoju; sajt ne pozajmljuje sliku drugog pakovanja.",baslac__baslac-line-45__pkg-1-l.webp,/products/baslac/supplied/baslac__baslac-line-45__pkg-1-l.webp,baslac__baslac-line-45__pkg-1-l,baslac-line-45,porodični packshot za 7 varijanti pakovanja „1 L” (packshotKind: family)
P3,baslac,baslac Basecoat 45 — 5 L,,,,5 L,,PACKAGE,1,"PORODIČNI PACKSHOT PAKOVANJA: Jedna limenka linije u pakovanju 5 L, spreda, etiketa čitljiva. Jedna fotografija pokriva 1 toner te linije u tom pakovanju — NE fotografisati svaki toner posebno.","Kartica ima sliku, ali ovo pakovanje/varijanta/red nema svoju; sajt ne pozajmljuje sliku drugog pakovanja.",baslac__baslac-line-45__pkg-5-l.webp,/products/baslac/supplied/baslac__baslac-line-45__pkg-5-l.webp,baslac__baslac-line-45__pkg-5-l,baslac-line-45,porodični packshot za 1 varijanti pakovanja „5 L” (packshotKind: family)
P3,befar,Befar Carved Velcro Polishing Pad,,,05801,,Bela,ARTICLE,1,"SLIKA REDA (boja/dimenzija): Baš ovaj artikal: Bela (šifra 05801). Ostali redovi iste kartice već imaju svoju sliku, pa je ovde potrebna fotografija TAČNO ove boje/dimenzije.","Kartica ima sliku, ali ovo pakovanje/varijanta/red nema svoju; sajt ne pozajmljuje sliku drugog pakovanja.",befar__befar-carved-velcro-polishing-pad__05801.webp,/products/befar/supplied/befar__befar-carved-velcro-polishing-pad__05801.webp,befar__befar-carved-velcro-polishing-pad__05801,befar-carved-velcro-polishing-pad,red nema svoju sliku; PDP prikazuje packshot kartice /products/befar/catalog/befar-carved-velcro-polishing-pad.webp
P3,befar,Befar Velcro Polishing Pad,,,44805,,Plava · 80 × 25 mm,ARTICLE,1,"SLIKA REDA (boja/dimenzija): Baš ovaj artikal: Plava · 80 × 25 mm (šifra 44805). Ostali redovi iste kartice već imaju svoju sliku, pa je ovde potrebna fotografija TAČNO ove boje/dimenzije.","Kartica ima sliku, ali ovo pakovanje/varijanta/red nema svoju; sajt ne pozajmljuje sliku drugog pakovanja.",befar__befar-velcro-polishing-pad__44805.webp,/products/befar/supplied/befar__befar-velcro-polishing-pad__44805.webp,befar__befar-velcro-polishing-pad__44805,befar-velcro-polishing-pad,red nema svoju sliku; PDP prikazuje packshot kartice /products/befar/catalog/befar-velcro-polishing-pad.webp
P3,befar,Befar Velcro Polishing Pad,,,44806,,Krem · 80 × 25 mm,ARTICLE,1,"SLIKA REDA (boja/dimenzija): Baš ovaj artikal: Krem · 80 × 25 mm (šifra 44806). Ostali redovi iste kartice već imaju svoju sliku, pa je ovde potrebna fotografija TAČNO ove boje/dimenzije.","Kartica ima sliku, ali ovo pakovanje/varijanta/red nema svoju; sajt ne pozajmljuje sliku drugog pakovanja.",befar__befar-velcro-polishing-pad__44806.webp,/products/befar/supplied/befar__befar-velcro-polishing-pad__44806.webp,befar__befar-velcro-polishing-pad__44806,befar-velcro-polishing-pad,red nema svoju sliku; PDP prikazuje packshot kartice /products/befar/catalog/befar-velcro-polishing-pad.webp
P3,befar,Befar Velcro Polishing Pad,,,44807,,Bordo · 80 × 25 mm,ARTICLE,1,"SLIKA REDA (boja/dimenzija): Baš ovaj artikal: Bordo · 80 × 25 mm (šifra 44807). Ostali redovi iste kartice već imaju svoju sliku, pa je ovde potrebna fotografija TAČNO ove boje/dimenzije.","Kartica ima sliku, ali ovo pakovanje/varijanta/red nema svoju; sajt ne pozajmljuje sliku drugog pakovanja.",befar__befar-velcro-polishing-pad__44807.webp,/products/befar/supplied/befar__befar-velcro-polishing-pad__44807.webp,befar__befar-velcro-polishing-pad__44807,befar-velcro-polishing-pad,red nema svoju sliku; PDP prikazuje packshot kartice /products/befar/catalog/befar-velcro-polishing-pad.webp
P3,befar,Befar Waffle Velcro Polishing Pad,,,04503,,Crna · 150 × 25 mm,ARTICLE,1,"SLIKA REDA (boja/dimenzija): Baš ovaj artikal: Crna · 150 × 25 mm (šifra 04503). Ostali redovi iste kartice već imaju svoju sliku, pa je ovde potrebna fotografija TAČNO ove boje/dimenzije.","Kartica ima sliku, ali ovo pakovanje/varijanta/red nema svoju; sajt ne pozajmljuje sliku drugog pakovanja.",befar__befar-waffle-velcro-polishing-pad__04503.webp,/products/befar/supplied/befar__befar-waffle-velcro-polishing-pad__04503.webp,befar__befar-waffle-velcro-polishing-pad__04503,befar-waffle-velcro-polishing-pad,red nema svoju sliku; PDP prikazuje packshot kartice /products/befar/catalog/befar-waffle-velcro-polishing-pad.webp
P3,befar,Befar Waffle Velcro Polishing Pad,,,448031,,Crna · 80 × 25 mm,ARTICLE,1,"SLIKA REDA (boja/dimenzija): Baš ovaj artikal: Crna · 80 × 25 mm (šifra 448031). Ostali redovi iste kartice već imaju svoju sliku, pa je ovde potrebna fotografija TAČNO ove boje/dimenzije.","Kartica ima sliku, ali ovo pakovanje/varijanta/red nema svoju; sajt ne pozajmljuje sliku drugog pakovanja.",befar__befar-waffle-velcro-polishing-pad__448031.webp,/products/befar/supplied/befar__befar-waffle-velcro-polishing-pad__448031.webp,befar__befar-waffle-velcro-polishing-pad__448031,befar-waffle-velcro-polishing-pad,red nema svoju sliku; PDP prikazuje packshot kartice /products/befar/catalog/befar-waffle-velcro-polishing-pad.webp
P3,befar,Befar Waffle Velcro Polishing Pad,,,448061,,Bordo · 80 × 25 mm,ARTICLE,1,"SLIKA REDA (boja/dimenzija): Baš ovaj artikal: Bordo · 80 × 25 mm (šifra 448061). Ostali redovi iste kartice već imaju svoju sliku, pa je ovde potrebna fotografija TAČNO ove boje/dimenzije.","Kartica ima sliku, ali ovo pakovanje/varijanta/red nema svoju; sajt ne pozajmljuje sliku drugog pakovanja.",befar__befar-waffle-velcro-polishing-pad__448061.webp,/products/befar/supplied/befar__befar-waffle-velcro-polishing-pad__448061.webp,befar__befar-waffle-velcro-polishing-pad__448061,befar-waffle-velcro-polishing-pad,red nema svoju sliku; PDP prikazuje packshot kartice /products/befar/catalog/befar-waffle-velcro-polishing-pad.webp
P3,norbin,Norbin N15-020 5 L,,N15-020,N15-020,5 L,,VARIANT,1,PACKSHOT PAKOVANJA/VARIJANTE: Baš ovo pakovanje/varijanta: 5 L. Druga varijanta iste kartice već ima sliku; fotografija drugog pakovanja se NE sme koristiti umesto ove.,"Kartica ima sliku, ali ovo pakovanje/varijanta/red nema svoju; sajt ne pozajmljuje sliku drugog pakovanja.",norbin__norbin-n15-020-5l.webp,/products/norbin/supplied/norbin__norbin-n15-020-5l.webp,norbin__norbin-n15-020-5l,norbin-n15-020-5l,druga varijanta iste kartice ima sliku; ova koristi placeholder (nema pogrešnog sibling fallback-a)
