slug,name,runtimePath,class,problemType,cornerAlphaMax,alphaVeil,assetCanvasW,assetCanvasH,boxAlpha24_x,boxAlpha24_y,boxAlpha24_w,boxAlpha24_h,boxOpaque_x,boxOpaque_y,boxOpaque_w,boxOpaque_h,widthInflation,heightInflation,areaInflation,centreShiftX_frac,centreShiftY_frac,linearShortfallPct,areaShortfallPct,verdict
carsystem-paint-trolley-flexi-plus,Carsystem Paint Trolley Flexi Plus,/products/carsystem/catalog/carsystem-paint-trolley-flexi-plus.webp,B_DETERMINISTIC_FIX,SOURCE_IMAGE_PROBLEM,25,True,660,692,0,0,660,692,18,25,617,653,1.0697,1.0597,1.1336,0.0053,-0.0079,6.5,11.8,SOURCE (1-2 px semi-transparent border frame in the asset)
carsystem-rupes-polishing-machine-lh19e,RUPES Polishing Machine LH19E,/products/carsystem/catalog/carsystem-rupes-polishing-machine-lh19e.webp,B_DETERMINISTIC_FIX,SOURCE_IMAGE_PROBLEM,33,True,660,329,0,0,660,329,61,62,571,213,1.1559,1.5446,1.7854,-0.025,-0.0122,35.3,44.0,SOURCE (1-2 px semi-transparent border frame in the asset)
carsystem-rupes-polishing-machine-lhr75,RUPES Polishing Machine LHR75,/products/carsystem/catalog/carsystem-rupes-polishing-machine-lhr75.webp,B_DETERMINISTIC_FIX,SOURCE_IMAGE_PROBLEM,96,True,660,660,0,0,660,660,62,141,533,336,1.2383,1.9643,2.4323,0.0023,0.0318,49.1,58.9,SOURCE (1-2 px semi-transparent border frame in the asset)
carsystem-rupes-vacuum-cleaner-s145,RUPES Vacuum Cleaner S145,/products/carsystem/catalog/carsystem-rupes-vacuum-cleaner-s145.webp,B_DETERMINISTIC_FIX,SOURCE_IMAGE_PROBLEM,71,True,660,872,0,0,660,872,78,56,538,760,1.2268,1.1474,1.4076,-0.0258,0.0,18.5,29.0,SOURCE (1-2 px semi-transparent border frame in the asset)
carsystem-rupes-orbital-sander-slp41a,RUPES Orbital Sander SLP41A,/products/carsystem/catalog/carsystem-rupes-orbital-sander-slp41a.webp,B_DETERMINISTIC_FIX,SOURCE_IMAGE_PROBLEM,36,True,660,301,0,0,660,301,6,15,646,264,1.0217,1.1402,1.1649,0.0015,0.0116,12.3,14.2,SOURCE (1-2 px semi-transparent border frame in the asset)
carsystem-rupes-skorpio-e-rx,RUPES Skorpio E RX,/products/carsystem/catalog/carsystem-rupes-skorpio-e-rx.webp,B_DETERMINISTIC_FIX,SOURCE_IMAGE_PROBLEM,25,True,660,358,0,0,660,358,21,5,630,337,1.0476,1.0623,1.1129,-0.0091,0.0154,5.9,10.1,SOURCE (1-2 px semi-transparent border frame in the asset)
carsystem-git-elastic-weiss,Carsystem Git Elastic Weiss,/products/carsystem/carsystem-git-elastic-weiss.png,E_SOURCE_REPLACEMENT_PREFERRED,BOTH,0,False,660,406,39,50,536,304,85,57,489,290,1.0961,1.0483,1.149,-0.0341,0.0,8.8,13.0,CSS (measurement counts the baked shadow)
carsystem-multi-flow,Carsystem Multi Flow,/products/carsystem/catalog/carsystem-multi-flow.webp,B_DETERMINISTIC_FIX,BOTH,0,False,660,429,54,70,445,321,163,71,335,262,1.3284,1.2252,1.6275,-0.0818,0.0664,24.7,38.6,CSS (measurement counts the baked shadow)
carsystem-anti-rust-putty,Carsystem Anti Rust Putty,/products/carsystem/catalog/carsystem-anti-rust-putty.webp,B_DETERMINISTIC_FIX,BOTH,1,False,660,406,33,49,627,314,93,50,495,296,1.2667,1.0608,1.3437,0.0091,0.0197,21.1,25.6,CSS (measurement counts the baked shadow)
carsystem-classic-coverall-pants,Carsystem Classic Coverall Pants,/products/carsystem/catalog/carsystem-classic-coverall-pants.webp,F_SPECIAL_MARKETING_IMAGE,BOTH,0,False,660,1254,22,344,615,772,41,509,584,605,1.0531,1.276,1.3438,-0.0053,-0.065,21.6,25.6,CSS (measurement counts the baked shadow)
carsystem-glas,Carsystem Glas,/products/carsystem/catalog/carsystem-glas.webp,B_DETERMINISTIC_FIX,BOTH,0,False,660,406,23,50,629,323,85,57,487,290,1.2916,1.1138,1.4386,0.0136,0.0234,22.6,30.5,CSS (measurement counts the baked shadow)
carsystem-paint-system-cps-3-0,Carsystem Paint System CPS 3.0,/products/carsystem/catalog/carsystem-paint-system-cps-3-0.webp,B_DETERMINISTIC_FIX,BOTH,0,False,660,726,41,50,574,564,42,51,571,445,1.0053,1.2674,1.2741,0.0008,0.0806,21.1,21.5,CSS (measurement counts the baked shadow)
carsystem-polyester-repair-resin,Carsystem Polyester Repair Resin,/products/carsystem/catalog/carsystem-polyester-repair-resin.webp,B_DETERMINISTIC_FIX,BOTH,0,False,660,809,111,79,398,664,146,156,361,582,1.1025,1.1409,1.2578,-0.025,-0.0445,12.3,20.5,CSS (measurement counts the baked shadow)
carsystem-polyester-repair-set,Carsystem Polyester Repair Set,/products/carsystem/catalog/carsystem-polyester-repair-set.webp,B_DETERMINISTIC_FIX,BOTH,0,False,660,641,138,44,486,577,141,216,482,391,1.0083,1.4757,1.4879,-0.0015,-0.1232,32.2,32.8,CSS (measurement counts the baked shadow)
carsystem-soft-roll,Carsystem Soft-Roll,/products/carsystem/catalog/carsystem-soft-roll.webp,B_DETERMINISTIC_FIX,BOTH,0,False,660,606,149,54,452,520,152,55,365,471,1.2384,1.104,1.3672,0.0614,0.0388,19.3,26.9,CSS (measurement counts the baked shadow)
carsystem-tec-line-stick,Carsystem Tec Line Stick,/products/carsystem/catalog/carsystem-tec-line-stick.webp,B_DETERMINISTIC_FIX,BOTH,0,False,660,589,10,28,612,552,74,29,547,472,1.1188,1.1695,1.3085,-0.0477,0.0662,14.5,23.6,CSS (measurement counts the baked shadow)
carsystem-adapter-for-cps-paint-cup-systems,Carsystem Adapter for CPS paint cup systems,/products/carsystem/catalog/carsystem-adapter-for-cps-paint-cup-systems.webp,B_DETERMINISTIC_FIX,BOTH,0,False,660,423,63,34,547,322,64,36,539,291,1.0148,1.1065,1.123,0.0045,0.0319,9.6,11.0,CSS (measurement counts the baked shadow)
carsystem-crash-film,Carsystem Crash Film,/products/carsystem/catalog/carsystem-crash-film.webp,B_DETERMINISTIC_FIX,BOTH,0,False,660,528,27,16,597,495,55,17,560,450,1.0661,1.1,1.1727,-0.0144,0.0407,9.1,14.7,CSS (measurement counts the baked shadow)
carsystem-fill-putty,Carsystem Fill putty,/products/carsystem/catalog/carsystem-fill-putty.webp,B_DETERMINISTIC_FIX,BOTH,0,False,660,621,127,96,404,464,129,121,397,405,1.0176,1.1457,1.1659,0.0023,0.0072,12.7,14.2,CSS (measurement counts the baked shadow)
carsystem-pdc-easy-paint,Carsystem PDC Easy Paint,/products/carsystem/catalog/carsystem-pdc-easy-paint.webp,B_DETERMINISTIC_FIX,BOTH,0,False,660,484,27,32,612,405,28,33,609,350,1.0049,1.1571,1.1628,0.0008,0.0548,13.6,14.0,CSS (measurement counts the baked shadow)
carsystem-polishing-pad-x8000,Carsystem Polishing Pad X8000,/products/carsystem/catalog/carsystem-polishing-pad-x8000.webp,B_DETERMINISTIC_FIX,BOTH,0,False,660,302,52,65,538,214,55,67,528,176,1.0189,1.2159,1.2389,0.003,0.0563,17.8,19.3,CSS (measurement counts the baked shadow)
carsystem-2k-high-speed-klarlack,Carsystem 2K High-Speed Klarlack,/products/carsystem/catalog/carsystem-2k-high-speed-klarlack.webp,A_OK_NO_CHANGE,CSS_RENDERING_PROBLEM,0,False,660,1378,34,55,582,1291,127,56,409,1254,1.423,1.0295,1.465,-0.0098,0.0127,29.7,31.7,CSS (measurement counts the baked shadow)
carsystem-clear-coat-spray,Carsystem Clear Coat Spray,/products/carsystem/catalog/carsystem-clear-coat-spray.webp,A_OK_NO_CHANGE,CSS_RENDERING_PROBLEM,0,False,660,1378,34,55,582,1291,127,56,409,1254,1.423,1.0295,1.465,-0.0098,0.0127,29.7,31.7,CSS (measurement counts the baked shadow)
carsystem-ks-300-2,Carsystem KS-300.2,/products/carsystem/catalog/carsystem-ks-300-2.webp,A_OK_NO_CHANGE,CSS_RENDERING_PROBLEM,3,False,660,881,147,67,298,751,216,68,228,748,1.307,1.004,1.3123,-0.0515,0.0006,23.5,23.8,CSS (measurement counts the baked shadow)
carsystem-ks-4000-2,Carsystem KS-4000.2,/products/carsystem/catalog/carsystem-ks-4000-2.webp,A_OK_NO_CHANGE,CSS_RENDERING_PROBLEM,3,False,660,881,147,67,298,751,216,68,228,748,1.307,1.004,1.3123,-0.0515,0.0006,23.5,23.8,CSS (measurement counts the baked shadow)
carsystem-ks-500-2,Carsystem KS-500.2,/products/carsystem/catalog/carsystem-ks-500-2.webp,A_OK_NO_CHANGE,CSS_RENDERING_PROBLEM,3,False,660,881,124,67,321,751,216,68,228,748,1.4079,1.004,1.4135,-0.0689,0.0006,29.0,29.3,CSS (measurement counts the baked shadow)
carsystem-liquid-putty,Carsystem Liquid Putty,/products/carsystem/catalog/carsystem-liquid-putty.webp,A_OK_NO_CHANGE,CSS_RENDERING_PROBLEM,0,False,660,905,94,37,400,784,183,38,281,769,1.4235,1.0195,1.4513,-0.0447,0.0072,29.8,31.1,CSS (measurement counts the baked shadow)
carsystem-rallye-spray-premium-black-glossy,Carsystem Rallye-Spray Premium – black glossy,/products/carsystem/catalog/carsystem-rallye-spray-premium-black-glossy.webp,A_OK_NO_CHANGE,CSS_RENDERING_PROBLEM,0,False,660,1378,34,54,582,1292,127,56,409,1254,1.423,1.0303,1.4661,-0.0098,0.0123,29.7,31.8,CSS (measurement counts the baked shadow)
carsystem-rallye-spray-premium-black-matt,Carsystem Rallye-Spray Premium – black matt,/products/carsystem/catalog/carsystem-rallye-spray-premium-black-matt.webp,A_OK_NO_CHANGE,CSS_RENDERING_PROBLEM,0,False,660,1378,34,54,582,1292,127,56,409,1254,1.423,1.0303,1.4661,-0.0098,0.0123,29.7,31.8,CSS (measurement counts the baked shadow)
carsystem-spray-thinner,Carsystem Spray Thinner,/products/carsystem/catalog/carsystem-spray-thinner.webp,A_OK_NO_CHANGE,CSS_RENDERING_PROBLEM,0,False,660,825,28,76,498,673,137,77,387,670,1.2868,1.0045,1.2926,-0.0811,0.0006,22.3,22.6,CSS (measurement counts the baked shadow)
carsystem-uv-filler-spray,Carsystem UV Filler Spray,/products/carsystem/catalog/carsystem-uv-filler-spray.webp,A_OK_NO_CHANGE,CSS_RENDERING_PROBLEM,0,False,660,1378,34,54,582,1292,127,56,409,1254,1.423,1.0303,1.4661,-0.0098,0.0123,29.7,31.8,CSS (measurement counts the baked shadow)
carsystem-spotblender-spray,Carsystem Spotblender Spray,/products/carsystem/catalog/carsystem-spotblender-spray.webp,B_DETERMINISTIC_FIX,BOTH,0,False,660,1122,127,63,368,989,171,65,323,983,1.1393,1.0061,1.1463,-0.0326,0.0009,12.2,12.8,CSS (measurement counts the baked shadow)
carsystem-ks-50-2,Carsystem KS-50.2,/products/carsystem/catalog/carsystem-ks-50-2.webp,B_DETERMINISTIC_FIX,BOTH,0,False,660,660,94,97,418,472,143,98,353,463,1.1841,1.0194,1.2072,-0.025,0.0053,15.5,17.2,CSS (measurement counts the baked shadow)
carsystem-alu-spezial,Carsystem Alu Spezial,/products/carsystem/catalog/carsystem-alu-spezial.webp,A_OK_NO_CHANGE,CSS_RENDERING_PROBLEM,0,False,660,406,36,50,546,316,85,57,489,290,1.1166,1.0897,1.2167,-0.0311,0.0148,10.4,17.8,CSS (measurement counts the baked shadow)
carsystem-2k-carbo-filler-transparent-1-0,"Carsystem 2K Carbo Filler Transparent 1,0",/products/carsystem/catalog/carsystem-2k-carbo-filler-transparent-1-0.webp,A_OK_NO_CHANGE,CSS_RENDERING_PROBLEM,0,False,660,489,33,60,553,387,110,61,475,385,1.1642,1.0052,1.1703,-0.0576,0.0,14.1,14.6,CSS (measurement counts the baked shadow)
carsystem-coffee-cup-black,Carsystem Coffee Cup Black,/products/carsystem/catalog/carsystem-coffee-cup-black.webp,F_SPECIAL_MARKETING_IMAGE,BOTH,0,False,660,660,75,156,507,405,149,157,432,402,1.1736,1.0075,1.1824,-0.0553,0.0008,14.8,15.4,CSS (measurement counts the baked shadow)
carsystem-compound-x1500-hc,Carsystem Compound X1500 HC,/products/carsystem/catalog/carsystem-compound-x1500-hc.webp,A_OK_NO_CHANGE,CSS_RENDERING_PROBLEM,0,False,660,1197,137,23,442,1134,140,25,368,1129,1.2011,1.0044,1.2064,0.0515,0.0004,16.7,17.1,CSS (measurement counts the baked shadow)
carsystem-dust-needle,Carsystem Dust Needle,/products/carsystem/catalog/carsystem-dust-needle.webp,A_OK_NO_CHANGE,CSS_RENDERING_PROBLEM,0,False,660,368,0,0,660,368,79,1,580,366,1.1379,1.0055,1.1441,-0.0591,0.0,12.1,12.6,CSS (measurement counts the baked shadow)
carsystem-elastic-beige,Carsystem Elastic beige,/products/carsystem/catalog/carsystem-elastic-beige.webp,A_OK_NO_CHANGE,CSS_RENDERING_PROBLEM,0,False,660,406,40,50,535,303,85,57,489,290,1.0941,1.0448,1.1431,-0.0333,-0.0012,8.6,12.5,CSS (measurement counts the baked shadow)
carsystem-elastic-green,Carsystem Elastic Green,/products/carsystem/catalog/carsystem-elastic-green.webp,A_OK_NO_CHANGE,CSS_RENDERING_PROBLEM,0,False,660,406,39,50,536,304,85,57,489,290,1.0961,1.0483,1.149,-0.0341,0.0,8.8,13.0,CSS (measurement counts the baked shadow)
carsystem-faser,Carsystem Faser,/products/carsystem/catalog/carsystem-faser.webp,A_OK_NO_CHANGE,CSS_RENDERING_PROBLEM,0,False,660,406,40,50,535,303,85,57,489,290,1.0941,1.0448,1.1431,-0.0333,-0.0012,8.6,12.5,CSS (measurement counts the baked shadow)
carsystem-finish-back-pad-m-14,Carsystem Finish Back Pad M-14,/products/carsystem/catalog/carsystem-finish-back-pad-m-14.webp,A_OK_NO_CHANGE,CSS_RENDERING_PROBLEM,0,False,660,440,73,34,532,381,122,35,482,376,1.1037,1.0133,1.1184,-0.0364,0.0034,9.4,10.6,CSS (measurement counts the baked shadow)
carsystem-foam-tape,Carsystem Foam Tape,/products/carsystem/catalog/carsystem-foam-tape.webp,A_OK_NO_CHANGE,CSS_RENDERING_PROBLEM,0,False,660,495,50,60,511,356,99,61,458,354,1.1157,1.0056,1.122,-0.0341,0.0,10.4,10.9,CSS (measurement counts the baked shadow)
carsystem-git-multi-green,Carsystem Git Multi Green,/products/carsystem/catalog/carsystem-git-multi-green.webp,A_OK_NO_CHANGE,CSS_RENDERING_PROBLEM,0,False,660,406,39,50,536,308,85,57,489,290,1.0961,1.0621,1.1641,-0.0341,0.0049,8.8,14.1,CSS (measurement counts the baked shadow)
carsystem-glas-white,Carsystem Glas White,/products/carsystem/catalog/carsystem-glas-white.webp,A_OK_NO_CHANGE,CSS_RENDERING_PROBLEM,0,False,660,406,39,50,536,304,85,57,489,290,1.0961,1.0483,1.149,-0.0341,0.0,8.8,13.0,CSS (measurement counts the baked shadow)
carsystem-lamb-wool-pad-white-s-edge,Carsystem Lamb Wool Pad White S Edge,/products/carsystem/catalog/carsystem-lamb-wool-pad-white-s-edge.webp,A_OK_NO_CHANGE,CSS_RENDERING_PROBLEM,0,False,660,403,15,42,625,337,25,52,603,316,1.0365,1.0665,1.1054,0.0015,0.0012,6.2,9.5,CSS (measurement counts the baked shadow)
carsystem-metallic,Carsystem Metallic,/products/carsystem/catalog/carsystem-metallic.webp,A_OK_NO_CHANGE,CSS_RENDERING_PROBLEM,0,False,660,406,40,50,535,303,85,57,489,290,1.0941,1.0448,1.1431,-0.0333,-0.0012,8.6,12.5,CSS (measurement counts the baked shadow)
carsystem-microfiber-x300-duo,Carsystem Microfiber X300 Duo,/products/carsystem/catalog/carsystem-microfiber-x300-duo.webp,A_OK_NO_CHANGE,CSS_RENDERING_PROBLEM,0,False,660,635,31,76,575,447,80,77,525,444,1.0952,1.0068,1.1026,-0.0364,0.0008,8.7,9.3,CSS (measurement counts the baked shadow)
carsystem-multi,Carsystem Multi,/products/carsystem/catalog/carsystem-multi.webp,A_OK_NO_CHANGE,CSS_RENDERING_PROBLEM,0,False,660,406,40,50,535,303,85,57,489,290,1.0941,1.0448,1.1431,-0.0333,-0.0012,8.6,12.5,CSS (measurement counts the baked shadow)
carsystem-multi-black-rapid,Carsystem Multi Black Rapid,/products/carsystem/catalog/carsystem-multi-black-rapid.webp,A_OK_NO_CHANGE,CSS_RENDERING_PROBLEM,0,False,660,409,92,69,451,266,125,78,414,249,1.0894,1.0683,1.1637,-0.022,-0.0012,8.2,14.1,CSS (measurement counts the baked shadow)
carsystem-multi-green-glas,Carsystem Multi Green Glas,/products/carsystem/catalog/carsystem-multi-green-glas.webp,A_OK_NO_CHANGE,CSS_RENDERING_PROBLEM,0,False,660,406,39,50,536,308,85,57,489,290,1.0961,1.0621,1.1641,-0.0341,0.0049,8.8,14.1,CSS (measurement counts the baked shadow)
carsystem-multi-green-glas-light,Carsystem Multi Green Glas Light,/products/carsystem/catalog/carsystem-multi-green-glas-light.webp,A_OK_NO_CHANGE,CSS_RENDERING_PROBLEM,0,False,660,406,40,50,535,304,85,57,489,290,1.0941,1.0483,1.1469,-0.0333,0.0,8.6,12.8,CSS (measurement counts the baked shadow)
carsystem-multi-green-plus-1-0-super-light,Carsystem Multi Green Plus 1.0 Super Light,/products/carsystem/catalog/carsystem-multi-green-plus-1-0-super-light.webp,A_OK_NO_CHANGE,CSS_RENDERING_PROBLEM,0,False,660,406,40,50,535,303,85,57,489,290,1.0941,1.0448,1.1431,-0.0333,-0.0012,8.6,12.5,CSS (measurement counts the baked shadow)
carsystem-multi-green-rapid,Carsystem Multi Green Rapid,/products/carsystem/catalog/carsystem-multi-green-rapid.webp,A_OK_NO_CHANGE,CSS_RENDERING_PROBLEM,0,False,660,406,40,50,535,303,85,57,489,290,1.0941,1.0448,1.1431,-0.0333,-0.0012,8.6,12.5,CSS (measurement counts the baked shadow)
carsystem-multi-green-sf,Carsystem Multi Green SF,/products/carsystem/catalog/carsystem-multi-green-sf.webp,A_OK_NO_CHANGE,CSS_RENDERING_PROBLEM,0,False,660,406,39,50,536,304,85,57,489,290,1.0961,1.0483,1.149,-0.0341,0.0,8.8,13.0,CSS (measurement counts the baked shadow)
carsystem-multi-light,Carsystem Multi Light,/products/carsystem/catalog/carsystem-multi-light.webp,A_OK_NO_CHANGE,CSS_RENDERING_PROBLEM,0,False,660,406,40,50,535,303,85,57,489,290,1.0941,1.0448,1.1431,-0.0333,-0.0012,8.6,12.5,CSS (measurement counts the baked shadow)
carsystem-multi-plus,Carsystem Multi Plus,/products/carsystem/catalog/carsystem-multi-plus.webp,A_OK_NO_CHANGE,CSS_RENDERING_PROBLEM,0,False,660,406,40,50,535,303,85,57,489,290,1.0941,1.0448,1.1431,-0.0333,-0.0012,8.6,12.5,CSS (measurement counts the baked shadow)
carsystem-multi-silver-light,Carsystem Multi Silver Light,/products/carsystem/catalog/carsystem-multi-silver-light.webp,A_OK_NO_CHANGE,CSS_RENDERING_PROBLEM,0,False,660,406,40,50,535,303,85,57,489,290,1.0941,1.0448,1.1431,-0.0333,-0.0012,8.6,12.5,CSS (measurement counts the baked shadow)
carsystem-multi-soft,Carsystem Multi Soft,/products/carsystem/catalog/carsystem-multi-soft.webp,A_OK_NO_CHANGE,CSS_RENDERING_PROBLEM,0,False,660,406,39,50,536,304,85,57,489,290,1.0961,1.0483,1.149,-0.0341,0.0,8.8,13.0,CSS (measurement counts the baked shadow)
carsystem-multi-super-flex,Carsystem Multi Super Flex,/products/carsystem/catalog/carsystem-multi-super-flex.webp,A_OK_NO_CHANGE,CSS_RENDERING_PROBLEM,0,False,660,528,78,131,465,263,118,137,423,252,1.0993,1.0437,1.1473,-0.0288,-0.0009,9.0,12.8,CSS (measurement counts the baked shadow)
carsystem-plastic-pro,Carsystem Plastic Pro,/products/carsystem/catalog/carsystem-plastic-pro.webp,A_OK_NO_CHANGE,CSS_RENDERING_PROBLEM,0,False,660,406,48,50,537,309,94,57,489,290,1.0982,1.0655,1.1701,-0.0333,0.0062,8.9,14.5,CSS (measurement counts the baked shadow)
carsystem-polish-x8000-ah,Carsystem Polish X8000 AH,/products/carsystem/catalog/carsystem-polish-x8000-ah.webp,A_OK_NO_CHANGE,CSS_RENDERING_PROBLEM,0,False,660,980,173,26,359,921,176,28,299,916,1.2007,1.0055,1.2072,0.0409,0.0005,16.7,17.2,CSS (measurement counts the baked shadow)
carsystem-refinish-restorer,Carsystem Refinish Restorer,/products/carsystem/catalog/carsystem-refinish-restorer.webp,A_OK_NO_CHANGE,CSS_RENDERING_PROBLEM,0,False,660,660,107,28,393,577,136,29,362,569,1.0856,1.0141,1.1009,-0.0205,0.0045,7.9,9.2,CSS (measurement counts the baked shadow)
carsystem-silicone-remover-mild,Carsystem Silicone Remover Mild,/products/carsystem/catalog/carsystem-silicone-remover-mild.webp,A_OK_NO_CHANGE,CSS_RENDERING_PROBLEM,0,False,660,660,107,60,393,545,136,62,362,536,1.0856,1.0168,1.1039,-0.0205,0.0038,7.9,9.4,CSS (measurement counts the baked shadow)
carsystem-silicone-remover-water-2-0,Carsystem Silicone Remover Water 2.0,/products/carsystem/catalog/carsystem-silicone-remover-water-2-0.webp,A_OK_NO_CHANGE,CSS_RENDERING_PROBLEM,0,False,660,660,94,41,412,583,153,42,352,581,1.1705,1.0034,1.1745,-0.0439,0.0,14.6,14.9,CSS (measurement counts the baked shadow)
carsystem-socks-carsystem-red-white,Carsystem Socks CARSYSTEM red & white,/products/carsystem/catalog/carsystem-socks-carsystem-red-white.webp,A_OK_NO_CHANGE,CSS_RENDERING_PROBLEM,0,False,660,724,77,60,503,609,78,62,426,600,1.1808,1.015,1.1985,0.0568,0.0035,15.3,16.6,CSS (measurement counts the baked shadow)
carsystem-spray,Carsystem Spray,/products/carsystem/catalog/carsystem-spray.webp,A_OK_NO_CHANGE,CSS_RENDERING_PROBLEM,0,False,660,660,107,60,393,545,136,62,362,536,1.0856,1.0168,1.1039,-0.0205,0.0038,7.9,9.4,CSS (measurement counts the baked shadow)
carsystem-spray-plus,Carsystem Spray Plus,/products/carsystem/catalog/carsystem-spray-plus.webp,A_OK_NO_CHANGE,CSS_RENDERING_PROBLEM,0,False,660,660,107,60,393,545,136,62,362,536,1.0856,1.0168,1.1039,-0.0205,0.0038,7.9,9.4,CSS (measurement counts the baked shadow)
carsystem-tinting-paste-filler,Carsystem Tinting paste filler,/products/carsystem/catalog/carsystem-tinting-paste-filler.webp,A_OK_NO_CHANGE,CSS_RENDERING_PROBLEM,12,False,660,889,52,0,599,871,54,21,552,848,1.0851,1.0271,1.1146,0.0326,-0.0107,7.8,10.3,CSS (measurement counts the baked shadow)
carsystem-uniflex-ms,Carsystem UNIFLEX MS,/products/carsystem/catalog/carsystem-uniflex-ms.webp,A_OK_NO_CHANGE,CSS_RENDERING_PROBLEM,2,False,660,1277,155,97,379,1106,217,100,315,1099,1.2032,1.0064,1.2108,-0.0455,0.0004,16.9,17.4,CSS (measurement counts the baked shadow)
