"slug","title","meta description","canonical","H1","Product schema","breadcrumb","OG image","content review","status"
"2210-onyx-activator","A 2210 ONYX ACTIVATOR – R-M aditiv | Carsystem i R-M","Šifra proizvoda A 2210. Aditiv za posebne ONYX HD primene i solid-color bazne slojeve prema tehničkom listu. Pogledajte dokumentaciju i pošaljite upit za dostupnost.","https://carsystemirm.com/proizvodi/2210-onyx-activator","A 2210 ONYX ACTIVATOR","da","da","https://carsystemirm.com/images/og/products/rm/2210-onyx-activator.jpg","confirmed","prošao"
"2220-agilis-activator","A 2220 AGILIS ACTIVATOR – R-M aditiv | Carsystem i R-M","Šifra proizvoda A 2220. Aditiv za AGILIS enterijerske aplikacije i učvršćivač za AGILIS AMPLIFIER A 2560. Pogledajte dokumentaciju i pošaljite upit za dostupnost.","https://carsystemirm.com/proizvodi/2220-agilis-activator","A 2220 AGILIS ACTIVATOR","da","da","https://carsystemirm.com/images/og/products/rm/2220-agilis-activator.jpg","confirmed","prošao"
"2520-onyx-easy-blender","A 2520 ONYX EASY BLENDER – R-M aditiv | Carsystem i R-M","Šifra proizvoda A 2520. Vodeni dodatak za ONYX HD BLEND'ART popravke i transparentni predpremaz. Pogledajte dokumentaciju i pošaljite upit za dostupnost proizvoda A.","https://carsystemirm.com/proizvodi/2520-onyx-easy-blender","A 2520 ONYX EASY BLENDER","da","da","https://carsystemirm.com/images/og/products/rm/2520-onyx-easy-blender.jpg","confirmed","prošao"
"2530-agilis-blender","A 2530 AGILIS BLENDER – R-M aditiv | Carsystem i R-M","Šifra proizvoda A 2530. Optimizuje orijentaciju efektnih čestica u zoni blend-in popravke; isporučuje se spreman za upotrebu. Pogledajte dokumentaciju i pošaljite.","https://carsystemirm.com/proizvodi/2530-agilis-blender","A 2530 AGILIS BLENDER","da","da","https://carsystemirm.com/images/og/products/rm/2530-agilis-blender.jpg","confirmed","prošao"
"2560-agilis-amplifier","A 2560 AGILIS AMPLIFIER – R-M aditiv | Carsystem i R-M","Šifra proizvoda A 2560. Tonirajuća AGILIS komponenta za wet-on-wet rad na OEM e-coat panelima i unutrašnjim zonama. Pogledajte dokumentaciju i pošaljite upit za.","https://carsystemirm.com/proizvodi/2560-agilis-amplifier","A 2560 AGILIS AMPLIFIER","da","da","https://carsystemirm.com/images/og/products/rm/2560-agilis-amplifier.jpg","confirmed","prošao"
"2p15-air-tune-r","A 2P15 AIR Tune-R – R-M aditiv | Carsystem i R-M","Šifra proizvoda A 2P15. Dodatak Pioneer lakovima za bržu površinu bez prašine i raniju spremnost za završnu obradu. Pogledajte dokumentaciju i pošaljite upit za.","https://carsystemirm.com/proizvodi/2p15-air-tune-r","A 2P15 AIR Tune-R","da","da","https://carsystemirm.com/images/og/products/rm/2p15-air-tune-r.jpg","confirmed","prošao"
"2p80-texture-tune-r","A 2P80 TEXTURE Tune-R – R-M aditiv | Carsystem i R-M","Šifra proizvoda A 2P80. Dodatak za kontrolisano formiranje teksture u kompatibilnim Pioneer bezbojnim lakovima. Pogledajte dokumentaciju i pošaljite upit za.","https://carsystemirm.com/proizvodi/2p80-texture-tune-r","A 2P80 TEXTURE Tune-R","da","da","https://carsystemirm.com/images/og/products/rm/2p80-texture-tune-r.jpg","confirmed","prošao"
"b-2p93-uv-bodyfill-r","B 2P93 UV Bodyfill-R – R-M kit | Carsystem i R-M","Šifra proizvoda B 2P93. UV fini kit sa brzim procesom, dobrom obradivošću i antikorozivnom zaštitom prema tehničkom listu. Pogledajte dokumentaciju i pošaljite upit.","https://carsystemirm.com/proizvodi/b-2p93-uv-bodyfill-r","B 2P93 UV Bodyfill-R","da","da","https://carsystemirm.com/images/og/products/rm/b-2p93-uv-bodyfill-r.jpg","confirmed","prošao"
"c-2a40-airtop","C 2A40 AirTOP – R-M bezbojni lak | Carsystem i R-M","Šifra proizvoda C 2A40. Vazdušno sušeći Advance bezbojni lak za produktivan rad, od manjih popravki do bočne strane vozila. Pogledajte dokumentaciju i pošaljite upit.","https://carsystemirm.com/proizvodi/c-2a40-airtop","C 2A40 AirTOP","da","da","https://carsystemirm.com/images/og/products/rm/c-2a40-airtop.jpg","confirmed","prošao"
"c-2a46-ultratop","C 2A46 UltraTOP – R-M bezbojni lak | Carsystem i R-M","Šifra proizvoda C 2A46. Produktivan Advance bezbojni lak sa kratkim vremenom sušenja i smanjenom energijom očvršćavanja. Pogledajte dokumentaciju i pošaljite upit za.","https://carsystemirm.com/proizvodi/c-2a46-ultratop","C 2A46 UltraTOP","da","da","https://carsystemirm.com/images/og/products/rm/c-2a46-ultratop.jpg","confirmed","prošao"
"c-2a54-performtop","C 2A54 PerformTOP – R-M bezbojni lak | Carsystem i R-M","Šifra proizvoda C 2A54. Univerzalni Advance bezbojni lak za širok spektar primena i jednostavan rad. Pogledajte dokumentaciju i pošaljite upit za dostupnost.","https://carsystemirm.com/proizvodi/c-2a54-performtop","C 2A54 PerformTOP","da","da","https://carsystemirm.com/images/og/products/rm/c-2a54-performtop.jpg","confirmed","prošao"
"c-2a57-mixtop","C 2A57 MixTOP – R-M bezbojni lak | Carsystem i R-M","Šifra proizvoda C 2A57. Advance bezbojni lak pripremljen kao premixed rešenje prema zvaničnoj dokumentaciji. Pogledajte dokumentaciju i pošaljite upit za dostupnost.","https://carsystemirm.com/proizvodi/c-2a57-mixtop","C 2A57 MixTOP","da","da","https://carsystemirm.com/images/og/products/rm/c-2a57-mixtop.jpg","confirmed","prošao"
"c-2a63-glosstop","C 2A63 GlossTOP – R-M bezbojni lak | Carsystem i R-M","Šifra proizvoda C 2A63. Advance bezbojni lak za završnicu visokog sjaja. Pogledajte dokumentaciju i pošaljite upit za dostupnost proizvoda C 2A63 GlossTOP.","https://carsystemirm.com/proizvodi/c-2a63-glosstop","C 2A63 GlossTOP","da","da","https://carsystemirm.com/images/og/products/rm/c-2a63-glosstop.jpg","confirmed","prošao"
"c-2a64-glosstop","C 2A64 GlossTOP+ – R-M bezbojni lak | Carsystem i R-M","Šifra proizvoda C 2A64. Advance bezbojni lak za superioran sjaj i završni rezultat visokog nivoa. Pogledajte dokumentaciju i pošaljite upit za dostupnost proizvoda C.","https://carsystemirm.com/proizvodi/c-2a64-glosstop","C 2A64 GlossTOP+","da","da","https://carsystemirm.com/images/og/products/rm/c-2a64-glosstop.jpg","confirmed","prošao"
"c-2a93-mattop","C 2A93 MatTOP+ – R-M bezbojni lak | Carsystem i R-M","Šifra proizvoda C 2A93. Mat Advance bezbojni lak namenjen popravci posebnih OEM mat završnica. Pogledajte dokumentaciju i pošaljite upit za dostupnost proizvoda C.","https://carsystemirm.com/proizvodi/c-2a93-mattop","C 2A93 MatTOP+","da","da","https://carsystemirm.com/images/og/products/rm/c-2a93-mattop.jpg","confirmed","prošao"
"c-2e10-clear-coat-premixed","C 2E10 Clear coat, premixed – R-M bezbojni lak | Carsystem i R-M","Šifra proizvoda C 2E10. Element premixed bezbojni lak za primene od pojedinačnih panela do kompletnog prelakiranja. Pogledajte dokumentaciju i pošaljite upit za.","https://carsystemirm.com/proizvodi/c-2e10-clear-coat-premixed","C 2E10 Clear coat, premixed","da","da","https://carsystemirm.com/images/og/products/rm/c-2e10-clear-coat-premixed.jpg","confirmed","prošao"
"c-2e50-clear-coat","C 2E50 Clear coat – R-M bezbojni lak | Carsystem i R-M","Šifra proizvoda C 2E50. Element bezbojni lak za primene od pojedinačnih panela do kompletnog prelakiranja. Pogledajte dokumentaciju i pošaljite upit za dostupnost.","https://carsystemirm.com/proizvodi/c-2e50-clear-coat","C 2E50 Clear coat","da","da","https://carsystemirm.com/images/og/products/rm/c-2e50-clear-coat.jpg","confirmed","prošao"
"c-2p30-uv-finish-r","C 2P30 UV Finish-R – R-M bezbojni lak | Carsystem i R-M","Šifra proizvoda C 2P30. UVA-otvrdnjavajući Pioneer eSense lak za BLEND'ART i veoma kratak proces. Pogledajte dokumentaciju i pošaljite upit za dostupnost proizvoda C.","https://carsystemirm.com/proizvodi/c-2p30-uv-finish-r","C 2P30 UV Finish-R","da","da","https://carsystemirm.com/images/og/products/rm/c-2p30-uv-finish-r.jpg","confirmed","prošao"
"c-2p42-race-finish-r","C 2P42 RACE Finish-R – R-M bezbojni lak | Carsystem i R-M","Šifra proizvoda C 2P42. Pioneer eSense bezbojni lak sa fleksibilnim procesom i optimizovanim vremenom rada. Pogledajte dokumentaciju i pošaljite upit za dostupnost.","https://carsystemirm.com/proizvodi/c-2p42-race-finish-r","C 2P42 RACE Finish-R","da","da","https://carsystemirm.com/images/og/products/rm/c-2p42-race-finish-r.jpg","confirmed","prošao"
"c-2p45-speed-finish-r","C 2P45 SPEED Finish-R – R-M bezbojni lak | Carsystem i R-M","Šifra proizvoda C 2P45. Brzosušeći Pioneer eSense bezbojni lak za više panela i manje popravke. Pogledajte dokumentaciju i pošaljite upit za dostupnost proizvoda C.","https://carsystemirm.com/proizvodi/c-2p45-speed-finish-r","C 2P45 SPEED Finish-R","da","da","https://carsystemirm.com/images/og/products/rm/c-2p45-speed-finish-r.jpg","confirmed","prošao"
"c-2p55-multi-finish-r","C 2P55 MULTI Finish-R – R-M bezbojni lak | Carsystem i R-M","Šifra proizvoda C 2P55. Višenamenski Pioneer eSense bezbojni lak sa jednostavnom primenom. Pogledajte dokumentaciju i pošaljite upit za dostupnost proizvoda C 2P55.","https://carsystemirm.com/proizvodi/c-2p55-multi-finish-r","C 2P55 MULTI Finish-R","da","da","https://carsystemirm.com/images/og/products/rm/c-2p55-multi-finish-r.jpg","confirmed","prošao"
"c-2p62-bright-finish-r","C 2P62 BRIGHT Finish-R – R-M bezbojni lak | Carsystem i R-M","Šifra proizvoda C 2P62. Pioneer eSense bezbojni lak za završnicu naglašenog sjaja. Pogledajte dokumentaciju i pošaljite upit za dostupnost proizvoda C 2P62 BRIGHT.","https://carsystemirm.com/proizvodi/c-2p62-bright-finish-r","C 2P62 BRIGHT Finish-R","da","da","https://carsystemirm.com/images/og/products/rm/c-2p62-bright-finish-r.jpg","confirmed","prošao"
"c-2p85-power-finish-r","C 2P85 POWER Finish-R – R-M bezbojni lak | Carsystem i R-M","Šifra proizvoda C 2P85. Scratch-resistant Pioneer eSense bezbojni lak za visoku površinsku zaštitu. Pogledajte dokumentaciju i pošaljite upit za dostupnost proizvoda.","https://carsystemirm.com/proizvodi/c-2p85-power-finish-r","C 2P85 POWER Finish-R","da","da","https://carsystemirm.com/images/og/products/rm/c-2p85-power-finish-r.jpg","confirmed","prošao"
"c-2p91-mat-finish-r","C 2P91 MAT Finish-R – R-M bezbojni lak | Carsystem i R-M","Šifra proizvoda C 2P91. Mat Pioneer eSense bezbojni lak za popravku OEM mat završnica. Pogledajte dokumentaciju i pošaljite upit za dostupnost proizvoda C 2P91 MAT.","https://carsystemirm.com/proizvodi/c-2p91-mat-finish-r","C 2P91 MAT Finish-R","da","da","https://carsystemirm.com/images/og/products/rm/c-2p91-mat-finish-r.jpg","confirmed","prošao"
"c-2p96-satin-finish-r","C 2P96 SATIN Finish-R – R-M bezbojni lak | Carsystem i R-M","Šifra proizvoda C 2P96. Satin Pioneer eSense bezbojni lak za popravku OEM mat i svilenkasto-mat završnica. Pogledajte dokumentaciju i pošaljite upit za dostupnost.","https://carsystemirm.com/proizvodi/c-2p96-satin-finish-r","C 2P96 SATIN Finish-R","da","da","https://carsystemirm.com/images/og/products/rm/c-2p96-satin-finish-r.jpg","confirmed","prošao"
"c-5450-ghd-clear","C 5450 GHD CLEAR – R-M bezbojni lak | Carsystem i R-M","Šifra proizvoda C 5450. GRAPHITE HD bezbojni lak za velike površine, sa dobrim nivelisanjem, UV otpornošću i visokim sjajem. Pogledajte dokumentaciju i pošaljite.","https://carsystemirm.com/proizvodi/c-5450-ghd-clear","C 5450 GHD CLEAR","da","da","https://carsystemirm.com/images/og/products/rm/c-5450-ghd-clear.jpg","confirmed","prošao"
"c-2p15-easy-finish-r","EASY C 2P15 – R-M bezbojni lak | Carsystem i R-M","Šifra proizvoda C 2P15. Pioneer eSense bezbojni lak sa jednostavnom pripremom za širok spektar primena. Pogledajte dokumentaciju i pošaljite upit za dostupnost.","https://carsystemirm.com/proizvodi/c-2p15-easy-finish-r","EASY C 2P15","da","da","https://carsystemirm.com/images/og/products/rm/c-2p15-easy-finish-r.jpg","confirmed","prošao"
"ghd-topcoat","GHD TOPCOAT – R-M bazna boja | Carsystem i R-M","Šifra proizvoda GHD TOPCOAT. GRAPHITE HD završni premaz za velike površine, sa dobrim nivelisanjem, pokrivnošću i brzim sušenjem. Pogledajte dokumentaciju i.","https://carsystemirm.com/proizvodi/ghd-topcoat","GHD TOPCOAT","da","da","https://carsystemirm.com/images/og/products/rm/ghd-topcoat.jpg","needs_confirmation","prošao"
"h-2a14-topcure","H 2A14 TopCURE – R-M učvršćivač | Carsystem i R-M","Šifra proizvoda H 2A14. Učvršćivač iz ONYX HD programa, dokumentovan kroz dostavljeni zvanični R-M materijal. Pogledajte dokumentaciju i pošaljite upit za dostupnost.","https://carsystemirm.com/proizvodi/h-2a14-topcure","H 2A14 TopCURE","da","da","https://carsystemirm.com/images/og/products/rm/h-2a14-topcure.jpg","confirmed","prošao"
"h-2e20-hardener","H 2E20 Hardener – R-M učvršćivač | Carsystem i R-M","Šifra proizvoda H 2E20. Učvršćivač iz Element Series programa, dokumentovan kroz dostavljeni zvanični R-M materijal. Pogledajte dokumentaciju i pošaljite upit za.","https://carsystemirm.com/proizvodi/h-2e20-hardener","H 2E20 Hardener","da","da","https://carsystemirm.com/images/og/products/rm/h-2e20-hardener.jpg","confirmed","prošao"
"h-2p05-clear-harden-r","H 2P05 CLEAR Harden-R – R-M učvršćivač | Carsystem i R-M","Šifra proizvoda H 2P05. Učvršćivač iz Pioneer Series programa, dokumentovan kroz dostavljeni zvanični R-M materijal. Pogledajte dokumentaciju i pošaljite upit za.","https://carsystemirm.com/proizvodi/h-2p05-clear-harden-r","H 2P05 CLEAR Harden-R","da","da","https://carsystemirm.com/images/og/products/rm/h-2p05-clear-harden-r.jpg","confirmed","prošao"
"h-2p15-clear-harden-r","H 2P15 CLEAR Harden-R – R-M učvršćivač | Carsystem i R-M","Šifra proizvoda H 2P15. Učvršćivač iz AGILIS programa, dokumentovan kroz dostavljeni zvanični R-M materijal. Pogledajte dokumentaciju i pošaljite upit za dostupnost.","https://carsystemirm.com/proizvodi/h-2p15-clear-harden-r","H 2P15 CLEAR Harden-R","da","da","https://carsystemirm.com/images/og/products/rm/h-2p15-clear-harden-r.jpg","confirmed","prošao"
"h-380-ghd-hardener","H 380 GHD HARDENER – R-M učvršćivač | Carsystem i R-M","Šifra proizvoda H 380. Učvršćivač iz GRAPHITE HD programa, dokumentovan kroz dostavljeni zvanični R-M materijal. Pogledajte dokumentaciju i pošaljite upit za.","https://carsystemirm.com/proizvodi/h-380-ghd-hardener","H 380 GHD HARDENER","da","da","https://carsystemirm.com/images/og/products/rm/h-380-ghd-hardener.jpg","confirmed","prošao"
"hb-032-hydromix","HB 032 HYDROMIX – R-M bazna boja | Carsystem i R-M","Šifra proizvoda HB 032. Bazna boja iz ONYX HD programa, dokumentovan kroz dostavljeni zvanični R-M materijal. Pogledajte dokumentaciju i pošaljite upit za dostupnost.","https://carsystemirm.com/proizvodi/hb-032-hydromix","HB 032 HYDROMIX","da","da","https://carsystemirm.com/images/og/products/rm/hb-032-hydromix.jpg","needs_confirmation","prošao"
"hb-036-hydromix-tropical","HB 036 HYDROMIX TROPICAL – R-M bazna boja | Carsystem i R-M","Šifra proizvoda HB 036. Bazna boja iz ONYX HD programa, dokumentovan kroz dostavljeni zvanični R-M materijal. Pogledajte dokumentaciju i pošaljite upit za dostupnost.","https://carsystemirm.com/proizvodi/hb-036-hydromix-tropical","HB 036 HYDROMIX TROPICAL","da","da","https://carsystemirm.com/images/og/products/rm/hb-036-hydromix-tropical.jpg","confirmed","prošao"
"p-2a41-performfiller-white","P 2A41 PerformFILLER White – R-M prajmer i punilac | Carsystem i R-M","Šifra proizvoda P 2A41. Advance prajmer-punilac sa dobrim antikorozivnim, vremenskim i brusnim svojstvima. Pogledajte dokumentaciju i pošaljite upit za dostupnost.","https://carsystemirm.com/proizvodi/p-2a41-performfiller-white","P 2A41 PerformFILLER White","da","da","https://carsystemirm.com/images/og/products/rm/p-2a41-performfiller-white.jpg","confirmed","prošao"
"p-2a61-multiprotect-white","P 2A61 MultiPROTECT White – R-M prajmer i punilac | Carsystem i R-M","Šifra proizvoda P 2A61. Beli Advance DTM prajmer-punilac za direktnu primenu na metalnu podlogu. Pogledajte dokumentaciju i pošaljite upit za dostupnost proizvoda P.","https://carsystemirm.com/proizvodi/p-2a61-multiprotect-white","P 2A61 MultiPROTECT White","da","da","https://carsystemirm.com/images/og/products/rm/p-2a61-multiprotect-white.jpg","confirmed","prošao"
"p-2a63-multiprotect-grey","P 2A63 MultiPROTECT Grey – R-M prajmer i punilac | Carsystem i R-M","Šifra proizvoda P 2A63. Sivi Advance DTM prajmer-punilac za direktnu primenu na metalnu podlogu. Pogledajte dokumentaciju i pošaljite upit za dostupnost proizvoda P.","https://carsystemirm.com/proizvodi/p-2a63-multiprotect-grey","P 2A63 MultiPROTECT Grey","da","da","https://carsystemirm.com/images/og/products/rm/p-2a63-multiprotect-grey.jpg","confirmed","prošao"
"p-2a65-multiprotect-black","P 2A65 MultiPROTECT Black – R-M prajmer i punilac | Carsystem i R-M","Šifra proizvoda P 2A65. Crni Advance DTM prajmer-punilac za direktnu primenu na metalnu podlogu. Pogledajte dokumentaciju i pošaljite upit za dostupnost proizvoda P.","https://carsystemirm.com/proizvodi/p-2a65-multiprotect-black","P 2A65 MultiPROTECT Black","da","da","https://carsystemirm.com/images/og/products/rm/p-2a65-multiprotect-black.jpg","confirmed","prošao"
"p-2e23-primer-filler-grey","P 2E23 Primer filler, grey – R-M prajmer i punilac | Carsystem i R-M","Šifra proizvoda P 2E23. Dvokomponentni Element poliuretanski punilac sa dobrim punjenjem i obradom brušenjem. Pogledajte dokumentaciju i pošaljite upit za dostupnost.","https://carsystemirm.com/proizvodi/p-2e23-primer-filler-grey","P 2E23 Primer filler, grey","da","da","https://carsystemirm.com/images/og/products/rm/p-2e23-primer-filler-grey.jpg","confirmed","prošao"
"p-2p23-air-purpos-r-grey","P 2P23 AIR Purpos-R Grey – R-M prajmer i punilac | Carsystem i R-M","Šifra proizvoda P 2P23. Vazdušno sušeći Pioneer eSense DTM prajmer-punilac za zaštitu od korozije i dobru obradivost. Pogledajte dokumentaciju i pošaljite upit za.","https://carsystemirm.com/proizvodi/p-2p23-air-purpos-r-grey","P 2P23 AIR Purpos-R Grey","da","da","https://carsystemirm.com/images/og/products/rm/p-2p23-air-purpos-r-grey.jpg","confirmed","prošao"
"p-2p51-sanding-fill-r-white","P 2P51 SANDING Fill-R+ White – R-M prajmer i punilac | Carsystem i R-M","Šifra proizvoda P 2P51. Beli Pioneer eSense prajmer-punilac za produktivno brušenje, stabilnu završnicu i zaštitu podloge. Pogledajte dokumentaciju i pošaljite upit.","https://carsystemirm.com/proizvodi/p-2p51-sanding-fill-r-white","P 2P51 SANDING Fill-R+ White","da","da","https://carsystemirm.com/images/og/products/rm/p-2p51-sanding-fill-r-white.jpg","confirmed","prošao"
"p-2p55-sanding-fill-r-black","P 2P55 SANDING Fill-R+ Black – R-M prajmer i punilac | Carsystem i R-M","Šifra proizvoda P 2P55. Crni Pioneer eSense prajmer-punilac za produktivno brušenje, stabilnu završnicu i zaštitu podloge. Pogledajte dokumentaciju i pošaljite upit.","https://carsystemirm.com/proizvodi/p-2p55-sanding-fill-r-black","P 2P55 SANDING Fill-R+ Black","da","da","https://carsystemirm.com/images/og/products/rm/p-2p55-sanding-fill-r-black.jpg","confirmed","prošao"
"p-2p63-multi-purpos-r-grey","P 2P63 MULTI Purpos-R Grey – R-M prajmer i punilac | Carsystem i R-M","Šifra proizvoda P 2P63. Sivi Pioneer eSense DTM prajmer-punilac za direktnu primenu na metal i antikorozivnu zaštitu. Pogledajte dokumentaciju i pošaljite upit za.","https://carsystemirm.com/proizvodi/p-2p63-multi-purpos-r-grey","P 2P63 MULTI Purpos-R Grey","da","da","https://carsystemirm.com/images/og/products/rm/p-2p63-multi-purpos-r-grey.jpg","confirmed","prošao"
"p-2p81-race-wet-fill-r-white","P 2P81 Race WET Fill-R White – R-M prajmer i punilac | Carsystem i R-M","Šifra proizvoda P 2P81. Beli Pioneer eSense wet-on-wet punilac za brz rad na novim e-coat panelima bez brušenja. Pogledajte dokumentaciju i pošaljite upit za.","https://carsystemirm.com/proizvodi/p-2p81-race-wet-fill-r-white","P 2P81 Race WET Fill-R White","da","da","https://carsystemirm.com/images/og/products/rm/p-2p81-race-wet-fill-r-white.jpg","needs_confirmation","prošao"
"p-2p85-race-wet-fill-r-black","P 2P85 Race WET Fill-R Black – R-M prajmer i punilac | Carsystem i R-M","Šifra proizvoda P 2P85. Crni Pioneer eSense wet-on-wet punilac za brz rad na novim e-coat panelima bez brušenja. Pogledajte dokumentaciju i pošaljite upit za.","https://carsystemirm.com/proizvodi/p-2p85-race-wet-fill-r-black","P 2P85 Race WET Fill-R Black","da","da","https://carsystemirm.com/images/og/products/rm/p-2p85-race-wet-fill-r-black.jpg","confirmed","prošao"
"p-2p92-uv-fill-r-light-grey","P 2P92 UV Fill-R Light Grey – R-M prajmer i punilac | Carsystem i R-M","Šifra proizvoda P 2P92. Svetlosivi Pioneer eSense UV prajmer-punilac za antikorozivnu zaštitu i stabilnu završnicu. Pogledajte dokumentaciju i pošaljite upit za.","https://carsystemirm.com/proizvodi/p-2p92-uv-fill-r-light-grey","P 2P92 UV Fill-R Light Grey","da","da","https://carsystemirm.com/images/og/products/rm/p-2p92-uv-fill-r-light-grey.jpg","confirmed","prošao"
"p-2p94-uv-fill-r-dark-grey","P 2P94 UV Fill-R Dark Grey – R-M prajmer i punilac | Carsystem i R-M","Šifra proizvoda P 2P94. Tamnosivi Pioneer eSense UV prajmer-punilac za antikorozivnu zaštitu i stabilnu završnicu. Pogledajte dokumentaciju i pošaljite upit za.","https://carsystemirm.com/proizvodi/p-2p94-uv-fill-r-dark-grey","P 2P94 UV Fill-R Dark Grey","da","da","https://carsystemirm.com/images/og/products/rm/p-2p94-uv-fill-r-dark-grey.jpg","confirmed","prošao"
"p-5480-ghd-universal-epoxy","P 5480 GHD UNIVERSAL EPOXY – R-M prajmer i punilac | Carsystem i R-M","Šifra proizvoda P 5480. Univerzalni GRAPHITE HD epoksidni prajmer za različite metalne podloge i antikorozivnu zaštitu. Pogledajte dokumentaciju i pošaljite upit za.","https://carsystemirm.com/proizvodi/p-5480-ghd-universal-epoxy","P 5480 GHD UNIVERSAL EPOXY","da","da","https://carsystemirm.com/images/og/products/rm/p-5480-ghd-universal-epoxy.jpg","confirmed","prošao"
"p-5530-ghd-uni-wash","P 5530 GHD UNI WASH – R-M prajmer i punilac | Carsystem i R-M","Šifra proizvoda P 5530. GRAPHITE HD wash prajmer za velike površine, brzo sušenje i antikorozivnu zaštitu. Pogledajte dokumentaciju i pošaljite upit za dostupnost.","https://carsystemirm.com/proizvodi/p-5530-ghd-uni-wash","P 5530 GHD UNI WASH","da","da","https://carsystemirm.com/images/og/products/rm/p-5530-ghd-uni-wash.jpg","confirmed","prošao"
"pm-2e32-filler-light-grey","PM 2E32 Filler, light grey – R-M prajmer i punilac | Carsystem i R-M","Šifra proizvoda PM 2E32. Svetlosivi 1K Element punilac u aerosolu za reparaturnu primenu. Pogledajte dokumentaciju i pošaljite upit za dostupnost proizvoda PM 2E32.","https://carsystemirm.com/proizvodi/pm-2e32-filler-light-grey","PM 2E32 Filler, light grey","da","da","https://carsystemirm.com/images/og/products/rm/pm-2e32-filler-light-grey.jpg","confirmed","prošao"
"pm-2e34-filler-dark-grey","PM 2E34 Filler, dark grey – R-M prajmer i punilac | Carsystem i R-M","Šifra proizvoda PM 2E34. Tamnosivi 1K Element punilac u aerosolu za reparaturnu primenu. Pogledajte dokumentaciju i pošaljite upit za dostupnost proizvoda PM 2E34.","https://carsystemirm.com/proizvodi/pm-2e34-filler-dark-grey","PM 2E34 Filler, dark grey","da","da","https://carsystemirm.com/images/og/products/rm/pm-2e34-filler-dark-grey.jpg","confirmed","prošao"
"c-2a84-protecttop","ProtectTOP C 2A84 – R-M bezbojni lak | Carsystem i R-M","Šifra proizvoda C 2A84. Scratch-resistant Advance bezbojni lak za povećanu površinsku zaštitu. Pogledajte dokumentaciju i pošaljite upit za dostupnost proizvoda.","https://carsystemirm.com/proizvodi/c-2a84-protecttop","ProtectTOP C 2A84","da","da","https://carsystemirm.com/images/og/products/rm/c-2a84-protecttop.jpg","confirmed","prošao"
"r-2a10-airtopthinn","R 2A10 AirtopTHINN – R-M razređivač | Carsystem i R-M","Šifra proizvoda R 2A10. Razređivač iz ONYX HD programa, dokumentovan kroz dostavljeni zvanični R-M materijal. Pogledajte dokumentaciju i pošaljite upit za dostupnost.","https://carsystemirm.com/proizvodi/r-2a10-airtopthinn","R 2A10 AirtopTHINN","da","da","https://carsystemirm.com/images/og/products/rm/r-2a10-airtopthinn.jpg","confirmed","prošao"
"r-2a14-multithinn","R 2A14 MultiTHINN – R-M razređivač | Carsystem i R-M","Šifra proizvoda R 2A14. Razređivač iz Advance Series programa, dokumentovan kroz dostavljeni zvanični R-M materijal. Pogledajte dokumentaciju i pošaljite upit za.","https://carsystemirm.com/proizvodi/r-2a14-multithinn","R 2A14 MultiTHINN","da","da","https://carsystemirm.com/images/og/products/rm/r-2a14-multithinn.jpg","confirmed","prošao"
"r-2e10-thinner-fast","R 2E10 Thinner, fast – R-M razređivač | Carsystem i R-M","Šifra proizvoda R 2E10. Razređivač iz Element Series programa, dokumentovan kroz dostavljeni zvanični R-M materijal. Pogledajte dokumentaciju i pošaljite upit za.","https://carsystemirm.com/proizvodi/r-2e10-thinner-fast","R 2E10 Thinner, fast","da","da","https://carsystemirm.com/images/og/products/rm/r-2e10-thinner-fast.jpg","confirmed","prošao"
"r-2p15-clear-thinn-r","R 2P15 CLEAR Thinn-R – R-M razređivač | Carsystem i R-M","Šifra proizvoda R 2P15. Razređivač iz Pioneer Series programa, dokumentovan kroz dostavljeni zvanični R-M materijal. Pogledajte dokumentaciju i pošaljite upit za.","https://carsystemirm.com/proizvodi/r-2p15-clear-thinn-r","R 2P15 CLEAR Thinn-R","da","da","https://carsystemirm.com/images/og/products/rm/r-2p15-clear-thinn-r.jpg","confirmed","prošao"
"r-2p20-under-thinn-r-medium","R 2P20 UNDER Thinn-R Medium – R-M razređivač | Carsystem i R-M","Šifra proizvoda R 2P20. Razređivač iz Pioneer Series programa, dokumentovan kroz dostavljeni zvanični R-M materijal. Pogledajte dokumentaciju i pošaljite upit za.","https://carsystemirm.com/proizvodi/r-2p20-under-thinn-r-medium","R 2P20 UNDER Thinn-R Medium","da","da","https://carsystemirm.com/images/og/products/rm/r-2p20-under-thinn-r-medium.jpg","confirmed","prošao"
"ra-050x-agilis-mix","RA 050X AGILIS MIX – R-M razređivač | Carsystem i R-M","Šifra proizvoda RA 050X. AGILIS razređivač za visoku temperaturu, nisku vlažnost i veće površine; koristi se sa solid i effect nijansama. Pogledajte dokumentaciju i.","https://carsystemirm.com/proizvodi/ra-050x-agilis-mix","RA 050X AGILIS MIX","da","da","https://carsystemirm.com/images/og/products/rm/ra-050x-agilis-mix.jpg","confirmed","prošao"
