"primary route","page type","primary topic","primary search intent","secondary terms","brand terms","local terms","existing H1","proposed H1","title","overlap/cannibalization risk","notes"
"/","home","auto lakovi i refinish program","komercijalno-informativna","boje za automobile; materijal za autolakirnice","Carsystem; R-M","Srbija; Inđija","Profesionalni refinish program za siguran rezultat.","Profesionalni refinish program za siguran rezultat.","Carsystem i R-M | Auto lakovi, boje i oprema","srednji","Početna ostaje najširi ulaz; search volume nije potvrđen."
"/katalog","catalog","katalog proizvoda za autolakirnice","komercijalna","auto lakovi; oprema; abrazivi; potrošni materijal","Carsystem; R-M; baslac","Srbija","Katalog proizvoda","Katalog proizvoda","Katalog proizvoda za autolakirnice | Carsystem i R-M","visok sa filterima","Query filteri su noindex; katalog je primarna ruta."
"/kategorije/bezbojni-lakovi","category","bezbojni lakovi","komercijalna kategorija","clear coat; završni lak za vozila","R-M","Srbija","Bezbojni lakovi","Bezbojni lakovi","Bezbojni lakovi za auto lakiranje | Carsystem i R-M","srednji","Primarni category intent; PDP cilja naziv i kod proizvoda."
"/kategorije/prajmeri-i-punioci","category","prajmeri i punioci","komercijalna kategorija","primer filler; priprema podloge","R-M","Srbija","Prajmeri i punioci","Prajmeri i punioci","Prajmeri i punioci za auto lakiranje | Carsystem i R-M","srednji","Razdvojeno od programskog intent-a pripreme."
"/kategorije/bazne-boje","category","bazne boje","komercijalna kategorija","boje za automobile; vodene bazne boje","R-M","Srbija","Bazne boje","Bazne boje","Bazne boje za automobile | Carsystem i R-M","srednji","Kategorija cilja tip proizvoda; R-M landing cilja brand sistem."
"/kategorije/ucvrscivaci-i-razredjivaci","category","učvršćivači i razređivači","komercijalna kategorija","hardener; thinner; aktivator","R-M","Srbija","Učvršćivači i razređivači","Učvršćivači i razređivači","Učvršćivači i razređivači | Carsystem i R-M","nizak","PDP-ovi ciljaju konkretne kodove."
"/brendovi/rm","brand","R-M proizvodi i sistemi","brand/commercial","R-M AGILIS; R-M Refinity; R-M ONYX HD","R-M","Srbija","Dinamički aktivni kampanjski H1","Dinamički aktivni kampanjski H1","R-M proizvodi i sistemi | Carsystem i R-M","visok sa katalog filterom","Brand ruta je primarna; filter brend=rm je noindex."
"/brendovi/carsystem","brand","Carsystem proizvodi","brand/commercial","abrazivi; priprema; potrošni materijal","Carsystem","Srbija","Carsystem","Carsystem","Carsystem proizvodi i sistemi | Carsystem i R-M","srednji","Programske rute ciljaju proces, ne brand."
"/program/boje-i-lakovi","program","boje i lakovi program","informativno-komercijalna","bazna boja; bezbojni lak; kompatibilni sistemi","Carsystem; R-M","Srbija","Boje i lakovi","Boje i lakovi","Boje i lakovi | Carsystem i R-M","srednji","Program objašnjava proces; kategorije ciljaju tip proizvoda."
"/program/priprema-i-abrazivi","program","priprema i abrazivi","informativno-komercijalna","priprema podloge; brusni materijal","Carsystem","Srbija","Priprema i abrazivi","Priprema i abrazivi","Priprema i abrazivi | Carsystem i R-M","srednji","Ne preklapati sa pojedinačnim primer/pad PDP-ovima."
"/proizvodi/2220-agilis-activator","product","A 2220 AGILIS ACTIVATOR","product detail","AGILIS activator; R-M A 2220","R-M; AGILIS","Srbija","A 2220 AGILIS ACTIVATOR","A 2220 AGILIS ACTIVATOR","A 2220 AGILIS ACTIVATOR – R-M aditiv | Carsystem i R-M","nizak","PDP je primarni za tačan naziv/kod."
"/proizvodi/c-2p42-race-finish-r","product","C 2P42 RACE Finish-R","product detail","R-M bezbojni lak; RACE Finish-R","R-M","Srbija","C 2P42 RACE Finish-R","C 2P42 RACE Finish-R","C 2P42 RACE Finish-R – R-M bezbojni lak | Carsystem i R-M","nizak","Category landing cilja generički bezbojni lak."
"/prodavnice","store locator","prodavnice auto lakova","lokalna/poseta","prodajno mesto; auto lakovi blizu mene","Carsystem; R-M","stvarni gradovi u mreži","Prodajna i partnerska mreža","Prodajna i partnerska mreža","Prodavnice auto lakova i partnerska mreža | Carsystem i R-M","nizak","Ne praviti city landing bez potvrđenog jedinstvenog sadržaja."
"/kontakt","contact","kontakt i tehnička podrška","navigaciona/lead","upit za proizvod; B2B saradnja","Carsystem; R-M","Srbija","Kome da se obratite u Carsystem timu","Kome da se obratite u Carsystem timu","Kontakt za proizvode i tehničku podršku | Carsystem i R-M","nizak","Query prefill URL-ovi su noindex i canonical na čistu rutu."
