article_number,status,card_slug,grouping,row_label,bucket,tied_family,official_image_published,official_name
"1750","INTENTIONALLY_EXCLUDED:MERCHANDISING_DISPLAY","","","","STANDALONE_CUSTOMER_FACING_PHASE_2","","true","Spray Gun Display Plinth"
"4754","VISIBLE","sata-air-hose","LOCAL_CATALOG_GROUPING","6 mm · 10 m · sa brzom spojkom i niplom","STANDALONE_CUSTOMER_FACING_PHASE_2","","false","SATA air hose, 6 mm, 10 m long with quick coupling and nipple"
"6007","VISIBLE","sata-cleaning-brush-for-spray-guns","SINGLE_OFFICIAL_ARTICLE","Broj artikla 6007","STANDALONE_CUSTOMER_FACING_PHASE_2","","true","Cleaning brush (packing unit 10 pieces) for spray guns"
"6981","VISIBLE","sata-quick-coupling-nipple","LOCAL_CATALOG_GROUPING","pakovanje 5 kom.","STANDALONE_CUSTOMER_FACING_PHASE_2","","true","SATA quick coupling nipple G 1/4"" (female thread) (packing unit 5 pieces)"
"7096","VISIBLE","sata-air-check-set-compressed-air-quality-control-device","SINGLE_OFFICIAL_ARTICLE","Broj artikla 7096","STANDALONE_CUSTOMER_FACING_PHASE_2","","true","SATA air check set compressed air quality control device for optimum spray air"
"7237","VISIBLE","sata-quick-coupling-with-hose-olive-and-quick-coupling","SINGLE_OFFICIAL_ARTICLE","Broj artikla 7237","STANDALONE_CUSTOMER_FACING_PHASE_2","","false","SATA quick coupling, red with hose olive 9mm and quick coupling nipple G 1/4"" (female thread) (each 2 pieces)"
"7989","VISIBLE","sata-ball-tap-teflon","SINGLE_OFFICIAL_ARTICLE","Broj artikla 7989","STANDALONE_CUSTOMER_FACING_PHASE_2","","true","Ball tap (Teflon) G 3/8"" (female thread)"
"8359","VISIBLE","sata-free-passage-type-quick-coupling-hrs","SINGLE_OFFICIAL_ARTICLE","Broj artikla 8359","ACCESSORY_TIED_TO_APPROVED_FAMILY","CF1931301","true","Free passage type quick coupling for HKD1, LM/KK, HRS , connection I"
"9209","VISIBLE","sata-cleaning-brush-double-sided-for-spray-guns","SINGLE_OFFICIAL_ARTICLE","Broj artikla 9209","STANDALONE_CUSTOMER_FACING_PHASE_2","","true","Cleaning brush, double-sided (pack of 10 pieces) for spray guns"
"9845","VISIBLE","sata-viscosity-cup","LOCAL_CATALOG_GROUPING","tolerancija vremena isticanja < 1 s","STANDALONE_CUSTOMER_FACING_PHASE_2","","true","SATA viscosity cup 4.0 mm, flow time tolerance < 1 sec."
"9852","VISIBLE","sata-viscosity-cup","LOCAL_CATALOG_GROUPING","tolerancija vremena isticanja < 1.5 s","STANDALONE_CUSTOMER_FACING_PHASE_2","","true","SATA viscosity cup 4.0 mm, flow time tolerance < 1.5 sec."
"9878","VISIBLE","sata-mini-filter","SINGLE_OFFICIAL_ARTICLE","Broj artikla 9878","STANDALONE_CUSTOMER_FACING_PHASE_2","","true","SATA mini filter 1/4"" (male thread)"
"9886","VISIBLE","sata-gravity-gun-holder","SINGLE_OFFICIAL_ARTICLE","Broj artikla 9886","STANDALONE_CUSTOMER_FACING_PHASE_2","","true","SATA gravity gun holder for gravity cup spray guns"
"9894","VISIBLE","sata-nozzle-cleaning-needles","LOCAL_CATALOG_GROUPING","pakovanje 36 kom. (po 12)","STANDALONE_CUSTOMER_FACING_PHASE_2","","true","SATA nozzle cleaning needles (pack of 36 pieces, packed to 12 pieces each)"
"9902","VISIBLE","sata-air-hose","LOCAL_CATALOG_GROUPING","9 mm · plavo · 10 m · G 1/4"" unutrašnji navoj","STANDALONE_CUSTOMER_FACING_PHASE_2","","true","SATA air hose, blue, 9 mm, 10 m long, G 1/4"" (female thread)"
"11866","VISIBLE","sata-venturi-hook-wand-with-flexible-guide-hose-venturi","LOCAL_CATALOG_GROUPING","Ø 5 mm","STANDALONE_CUSTOMER_FACING_PHASE_2","","true","Venturi hook wand Ø 5 mm, with flexible guide hose, Venturi spray tube for cavity and surface application"
"11874","VISIBLE","sata-nylon-wand-flexible","LOCAL_CATALOG_GROUPING","Ø 6 mm · 1500 mm · rotaciona mlaznica 360°, koso prskanje napred i nazad","STANDALONE_CUSTOMER_FACING_PHASE_2","","true","Nylon wand, flexible, 1500 mm long , Ø 6 mm, with rotary nozzle 360°, diagonally spraying forward and backward"
"13508","VISIBLE","sata-nipple","LOCAL_CATALOG_GROUPING","3/8"" spoljašnji navoj","STANDALONE_CUSTOMER_FACING_PHASE_2","","true","Nipple 3/8"" (male thread) for SATA quick coupling"
"13516","VISIBLE","sata-nipple","LOCAL_CATALOG_GROUPING","G 3/8"" unutrašnji navoj","STANDALONE_CUSTOMER_FACING_PHASE_2","","true","Nipple G 3/8"" (female thread) for SATA quick coupling"
"13524","VISIBLE","sata-nipple","LOCAL_CATALOG_GROUPING","1/8"" spoljašnji navoj","STANDALONE_CUSTOMER_FACING_PHASE_2","","true","Nipple 1/8"" (male thread) for SATA quick coupling"
"13581","VISIBLE","sata-quick-coupling","LOCAL_CATALOG_GROUPING","G 3/8"" unutrašnji navoj","STANDALONE_CUSTOMER_FACING_PHASE_2","","true","SATA quick coupling G 3/8"" (female thread)"
"13599","VISIBLE","sata-quick-coupling","LOCAL_CATALOG_GROUPING","G 1/4"" unutrašnji navoj","STANDALONE_CUSTOMER_FACING_PHASE_2","","true","SATA quick coupling G 1/4"" (female thread)"
"13607","VISIBLE","sata-quick-coupling","LOCAL_CATALOG_GROUPING","G 3/8"" spoljašnji navoj","STANDALONE_CUSTOMER_FACING_PHASE_2","","true","SATA quick coupling G 3/8"" (male thread)"
"13615","VISIBLE","sata-quick-coupling","LOCAL_CATALOG_GROUPING","1/2"" spoljašnji navoj","STANDALONE_CUSTOMER_FACING_PHASE_2","","true","SATA quick coupling 1/2"" (male thread)"
"13623","VISIBLE","sata-quick-coupling","LOCAL_CATALOG_GROUPING","1/4"" spoljašnji navoj","STANDALONE_CUSTOMER_FACING_PHASE_2","","true","SATA quick coupling 1/4"" (male thread)"
"13631","VISIBLE","sata-quick-coupling-with-hose-olive","LOCAL_CATALOG_GROUPING","9 mm · crveno","STANDALONE_CUSTOMER_FACING_PHASE_2","","true","SATA quick coupling, red, with hose olive 9 mm"
"13649","VISIBLE","sata-quick-coupling-with-hose-olive","LOCAL_CATALOG_GROUPING","6 mm","STANDALONE_CUSTOMER_FACING_PHASE_2","","true","SATA quick coupling with hose olive 6 mm"
"13870","VISIBLE","sata-air-hose","LOCAL_CATALOG_GROUPING","9 mm · plavo · 1.2 m · sa brzom spojkom (crvena) i niplom","STANDALONE_CUSTOMER_FACING_PHASE_2","","true","SATA air hose, blue, 9mm, 1.2 m with quick coupling, red and nipple"
"16063","VISIBLE","sata-air-hose-g-1-4","SINGLE_OFFICIAL_ARTICLE","Broj artikla 16063","STANDALONE_CUSTOMER_FACING_PHASE_2","","false","Air hose 500 mm, G 1/4"
"16071","VISIBLE","sata-door-wand-steel","LOCAL_CATALOG_GROUPING","1100 mm","STANDALONE_CUSTOMER_FACING_PHASE_2","","true","Door wand, steel 1100 mm long, Ø 8 mm, with rotary nozzle 360° and spraying forward"
"16105","VISIBLE","sata-nylon-wand-flexible","LOCAL_CATALOG_GROUPING","Ø 6 mm · 1500 mm · rotaciona mlaznica 360°","STANDALONE_CUSTOMER_FACING_PHASE_2","","true","Nylon wand, flexible, 1500 mm long, Ø 6 mm, with rotary nozzle 360°"
"16113","VISIBLE","sata-nylon-wand-flexible","LOCAL_CATALOG_GROUPING","Ø 8 mm · 1300 mm · rotaciona mlaznica 360°, rotacioni mlaz i prskanje napred","STANDALONE_CUSTOMER_FACING_PHASE_2","","true","Nylon wand, flexible, 1300 mm long, Ø 8 mm, with rotary nozzle 360° rotary fan and spraying forward"
"16139","VISIBLE","sata-venturi-hook-wand-with-flexible-guide-hose-venturi","LOCAL_CATALOG_GROUPING","Ø 7 mm","STANDALONE_CUSTOMER_FACING_PHASE_2","","true","Venturi hook wand, Ø 7 mm, with flexible guiding hose, Venturi spray tube for cavity and surface application"
"16170","VISIBLE","sata-quick-coupling","LOCAL_CATALOG_GROUPING","za sonde","STANDALONE_CUSTOMER_FACING_PHASE_2","","true","SATA quick coupling for wands"
"16477","VISIBLE","sata-compressed-air-driven-hand-agitator","SINGLE_OFFICIAL_ARTICLE","Broj artikla 16477","STANDALONE_CUSTOMER_FACING_PHASE_2","","true","SATA compressed air-driven hand agitator"
"17483","VISIBLE","sata-trolley-cpl-vario-top-spray","SINGLE_OFFICIAL_ARTICLE","Broj artikla 17483","ACCESSORY_TIED_TO_APPROVED_FAMILY","CF1931215","true","Trolley, cpl. for SATA vario top spray"
"19463","VISIBLE","sata-breathing-air-hose-ce-approval-en-139-9-5-x-5-with","SINGLE_OFFICIAL_ARTICLE","Broj artikla 19463","STANDALONE_CUSTOMER_FACING_PHASE_2","","false","SATA breathing air hose, CE approval EN 139, 9.5 x 5, with stamped-in marking, price per meter"
"19869","VISIBLE","sata-hose-pair-mini-set-2","LOCAL_CATALOG_GROUPING","9 x 9 mm · 1.5 m · G 3/8"" + G 1/4"" + G 1/4"" + unutrašnji navoj · materijal + vazduh","ACCESSORY_TIED_TO_APPROVED_FAMILY","CF1931220","true","SATA hose pair 9 x 9 mm, 1.5 m, G 3/8"" and G 1/4"" (material), G 1/4"" (air) (female thread) for SATA mini set 2"
"19943","VISIBLE","sata-airless-paint-hose","LOCAL_CATALOG_GROUPING","5 m","STANDALONE_CUSTOMER_FACING_PHASE_2","","true","SATA airless paint hose 5 m, 4 mm inside dia."
"19968","VISIBLE","sata-airless-paint-hose","LOCAL_CATALOG_GROUPING","15 m","STANDALONE_CUSTOMER_FACING_PHASE_2","","true","SATA airless paint hose 15 m, 4 mm inside diameter"
"19976","VISIBLE","sata-airless-paint-hose","LOCAL_CATALOG_GROUPING","10 m","STANDALONE_CUSTOMER_FACING_PHASE_2","","true","SATA airless paint hose 10 m, 4 mm inside dia."
"19984","VISIBLE","sata-spray-mix-hose-pair","LOCAL_CATALOG_GROUPING","5 m","STANDALONE_CUSTOMER_FACING_PHASE_2","","true","SATA spray mix hose pair, 6 x 4 mm, 5 m, G 1/4"" (female thread) (material and air)"
"19992","VISIBLE","sata-spray-mix-hose-pair","LOCAL_CATALOG_GROUPING","10 m","STANDALONE_CUSTOMER_FACING_PHASE_2","","true","SATA spray mix hose pair, 6 x 4 mm, 10 m, G 1/4"" (female thread) (material and air)"
"20008","VISIBLE","sata-spray-mix-hose-pair","LOCAL_CATALOG_GROUPING","15 m","STANDALONE_CUSTOMER_FACING_PHASE_2","","true","SATA spray mix hose pair, 6 x 4 mm, 15 m, G 1/4"" (female thread) (material and air)"
"21840","VISIBLE","sata-set-of-plug-in-nipples-complete-vision-2000","SINGLE_OFFICIAL_ARTICLE","Broj artikla 21840","ACCESSORY_TIED_TO_APPROVED_FAMILY","CF1931122","true","Set of plug-in nipples, complete, for Vision 2000 / n"
"24505","INTENTIONALLY_EXCLUDED:ACCESSORY_FOR_PRODUCT_OUTSIDE_RUNTIME_CATALOGUE","","","","STANDALONE_CUSTOMER_FACING_PHASE_2","","true","Safety quick closure coupling, free passage, for SATA top-air"
"27300","VISIBLE","sata-air-hose-din-8541-max-20-bar","LOCAL_CATALOG_GROUPING","9 x 3,5 mm · rolna 50 m","STANDALONE_CUSTOMER_FACING_PHASE_2","","true","SATA air hose blue 9 x 3,5 mm, DIN 8541, max. 20 bar, 50 m per roll"
"27318","VISIBLE","sata-air-hose-din-8541-max-20-bar","LOCAL_CATALOG_GROUPING","6 x 3 mm · rolna 50 m","STANDALONE_CUSTOMER_FACING_PHASE_2","","false","SATA air hose blue 6x3 mm, DIN 8541, max. 20 bar, 50 m on rolls, net price per meter"
"27722","VISIBLE","sata-sge-air-hose","SINGLE_OFFICIAL_ARTICLE","Broj artikla 27722","STANDALONE_CUSTOMER_FACING_PHASE_2","","true","SGE Air hose 9 mm ID, length 10 m"
"27730","VISIBLE","sata-sge-paint-hose-with-ascension-pipe","SINGLE_OFFICIAL_ARTICLE","Broj artikla 27730","STANDALONE_CUSTOMER_FACING_PHASE_2","","true","SGE paint hose 6 mm ID, length 5 m with ascension pipe"
"29280","VISIBLE","sata-cleaning-brush","LOCAL_CATALOG_GROUPING","pakovanje 10 kom. · za usisnu cev pištolja sa donjom čašom","STANDALONE_CUSTOMER_FACING_PHASE_2","","true","Cleaning brush (packing unit 10 pieces) for suction pipe of suction cup spray guns"
"30833","VISIBLE","sata-nozzle-cleaning-kit-includes-sealing-insert-and-cap-jet-3000-k-spray-mix","SINGLE_OFFICIAL_ARTICLE","Broj artikla 30833","ACCESSORY_TIED_TO_APPROVED_FAMILY","CF1931095","true","SATA nozzle cleaning kit, includes sealing insert and cap for SATAjet 3000 K spray mix"
"32615","VISIBLE","sata-coupling-nipple","SINGLE_OFFICIAL_ARTICLE","Broj artikla 32615","STANDALONE_CUSTOMER_FACING_PHASE_2","","true","Coupling nipple (packing unit 3 pieces) for SATAgraph 1 / 2 / 3 / 4"
"32987","VISIBLE","sata-pvc-compressed-air-hose-with-mini-quick-coupling-jet-20-b","SINGLE_OFFICIAL_ARTICLE","Broj artikla 32987","ACCESSORY_TIED_TO_APPROVED_FAMILY","CF1931083","true","SATA PVC compressed air hose, transparent, 3 m long with G 1/4"" (female thread), mini quick coupling and nipple for SATAjet 20 B"
"37655","VISIBLE","sata-air-hose","LOCAL_CATALOG_GROUPING","9 mm · plavo · 6 m · sa brzom spojkom (crvena) i niplom","STANDALONE_CUSTOMER_FACING_PHASE_2","","true","SATA air hose, blue, 9 mm, 6 m with quick coupling, red and nipple"
"40188","VISIBLE","sata-spray-gun-holder","LOCAL_CATALOG_GROUPING","Broj artikla 40188","STANDALONE_CUSTOMER_FACING_PHASE_2","","true","SATA Spray Gun Holder"
"41384","VISIBLE","sata-threaded-nipple-galvanised-vario-top-spray","SINGLE_OFFICIAL_ARTICLE","Broj artikla 41384","ACCESSORY_TIED_TO_APPROVED_FAMILY","CF1931215","true","Threaded nipple 1/2"" (male thread), galvanised for SATA vario top spray, FDG, DG25"
"41806","VISIBLE","sata-1-0-l-aluminium-pressure-pot-max-pressure-10-bar-hrs","SINGLE_OFFICIAL_ARTICLE","Broj artikla 41806","ACCESSORY_TIED_TO_APPROVED_FAMILY","CF1931301","true","1.0 l aluminium pressure pot, max. pressure 10 bar/150 psi, cpl. with threaded ring for SATA HRS"
"45047","VISIBLE","sata-suction-hose-cpl-vario-top-spray","LOCAL_CATALOG_GROUPING","priključci od nerđajućeg čelika","ACCESSORY_TIED_TO_APPROVED_FAMILY","CF1931215","true","Suction hose, cpl., connections stainless steel for SATA vario top spray"
"45864","VISIBLE","sata-double-pipe-suction-unit-with-quick-coupling","SINGLE_OFFICIAL_ARTICLE","Broj artikla 45864","STANDALONE_CUSTOMER_FACING_PHASE_2","","true","Double pipe suction unit with quick coupling, for spray gun washing machine SATA multi-clean"
"48173","VISIBLE","sata-high-performance-grease-silicone-and-acid-free-100","SINGLE_OFFICIAL_ARTICLE","Broj artikla 48173","STANDALONE_CUSTOMER_FACING_PHASE_2","","true","SATA high performance grease, silicone- and acid-free, 100 ml for spray guns"
"49080","VISIBLE","sata-safety-compressed-air-supply-hose","LOCAL_CATALOG_GROUPING","6 m","STANDALONE_CUSTOMER_FACING_PHASE_2","","true","SATA Safety compressed air supply hose Ø 10 mm, 6 m long, for SATA breathing protecion systems"
"49155","VISIBLE","sata-material-hose","LOCAL_CATALOG_GROUPING","6 m","STANDALONE_CUSTOMER_FACING_PHASE_2","","false","SATA material hose, 9 mm, 6 m"
"49999","VISIBLE","sata-material-hose","LOCAL_CATALOG_GROUPING","10 m","STANDALONE_CUSTOMER_FACING_PHASE_2","","true","SATA material hose, 9 mm, 10 m"
"50161","VISIBLE","sata-material-hose","LOCAL_CATALOG_GROUPING","15 m","STANDALONE_CUSTOMER_FACING_PHASE_2","","true","SATA material hose, 9 mm, 15 m"
"50252","VISIBLE","sata-air-hose","LOCAL_CATALOG_GROUPING","9 mm · plavo · 6 m","STANDALONE_CUSTOMER_FACING_PHASE_2","","true","SATA air hose, blue, 9 mm, 6 m"
"50591","VISIBLE","sata-air-hose","LOCAL_CATALOG_GROUPING","9 mm · plavo · 10 m","STANDALONE_CUSTOMER_FACING_PHASE_2","","true","SATA air hose, blue, 9 mm, 10 m"
"50641","VISIBLE","sata-air-hose","LOCAL_CATALOG_GROUPING","9 mm · plavo · 15 m","STANDALONE_CUSTOMER_FACING_PHASE_2","","true","SATA air hose, blue, 9 mm, 15 m"
"51185","VISIBLE","sata-nylon-wand-semi-rigid","SINGLE_OFFICIAL_ARTICLE","Broj artikla 51185","STANDALONE_CUSTOMER_FACING_PHASE_2","","true","Nylon wand, semi rigid 1500 mm long, Ø 6 mm, with rotary spray nozzle 360° and spraying diagonal forward and backward"
"51300","VISIBLE","sata-air-hose","LOCAL_CATALOG_GROUPING","13 mm · plavo · 10 m · G 1/2"" unutrašnji navoj · za SATA vario top spray i FDG sa 2. izlazom za pištolj","ACCESSORY_TIED_TO_APPROVED_FAMILY","CF1931215","true","SATA air hose, blue, 13 mm, 10 m long, G 1/2"" (female thread) for SATA vario top spray and FDG with 2. spray gun outlet"
"53090","VISIBLE","sata-air-hose","LOCAL_CATALOG_GROUPING","9 mm · plavo · 10 m · sa brzom spojkom (crvena) i niplom","STANDALONE_CUSTOMER_FACING_PHASE_2","","true","SATA air hose, blue, 9mm, 10 m with quick coupling, red and nipple"
"53496","VISIBLE","sata-cleaning-brush","LOCAL_CATALOG_GROUPING","za usisnu cev SATA pištolja sa donjom čašom, očišćena","STANDALONE_CUSTOMER_FACING_PHASE_2","","false","Cleaning brush for suction pipe SATA suction cup spray guns, cleaned"
"53793","VISIBLE","sata-coupling-with","SINGLE_OFFICIAL_ARTICLE","Broj artikla 53793","STANDALONE_CUSTOMER_FACING_PHASE_2","","true","Coupling with G 1/8"" (female thread) for SATA BVD and Spray-Master"
"53934","INTENTIONALLY_EXCLUDED:ACCESSORY_FOR_PRODUCT_OUTSIDE_RUNTIME_CATALOGUE","","","","STANDALONE_CUSTOMER_FACING_PHASE_2","","true","Safety quick coupling for SATA full face respirator"
"54114","VISIBLE","sata-material-hose-solvent-resistant","SINGLE_OFFICIAL_ARTICLE","Broj artikla 54114","STANDALONE_CUSTOMER_FACING_PHASE_2","","true","Material hose 9x3.5 mm, solvent-resistant, 50 m on rolls, price net per meter"
"54239","INTENTIONALLY_EXCLUDED:ACCESSORY_FOR_PRODUCT_OUTSIDE_RUNTIME_CATALOGUE","","","","STANDALONE_CUSTOMER_FACING_PHASE_2","","true","SATA quick coupling safety version for air supply hose ASS GS-version, G 1/4"" (female thread)"
"54353","VISIBLE","sata-pvc-air-hose-with-mini-quick-coupling-nipple-with-minijet-4400-b","SINGLE_OFFICIAL_ARTICLE","Broj artikla 54353","ACCESSORY_TIED_TO_APPROVED_FAMILY","CF1931085","true","SATA PVC air hose, 2 m long with mini quick coupling, nipple with G 1/4"" (female thread), quick coupling nipple for SATAminijet 4400 B and 3000 B, jet 20 B"
"54460","VISIBLE","sata-hook-wand-connection-ii","SINGLE_OFFICIAL_ARTICLE","Broj artikla 54460","STANDALONE_CUSTOMER_FACING_PHASE_2","","true","Hook wand, connection II"
"54858","VISIBLE","sata-coupling-with-hose-connection","SINGLE_OFFICIAL_ARTICLE","Broj artikla 54858","STANDALONE_CUSTOMER_FACING_PHASE_2","","true","Coupling with hose connection for interhose from SATAminijet/DECOR to respirator"
"56192","INTENTIONALLY_EXCLUDED:ACCESSORY_FOR_PRODUCT_OUTSIDE_RUNTIME_CATALOGUE","","","","STANDALONE_CUSTOMER_FACING_PHASE_2","","false","Breathing air hose without acoustic warning device, with foam sleeve, without noise reducer/coupling for SATA respirator hood CE industry with UV protection"
"59675","VISIBLE","sata-dosenboy-to-cut-out-can-lids-from-cans-up-to-height","SINGLE_OFFICIAL_ARTICLE","Broj artikla 59675","STANDALONE_CUSTOMER_FACING_PHASE_2","","true","SATA dosenboy, to cut out can lids from cans up to 36 cm height"
"60095","VISIBLE","sata-sataclean-wet-holding-tray","SINGLE_OFFICIAL_ARTICLE","Broj artikla 60095","STANDALONE_CUSTOMER_FACING_PHASE_2","","true","SATAclean wet holding tray for 3 spray guns"
"60574","VISIBLE","sata-air-hose-with-foam-cover","SINGLE_OFFICIAL_ARTICLE","Broj artikla 60574","STANDALONE_CUSTOMER_FACING_PHASE_2","","true","Air hose with foam cover, prolonged by 30 cm for respirator, without silencer"
"61242","VISIBLE","sata-air-warmer-2000-n","SINGLE_OFFICIAL_ARTICLE","Broj artikla 61242","STANDALONE_CUSTOMER_FACING_PHASE_2","","true","SATA air warmer 2000 n"
"61259","VISIBLE","sata-paint-hose-solvent-resistant","SINGLE_OFFICIAL_ARTICLE","Broj artikla 61259","STANDALONE_CUSTOMER_FACING_PHASE_2","","false","Paint hose 6x3 mm, solvent-resistant, on a roll of 50m, price per metre"
"62174","VISIBLE","sata-nozzle-cleaning-needles","LOCAL_CATALOG_GROUPING","pakovanje 12 kom.","STANDALONE_CUSTOMER_FACING_PHASE_2","","true","SATA nozzle cleaning needles (pack of 12 pieces)"
"62232","VISIBLE","sata-suction-hose-cpl-vario-top-spray","LOCAL_CATALOG_GROUPING","Broj artikla 62232","ACCESSORY_TIED_TO_APPROVED_FAMILY","CF1931215","true","Suction hose, cpl. for SATA vario top spray"
"63974","VISIBLE","sata-vario-top-spray-f-double-diaphragm-pump-1-1-mobile-vario-top-spray","SINGLE_OFFICIAL_ARTICLE","Broj artikla 63974","ACCESSORY_TIED_TO_APPROVED_FAMILY","CF1931215","true","SATA vario top spray F, double diaphragm pump 1:1, mobile, with material fine pressure regulator, suction tube + 2. gun connection, without spray gun and hoses"
"64030","VISIBLE","sata-cleaning-kit-with-2-cleaning-brushes-medium-and-12","SINGLE_OFFICIAL_ARTICLE","Broj artikla 64030","STANDALONE_CUSTOMER_FACING_PHASE_2","","true","SATA cleaning kit with 2 cleaning brushes, medium and 12 nozzle cleaning needles"
"64220","VISIBLE","sata-cleaning-brush-double-sided-silicone-free","SINGLE_OFFICIAL_ARTICLE","Broj artikla 64220","STANDALONE_CUSTOMER_FACING_PHASE_2","","false","Cleaning brush double-sided silicone-free"
"67942","VISIBLE","sata-insertion-drawer","SINGLE_OFFICIAL_ARTICLE","Broj artikla 67942","STANDALONE_CUSTOMER_FACING_PHASE_2","","true","Insertion drawer for wet holding tray SATA clean"
"69328","VISIBLE","sata-spray-gun-holder","LOCAL_CATALOG_GROUPING","za SATAminijet 4400 B, minijet 3000 B, jet 20 B","ACCESSORY_TIED_TO_APPROVED_FAMILY","CF1931085","true","SATA spray gun holder for SATAminijet 4400 B, minijet 3000 B, jet 20 B"
"75176","INTENTIONALLY_EXCLUDED:ACCESSORY_FOR_PRODUCT_OUTSIDE_RUNTIME_CATALOGUE","","","","STANDALONE_CUSTOMER_FACING_PHASE_2","","true","Safety quick closure coupling NW 5, type 21, for adsorber of half mask respirator, version GS"
"75358","VISIBLE","sata-wet-dry-cleaner","LOCAL_CATALOG_GROUPING","pakovanje 10 kom.","STANDALONE_CUSTOMER_FACING_PHASE_2","","true","SATA wet & dry cleaner (packing unit 10 pieces) Please observe: The supplied product has a limited use-by date!"
"77503","VISIBLE","sata-strainer-holder","SINGLE_OFFICIAL_ARTICLE","Broj artikla 77503","STANDALONE_CUSTOMER_FACING_PHASE_2","","false","Strainer holder for sieve 200 msh, for material filter SATAjet/Spray-Mix"
"77834","VISIBLE","sata-hose-pair-vario-top-spray","LOCAL_CATALOG_GROUPING","9 x 9 mm · 6 m · G3/8"" + G1/2"" + G1/4"" + unutrašnji navoj · sa zaštitnim tekstilnim omotačem + vazduh · materijal: nerđajući čelik · za SATA FDG + vario top spray","ACCESSORY_TIED_TO_APPROVED_FAMILY","CF1931215","true","SATA hose pair 9x9mm, 6m, with covering fabric netting, G3/8"" and G1/2"" (mat., stainless steel), G1/4"" (air) (female) SATA FDG + vario top spray"
"77842","VISIBLE","sata-hose-pair-vario-top-spray","LOCAL_CATALOG_GROUPING","9 x 9 mm · 10 m · G 3/8"" + G 1/2"" + G 1/4"" + unutrašnji navoj · sa zaštitnim tekstilnim omotačem + vazduh · materijal: nerđajući čelik · za SATA FDG+vario top spray","ACCESSORY_TIED_TO_APPROVED_FAMILY","CF1931215","true","SATA hose pair 9x9mm, 10m, with covering fabric netting, G 3/8"" and G 1/2"" (mat., stainless steel), G 1/4"" (air) (female)SATA FDG+vario top spray"
"77859","VISIBLE","sata-hose-pair-vario-top-spray","LOCAL_CATALOG_GROUPING","9 x 9 mm · 15 m · G 3/8"" + G 1/2"" + G 1/4"" · sa zaštitnim tekstilnim omotačem + vazduh · materijal: nerđajući čelik · za SATA FDG i vario top spray","ACCESSORY_TIED_TO_APPROVED_FAMILY","CF1931215","true","SATA hose pair 9x9mm, 15m, with covering fabric netting, G 3/8"" and G 1/2"" (material, stainless steel), G 1/4"" (air) SATA FDG and vario top spray"
"77941","VISIBLE","sata-nylon-wand-connection-ii","SINGLE_OFFICIAL_ARTICLE","Broj artikla 77941","STANDALONE_CUSTOMER_FACING_PHASE_2","","true","Nylon wand 1500 mm, connection II"
"83881","VISIBLE","sata-wet-dry-cleaner","LOCAL_CATALOG_GROUPING","pakovanje 50 kom.","STANDALONE_CUSTOMER_FACING_PHASE_2","","true","SATA wet & dry cleaner (packing unit 50 pieces) Please observe: The supplied product has a limited use-by date!"
"91108","VISIBLE","sata-nipple-with-swivel-nut","SINGLE_OFFICIAL_ARTICLE","Broj artikla 91108","STANDALONE_CUSTOMER_FACING_PHASE_2","","true","Nipple with swivel nut for material coupling"
"91140","VISIBLE","sata-material-coupling-with-plug-in-nipple","SINGLE_OFFICIAL_ARTICLE","Broj artikla 91140","STANDALONE_CUSTOMER_FACING_PHASE_2","","true","SATA material coupling 3/8"" (male thread) with plug-in nipple G 3/8"" (female thread) for SATA pressure fed spray guns"
"91157","VISIBLE","sata-material-coupling-with-plug-in-nipple-and-material","SINGLE_OFFICIAL_ARTICLE","Broj artikla 91157","STANDALONE_CUSTOMER_FACING_PHASE_2","","true","SATA material coupling 3/8"" (male thread) with plug-in nipple G 3/8"" (female thread) and material strainer 60 msh for SATA pressure fed spray guns"
"99895","VISIBLE","sata-flexible-quick-coupling-nipple","SINGLE_OFFICIAL_ARTICLE","Broj artikla 99895","STANDALONE_CUSTOMER_FACING_PHASE_2","","true","Flexible quick coupling nipple G 1/4"" (female thread)"
"117051","VISIBLE","sata-shaker-ring-rps-the-original","LOCAL_CATALOG_GROUPING","za SATA RPS 0.6l / 0.9l","ACCESSORY_TIED_TO_APPROVED_FAMILY","CF1931348","false","Shaker ring for SATA RPS 0.6l / 0.9l"
"125211","VISIBLE","sata-rps-adapter-with-qcc-and-connection","LOCAL_CATALOG_GROUPING","br. 1 · M 16 x 1.5 unutrašnji navoj · za SATAjet B, jet B NR 92 i jet B NR 95","ACCESSORY_TIED_TO_APPROVED_FAMILY","CF1931348","true","RPS adapter No. 1 with QCC and connection M 16 x 1.5 (female thread) for e.g. SATAjet B, jet B NR 92 and jet B NR 95"
"125237","VISIBLE","sata-rps-adapter-with-qcc-and-connection","LOCAL_CATALOG_GROUPING","br. 2 · M 16 x 1.5 spoljašnji navoj · za SATAjet NR2000, SATAjet RP bez QCC / SATA LM 2000 B, SATA KLC, SATAjet 90","ACCESSORY_TIED_TO_APPROVED_FAMILY","CF1931348","true","RPS adapter No. 2 with QCC, connection M 16 x 1.5 (male thread) for SATAjet NR2000, SATAjet RP without QCC / SATA LM 2000 B, SATA KLC, SATAjet 90"
"125252","VISIBLE","sata-rps-adapter-with-qcc-and-connection","LOCAL_CATALOG_GROUPING","br. 3 · 3/8"" spoljašnji navoj","ACCESSORY_TIED_TO_APPROVED_FAMILY","CF1931348","true","RPS adapter No. 3 with QCC and connection 3/8"" (male thread)"
"125278","VISIBLE","sata-rps-adapter-with-qcc-and-connection","LOCAL_CATALOG_GROUPING","br. 4 · 1/4"" spoljašnji navoj","ACCESSORY_TIED_TO_APPROVED_FAMILY","CF1931348","true","RPS adapter No. 4 with QCC and connection 1/4"" (male thread)"
"125294","VISIBLE","sata-rps-adapter-with-qcc-and-connection","LOCAL_CATALOG_GROUPING","br. 5 · M 12 x 1 spoljašnji navoj","ACCESSORY_TIED_TO_APPROVED_FAMILY","CF1931348","true","RPS adapter No. 5 with QCC and connection M 12 x 1 (male thread)"
"126326","VISIBLE","sata-rps-adapter-with-qcc-and-connection","LOCAL_CATALOG_GROUPING","br. 6 · 3/8"" spoljašnji navoj","ACCESSORY_TIED_TO_APPROVED_FAMILY","CF1931348","true","RPS adapter No. 6 with QCC and connection 3/8"" (male thread)"
"127852","VISIBLE","sata-spray-bottle-1-0-l","SINGLE_OFFICIAL_ARTICLE","Broj artikla 127852","STANDALONE_CUSTOMER_FACING_PHASE_2","","true","Spray bottle 1.0 l"
"127860","VISIBLE","sata-pump-spray-cleaning-bottle-not-suitable","SINGLE_OFFICIAL_ARTICLE","Broj artikla 127860","STANDALONE_CUSTOMER_FACING_PHASE_2","","true","Pump-spray cleaning bottle, not suitable for thinner"
"129346","VISIBLE","sata-cup-adapter-qcc-minijet-4-laminated","SINGLE_OFFICIAL_ARTICLE","Broj artikla 129346","STANDALONE_CUSTOMER_FACING_PHASE_2","","true","Cup adapter QCC, minijet 4, laminated"
"133306","VISIBLE","sata-turbo-blow-with-quick-coupling-nipple-blow-gun","SINGLE_OFFICIAL_ARTICLE","Broj artikla 133306","STANDALONE_CUSTOMER_FACING_PHASE_2","","true","SATA turbo blow with quick coupling nipple (blow gun)"
"133595","VISIBLE","sata-rps-adapter-with-qcc-and-connection","LOCAL_CATALOG_GROUPING","br. 7 · M 12 x 1.5 spoljašnji navoj · za SATA LM 92","ACCESSORY_TIED_TO_APPROVED_FAMILY","CF1931348","true","RPS adapter No. 7 with QCC and connection M 12 x 1.5 (male thread) for e.g. SATA LM 92"
"133827","VISIBLE","sata-rps-adapter-with-qcc-and-connection","LOCAL_CATALOG_GROUPING","br. 8 · G 3/8""-18unutrašnji navoj","ACCESSORY_TIED_TO_APPROVED_FAMILY","CF1931348","true","RPS adapter No. 8 with QCC and connection G 3/8""-18( female thread)"
"134791","VISIBLE","sata-fibre-air-hose-with-mini-quick-coupling","SINGLE_OFFICIAL_ARTICLE","Broj artikla 134791","STANDALONE_CUSTOMER_FACING_PHASE_2","","true","SATA Fibre air hose, 2.5 m long with G 1/4"" (female thread), mini quick coupling for SATAgraph 1 / 2 / 3 (jet 20 B)"
"134882","VISIBLE","sata-spray-gun-holder-with-strainer-holder","SINGLE_OFFICIAL_ARTICLE","Broj artikla 134882","STANDALONE_CUSTOMER_FACING_PHASE_2","","true","Spray gun holder with strainer holder"
"134916","VISIBLE","sata-triple-spray-gun-holder","SINGLE_OFFICIAL_ARTICLE","Broj artikla 134916","STANDALONE_CUSTOMER_FACING_PHASE_2","","true","Triple spray gun holder for wall mounting"
"134932","VISIBLE","sata-insert","SINGLE_OFFICIAL_ARTICLE","Broj artikla 134932","STANDALONE_CUSTOMER_FACING_PHASE_2","","true","Insert for spray gun holder with strainer holder for SATAminijet"
"134965","VISIBLE","sata-half-mask-cleaner","LOCAL_CATALOG_GROUPING","pakovanje 10 kom.","STANDALONE_CUSTOMER_FACING_PHASE_2","","true","SATA half mask cleaner (packing unit 10 pieces)"
"135020","VISIBLE","sata-half-mask-cleaner","LOCAL_CATALOG_GROUPING","pakovanje 50 kom.","STANDALONE_CUSTOMER_FACING_PHASE_2","","true","SATA half mask cleaner (packing unit 50 pieces)"
"135111","VISIBLE","sata-spray-gun-adapter-with-qcc-and-connection-thread","SINGLE_OFFICIAL_ARTICLE","Broj artikla 135111","STANDALONE_CUSTOMER_FACING_PHASE_2","","true","Spray gun adapter No. 9 with QCC and connection thread G 3/8"" male thread -18 NPSF"
"135798","VISIBLE","sata-rps-adapter-with-qcc-and-connection","LOCAL_CATALOG_GROUPING","br. 10 · M 10 x 1 spoljašnji navoj · za SATAminijet 3000 B, minijet 4, minijet 3, minijet 2, SATAjet 20 B","ACCESSORY_TIED_TO_APPROVED_FAMILY","CF1931083","true","RPS adapter No. 10 with QCC and connection M 10 x 1 (male thread) for SATAminijet 3000 B, minijet 4, minijet 3, minijet 2, SATAjet 20 B"
"143255","VISIBLE","sata-suit-grey","SINGLE_OFFICIAL_ARTICLE","Broj artikla 143255","STANDALONE_CUSTOMER_FACING_PHASE_2","","false","SATA suit grey, size L (50/52), 100% polyester"
"144840","VISIBLE","sata-rps-depot-to-store-rps-boxes-rps-the-original","SINGLE_OFFICIAL_ARTICLE","Broj artikla 144840","ACCESSORY_TIED_TO_APPROVED_FAMILY","CF1931348","true","SATA RPS depot to store RPS boxes"
"146514","VISIBLE","sata-air-hose-one-connection-included-clean-rcs","SINGLE_OFFICIAL_ARTICLE","Broj artikla 146514","ACCESSORY_TIED_TO_APPROVED_FAMILY","CF1931355","true","SATA air hose, blue, 13 mm, 0.5 m, G 1/2"" (female thread), one connection included for SATA clean RCS"
"147017","VISIBLE","sata-cleaning-brush","LOCAL_CATALOG_GROUPING","pakovanje 1 kom.","STANDALONE_CUSTOMER_FACING_PHASE_2","","true","Cleaning brush (packing unit 1 piece)"
"147025","VISIBLE","sata-hose-clean-rcs","SINGLE_OFFICIAL_ARTICLE","Broj artikla 147025","ACCESSORY_TIED_TO_APPROVED_FAMILY","CF1931355","false","Hose (packing unit 2 pieces for SATA clean RCS"
"147272","VISIBLE","sata-rps-adapter-with-qcc-and-connection","LOCAL_CATALOG_GROUPING","br. 12 · za SATAjet pištolje sa bočnom čašom","ACCESSORY_TIED_TO_APPROVED_FAMILY","CF1931348","true","RPS Adapter No. 12 with QCC and connection for SATAjet lateral cup guns"
"147504","VISIBLE","sata-hose-pair-vario-top-spray","LOCAL_CATALOG_GROUPING","9 x 9 mm · 15 m · G 3/8"" + G 1/2"" + G1/4"" + unutrašnji navoj · sa zaštitnim tekstilnim omotačem + materijal + vazduh · za SATA FDG i vario top spray","ACCESSORY_TIED_TO_APPROVED_FAMILY","CF1931215","true","SATA hose pair 9 x 9 mm, 15 m, with covering fabric netting, G 3/8"" and G 1/2"" (material), G1/4"" (air) (female thread) for SATA FDG and vario top spray"
"147512","VISIBLE","sata-hose-pair-vario-top-spray","LOCAL_CATALOG_GROUPING","9 x 9 mm · 10 m · G 3/8"" + G 1/2"" + G 1/4"" + unutrašnji navoj · sa zaštitnim tekstilnim omotačem + materijal + vazduh · za SATA FDG i vario top spray","ACCESSORY_TIED_TO_APPROVED_FAMILY","CF1931215","true","SATA hose pair 9 x 9 mm, 10 m, with covering fabric netting, G 3/8"" and G 1/2"" (material), G 1/4"" (air) (female thread) for SATA FDG and vario top spray"
"147520","VISIBLE","sata-hose-pair-vario-top-spray","LOCAL_CATALOG_GROUPING","9 x 9 mm · 6 m · G 3/8"" + G 1/2"" + G 1/4"" + unutrašnji navoj · sa zaštitnim tekstilnim omotačem + materijal + vazduh · za SATA FDG i vario top spray","ACCESSORY_TIED_TO_APPROVED_FAMILY","CF1931215","true","SATA hose pair 9 x 9 mm, 6 m, with covering fabric netting, G 3/8"" and G 1/2"" (material), G 1/4"" (air) (female thread) for SATA FDG and vario top spray"
"150136","VISIBLE","sata-rps-adapter-with-qcc-and-connection","LOCAL_CATALOG_GROUPING","br. 13 · M 16 x 1.5 spoljašnji navoj","ACCESSORY_TIED_TO_APPROVED_FAMILY","CF1931348","true","RPS adapter No. 13 with QCC and connection M 16 x 1.5 (male thread)"
"150151","VISIBLE","sata-rps-adapter-with-qcc-and-connection","LOCAL_CATALOG_GROUPING","br. 14 · M 11 x 1 spoljašnji navoj","ACCESSORY_TIED_TO_APPROVED_FAMILY","CF1931348","true","RPS adapter No. 14 with QCC and connection M 11 x 1 (male thread)"
"154211","VISIBLE","sata-extension-with-jet-1000-b","LOCAL_CATALOG_GROUPING","standardna mlaznica · 0° · 20 cm · set dizni 1.6 RP · za SATAjet 1000 B RP","ACCESSORY_TIED_TO_APPROVED_FAMILY","CF1931080","true","Extension with standard nozzle (0°), 20 cm with nozzle set 1.6 RP for SATAjet 1000 B RP"
"154229","VISIBLE","sata-extension-with-jet-1000-b","LOCAL_CATALOG_GROUPING","standardna mlaznica · 0° · 30 cm · set dizni 1.6 RP · za SATAjet 1000 B RP","ACCESSORY_TIED_TO_APPROVED_FAMILY","CF1931080","false","Extension with standard nozzle (0°), 30 cm with nozzle set 1.6 RP for SATAjet 1000 B RP"
"154237","VISIBLE","sata-extension-with-jet-1000-b","LOCAL_CATALOG_GROUPING","standardna mlaznica · 0° · 40 cm · set dizni 1.6 RP · za SATAjet 1000 B RP","ACCESSORY_TIED_TO_APPROVED_FAMILY","CF1931080","false","Extension with standard nozzle (0°), 40 cm with nozzle set 1.6 RP for SATAjet 1000 B RP"
"154252","VISIBLE","sata-extension-with-jet-1000-b","LOCAL_CATALOG_GROUPING","kosa mlaznica · 45° · 20 cm · set dizni 1.6 RP · za SATAjet 1000 B RP","ACCESSORY_TIED_TO_APPROVED_FAMILY","CF1931080","true","Extension with diagonal spray nozzle (45°), 20 cm with nozzle set 1.6 RP for SATAjet 1000 B RP"
"154260","VISIBLE","sata-extension-with-jet-1000-b","LOCAL_CATALOG_GROUPING","kosa mlaznica · 45° · 30 cm · set dizni 1.6 RP · za SATAjet 1000 B RP","ACCESSORY_TIED_TO_APPROVED_FAMILY","CF1931080","false","Extension with diagonal spray nozzle (45°), 30 cm with nozzle set 1.6 RP for SATAjet 1000 B RP"
"154278","VISIBLE","sata-extension-with-jet-1000-b","LOCAL_CATALOG_GROUPING","kosa mlaznica · 45° · 40 cm · set dizni 1.6 RP · za SATAjet 1000 B RP","ACCESSORY_TIED_TO_APPROVED_FAMILY","CF1931080","false","Extension with diagonal spray nozzle (45°), 40 cm with nozzle set 1.6 RP for SATAjet 1000 B RP"
"154294","VISIBLE","sata-extension-with-jet-1000-b","LOCAL_CATALOG_GROUPING","ugaona mlaznica · 90° · 20 cm · set dizni 1.6 RP · za SATAjet 1000 B RP","ACCESSORY_TIED_TO_APPROVED_FAMILY","CF1931080","true","Extension with angular head nozzle (90°), 20 cm with nozzle set 1.6 RP for SATAjet 1000 B RP"
"154302","VISIBLE","sata-extension-with-jet-1000-b","LOCAL_CATALOG_GROUPING","kosa mlaznica · 90° · 30 cm · set dizni 1.6 RP · za SATAjet 1000 B RP","ACCESSORY_TIED_TO_APPROVED_FAMILY","CF1931080","true","Extension with diagonal spray nozzle (90°), 30 cm with nozzle set 1.6 RP for SATAjet 1000 B RP"
"154310","VISIBLE","sata-extension-with-jet-1000-b","LOCAL_CATALOG_GROUPING","ugaona mlaznica · 90° · 40 cm · set dizni 1.6 RP · za SATAjet 1000 B RP","ACCESSORY_TIED_TO_APPROVED_FAMILY","CF1931080","true","Extension with angular head nozzle (90°), 40 cm with nozzle set 1.6 RP for SATAjet 1000 B RP"
"154435","VISIBLE","sata-extension-with-jet-1000-k","LOCAL_CATALOG_GROUPING","standardna mlaznica · 0° · 20 cm · set dizni 1.5 RP","ACCESSORY_TIED_TO_APPROVED_FAMILY","CF1931098","true","Extension with standard nozzle (0°), 20 cm with nozzle set 1.5 RP for SATAjet 1000 K RP"
"154443","VISIBLE","sata-extension-with-jet-1000-k","LOCAL_CATALOG_GROUPING","standardna mlaznica · 0° · 30 cm · set dizni 1.5 RP","ACCESSORY_TIED_TO_APPROVED_FAMILY","CF1931098","true","Extension with standard nozzle (0°), 30 cm with nozzle set 1.5 RP for SATAjet 1000 K RP"
"154450","VISIBLE","sata-extension-with-jet-1000-k","LOCAL_CATALOG_GROUPING","standardna mlaznica · 0° · 40 cm · set dizni 1.5 RP","ACCESSORY_TIED_TO_APPROVED_FAMILY","CF1931098","true","Extension with standard nozzle (0°), 40 cm with nozzle set 1.5 RP for SATAjet 1000 K RP"
"154476","VISIBLE","sata-extension-with-jet-1000-k","LOCAL_CATALOG_GROUPING","kosa mlaznica · 45° · 20 cm · set dizni 1.6 RP","ACCESSORY_TIED_TO_APPROVED_FAMILY","CF1931098","true","Extension with diagonal spray nozzle (45°), 20 cm with nozzle set 1.6 RP for SATAjet 1000 K RP"
"154484","VISIBLE","sata-extension-with-jet-1000-k","LOCAL_CATALOG_GROUPING","kosa mlaznica · 45° · 30 cm · set dizni 1.6 RP","ACCESSORY_TIED_TO_APPROVED_FAMILY","CF1931098","true","Extension with diagonal spray nozzle (45°), 30 cm with nozzle set 1.6 RP for SATAjet 1000 K RP"
"154492","VISIBLE","sata-extension-with-jet-1000-k","LOCAL_CATALOG_GROUPING","kosa mlaznica · 45° · 40 cm · set dizni 1.6 RP","ACCESSORY_TIED_TO_APPROVED_FAMILY","CF1931098","true","Extension with diagonal spray nozzle (45°), 40 cm with nozzle set 1.6 RP for SATAjet 1000 K RP"
"154518","VISIBLE","sata-extension-with-jet-1000-k","LOCAL_CATALOG_GROUPING","rotaciona mlaznica · 360° · 20 cm · set dizni 1.6 RP","ACCESSORY_TIED_TO_APPROVED_FAMILY","CF1931098","true","Extension with rotary nozzle (360°), 20 cm with nozzle set 1.6 RP for SATAjet 1000 K RP"
"154526","VISIBLE","sata-extension-with-jet-1000-k","LOCAL_CATALOG_GROUPING","rotaciona mlaznica · 360° · 30 cm · set dizni 1.6 RP","ACCESSORY_TIED_TO_APPROVED_FAMILY","CF1931098","true","Extension with rotary nozzle (360°), 30 cm with nozzle set 1.6 RP for SATAjet 1000 K RP"
"154534","VISIBLE","sata-extension-with-jet-1000-k","LOCAL_CATALOG_GROUPING","rotaciona mlaznica · 360° · 40 cm · set dizni 1.6 RP","ACCESSORY_TIED_TO_APPROVED_FAMILY","CF1931098","true","Extension with rotary nozzle (360°), 40 cm with nozzle set 1.6 RP for SATAjet 1000 K RP"
"154559","VISIBLE","sata-extension-with-jet-1000-k","LOCAL_CATALOG_GROUPING","ugaona mlaznica · 90° · 20 cm · set dizni 1.5 RP","ACCESSORY_TIED_TO_APPROVED_FAMILY","CF1931098","true","Extension with angular head nozzle (90°), 20 cm with nozzle set 1.5 RP for SATAjet 1000 K RP"
"154567","VISIBLE","sata-extension-with-jet-1000-k","LOCAL_CATALOG_GROUPING","ugaona mlaznica · 90° · 30 cm · set dizni 1.6 RP","ACCESSORY_TIED_TO_APPROVED_FAMILY","CF1931098","true","Extension with angular head nozzle (90°), 30 cm with nozzle set 1.6 RP for SATAjet 1000 K RP"
"154575","VISIBLE","sata-extension-with-jet-1000-k","LOCAL_CATALOG_GROUPING","ugaona mlaznica · 90° · 40 cm · set dizni 1.5 RP","ACCESSORY_TIED_TO_APPROVED_FAMILY","CF1931098","true","Extension with angular head nozzle (90°), 40 cm with nozzle set 1.5 RP for SATAjet 1000 K RP"
"156299","VISIBLE","sata-air-tester-atomisation-air-quick-tester","SINGLE_OFFICIAL_ARTICLE","Broj artikla 156299","STANDALONE_CUSTOMER_FACING_PHASE_2","","true","SATA air tester, atomisation air quick tester"
"158840","VISIBLE","sata-cleaning-brush-large-for-spray-guns","SINGLE_OFFICIAL_ARTICLE","Broj artikla 158840","STANDALONE_CUSTOMER_FACING_PHASE_2","","true","Cleaning brush, large (packing unit 5 pieces) for spray guns"
"160994","VISIBLE","sata-protective-sleeve","LOCAL_CATALOG_GROUPING","6 m","STANDALONE_CUSTOMER_FACING_PHASE_2","","true","Protective Sleeve for hose pair individual 6m"
"161000","VISIBLE","sata-protective-sleeve","LOCAL_CATALOG_GROUPING","10 m","STANDALONE_CUSTOMER_FACING_PHASE_2","","true","Protective Sleeve for hose pair individual 10m"
"161018","VISIBLE","sata-protective-sleeve","LOCAL_CATALOG_GROUPING","15 m","STANDALONE_CUSTOMER_FACING_PHASE_2","","true","Protective Sleeve for hose pair individual 15m"
"161596","VISIBLE","sata-cert-with-archive-spray-pattern-block-single-sheet","SINGLE_OFFICIAL_ARTICLE","Broj artikla 161596","STANDALONE_CUSTOMER_FACING_PHASE_2","","true","SATA cert, with archive, spray pattern block, single sheet holder and distance marker"
"161646","VISIBLE","sata-spray-pattern-blocks-with-25-sheets","SINGLE_OFFICIAL_ARTICLE","Broj artikla 161646","STANDALONE_CUSTOMER_FACING_PHASE_2","","true","Spray pattern blocks with 25 sheets (packing unit 2 pieces) for SATA cert"
"161661","VISIBLE","sata-distance-marker","SINGLE_OFFICIAL_ARTICLE","Broj artikla 161661","STANDALONE_CUSTOMER_FACING_PHASE_2","","true","Distance marker for SATA cert"
"162628","VISIBLE","sata-care-set-spray-gun-care-bag-containing-1-large","SINGLE_OFFICIAL_ARTICLE","Broj artikla 162628","STANDALONE_CUSTOMER_FACING_PHASE_2","","true","SATA care set spray gun care bag containing 1 large cleaning brush, 5 medium-sized cleaning brushes, 5 double-sided cleaning brushes, 12 nozzle cleaning needles, 1 tube high performance grease, silicone- and acid-free, 100 g"
"164608","VISIBLE","sata-rps-adapter-with-qcc-and-connection","LOCAL_CATALOG_GROUPING","br. 15 · navoj 7/16"" - 14 UNC","ACCESSORY_TIED_TO_APPROVED_FAMILY","CF1931348","true","RPS adapter No. 15 with QCC and connection thread 7/16"" - 14 UNC"
"173435","VISIBLE","sata-shaker-ring-rps-the-original","LOCAL_CATALOG_GROUPING","za RPS 0.3l","ACCESSORY_TIED_TO_APPROVED_FAMILY","CF1931348","true","Shaking ring for RPS 0.3l"
"176792","VISIBLE","sata-safety-compressed-air-supply-hose","LOCAL_CATALOG_GROUPING","10 m","STANDALONE_CUSTOMER_FACING_PHASE_2","","true","SATA safety compressed air supply hose Ø 10mm, 10 m long for SATA breathing protection systems"
"177238","INTENTIONALLY_EXCLUDED:LAB_OUT_OF_APPROVED_SCOPE","","","","STANDALONE_CUSTOMER_FACING_PHASE_2","","false","Cup quick change device with ball valve for the use of QCC reusable and disposable cups on SATA lab test spray guns"
"178533","VISIBLE","sata-extension-with-jet-1000-b","LOCAL_CATALOG_GROUPING","kosa mlaznica · 75°, zakretna · 40 cm · set dizni 1.6 RP · za SATAjet 1000 B RP, preporučeno uz BVD čašu pod pritiskom","ACCESSORY_TIED_TO_APPROVED_FAMILY","CF1931080","true","Extension with diagonal spray nozzle (75°), swiveling, 40 cm with nozzle set 1.6 RP for SATAjet 1000 B RP, preferably with BVD pressurized cup"
"180851","VISIBLE","sata-safety-compressed-air-supply-hose","LOCAL_CATALOG_GROUPING","40 m","STANDALONE_CUSTOMER_FACING_PHASE_2","","false","SATA safety compressed air supply hose Ø 10mm, 40 m long for SATA breathing protection systems"
"185520","VISIBLE","sata-extension-with-jet-1000-b","LOCAL_CATALOG_GROUPING","kosa mlaznica · 75°, zakretna · 20 cm · set dizni 1.6 RP · za SATAjet 1000 B RP, preporučeno uz BVD čašu pod pritiskom","ACCESSORY_TIED_TO_APPROVED_FAMILY","CF1931080","true","Extension with diagonal spray nozzle (75°), swivelling, 20 cm with nozzle set 1.6 RP for SATAjet 1000 B RP, preferably with BVD pressurized cup"
"187708","VISIBLE","sata-hose-pair-mini-set-2","LOCAL_CATALOG_GROUPING","6 x 6 mm · 3 m · G 1/4"" unutrašnji navoj · materijal i vazduh","ACCESSORY_TIED_TO_APPROVED_FAMILY","CF1931220","true","SATA hose pair 6 x 6 mm, 3 m, G 1/4"" (female thread) (material and air) for SATA mini set 2"
"187716","VISIBLE","sata-hose-pair-vario-top-spray","LOCAL_CATALOG_GROUPING","6 x 6 mm · 6 m · G 1/4"" + G 1/2"" + G 1/4"" + unutrašnji navoj · materijal + vazduh · za SATA FDG / SATA vario top spray","ACCESSORY_TIED_TO_APPROVED_FAMILY","CF1931215","true","SATA hose pair 6 x 6 mm, 6 m, G 1/4"" and G 1/2"" (material), G 1/4"" (air) (female thread) for SATA FDG / SATA vario top spray"
"187724","VISIBLE","sata-hose-pair-vario-top-spray","LOCAL_CATALOG_GROUPING","6 x 6 mm · 10 m · G 1/4"" + G 1/2"" + G 1/4"" + unutrašnji navoj · materijal + vazduh · za SATA FDG / SATA vario top spray","ACCESSORY_TIED_TO_APPROVED_FAMILY","CF1931215","true","SATA hose pair 6 x 6 mm, 10 m, G 1/4"" and G 1/2"" (material), G 1/4"" (air) (female thread) for SATA FDG / SATA vario top spray"
"187732","VISIBLE","sata-hose-pair-vario-top-spray","LOCAL_CATALOG_GROUPING","6 x 6 mm · 15 m · G 1/4"" + G 1/2"" + G 1/4"" + unutrašnji navoj · materijal + vazduh · za SATA FDG / SATA vario top spray","ACCESSORY_TIED_TO_APPROVED_FAMILY","CF1931215","true","SATA hose pair 6 x6 mm, 15 m, G 1/4"" and G 1/2"" (material), G 1/4"" (air) (female thread) for SATA FDG / SATA vario top spray"
"188292","VISIBLE","sata-rps-adapter-with-qcc-and-connection","LOCAL_CATALOG_GROUPING","br. 16 · G 3/8"" unutrašnji navoj · za SATAjet 1000 H","ACCESSORY_TIED_TO_APPROVED_FAMILY","CF1931090","true","RPS-Adapter No. 16 with QCC and connection G 3/8"" (female thread) for SATAjet 1000 H"
"188318","VISIBLE","sata-rps-adapter-with-qcc-and-connection","LOCAL_CATALOG_GROUPING","br. 17 · G 1/4"" unutrašnji navoj · za SATAminijet 1000 H","ACCESSORY_TIED_TO_APPROVED_FAMILY","CF1931348","true","RPS-Adapter No. 17 with QCC and connection G 1/4"" (female thread) for SATAminijet 1000 H"
"188664","VISIBLE","sata-rps-adapter-with-qcc-and-connection","LOCAL_CATALOG_GROUPING","br. 18 · M 18 x 1.5 unutrašnji navoj","ACCESSORY_TIED_TO_APPROVED_FAMILY","CF1931348","true","RPS adapter No. 18 with QCC and connection M 18 x 1.5 (female thread)"
"189068","VISIBLE","sata-air-hose","LOCAL_CATALOG_GROUPING","9 mm · plavo · 15 m · sa brzom spojkom (crvena) i niplom","STANDALONE_CUSTOMER_FACING_PHASE_2","","true","SATA air hose, blue, 9 mm, 15 m with quick coupling, red and nipple"
"189472","VISIBLE","sata-conversion-kit-external-cleaning-agent-suction-and-clean-rcs","SINGLE_OFFICIAL_ARTICLE","Broj artikla 189472","ACCESSORY_TIED_TO_APPROVED_FAMILY","CF1931355","true","Conversion kit external cleaning agent - suction and recirculation for SATA clean RCS / compact / micro"
"191551","VISIBLE","sata-intermediate-piece-and-for-material-connection","SINGLE_OFFICIAL_ARTICLE","Broj artikla 191551","STANDALONE_CUSTOMER_FACING_PHASE_2","","true","Intermediate piece G 1/4"" (female thread) and 3/8"" (male thread) for material connection"
"192195","VISIBLE","sata-universal-spray-gun-and-hose-holder","SINGLE_OFFICIAL_ARTICLE","Broj artikla 192195","STANDALONE_CUSTOMER_FACING_PHASE_2","","true","SATA universal spray gun and hose holder for all SATA spray guns"
"193276","VISIBLE","sata-rps-adapter-with-qcc-and-connection","LOCAL_CATALOG_GROUPING","br. 19 · 1/8"" spoljašnji navoj","ACCESSORY_TIED_TO_APPROVED_FAMILY","CF1931348","true","RPS-Adapter No. 19 with QCC and connection 1/8"" (male thread)"
"195420","VISIBLE","sata-air-hose","LOCAL_CATALOG_GROUPING","9 mm · plavo · 7.5 m · sa brzom spojkom (crvena) i niplom","STANDALONE_CUSTOMER_FACING_PHASE_2","","true","SATA air hose, blue, 9 mm, 7.5 m with quick coupling, red and nipple"
"196162","VISIBLE","sata-extension-with-jet-1000-b","LOCAL_CATALOG_GROUPING","rotaciona mlaznica · 360° · 20 cm · set dizni 1.6 RP · za SATAjet 1000 B RP, radi isključivo uz SATA BVD čašu pod pritiskom","ACCESSORY_TIED_TO_APPROVED_FAMILY","CF1931080","true","Extension with rotary nozzle (360°), 20 cm with nozzle set 1.6 RP for SATAjet 1000 B RP, function exclusively with SATA BVD pressurized cup"
"196170","VISIBLE","sata-extension-with-jet-1000-b","LOCAL_CATALOG_GROUPING","rotaciona mlaznica · 360° · 30 cm · set dizni 1.6 RP · za SATAjet 1000 B RP, radi isključivo uz SATA BVD čašu pod pritiskom","ACCESSORY_TIED_TO_APPROVED_FAMILY","CF1931080","true","Extension with rotary nozzle (360°), 30 cm with nozzle set 1.6 RP for SATAjet 1000 B RP, function exclusively with SATA BVD pressurized cup"
"196188","VISIBLE","sata-extension-with-jet-1000-b","LOCAL_CATALOG_GROUPING","rotaciona mlaznica · 360° · 40 cm · set dizni 1.6 RP · za SATAjet 1000 B RP, radi isključivo uz SATA BVD čašu pod pritiskom","ACCESSORY_TIED_TO_APPROVED_FAMILY","CF1931080","true","Extension with rotary nozzle (360°), 40 cm with nozzle set 1.6 RP for SATAjet 1000 B RP, function exclusively with SATA BVD pressurized cup"
"196832","VISIBLE","sata-door-wand-steel-with-flexible-guideway-hose","SINGLE_OFFICIAL_ARTICLE","Broj artikla 196832","STANDALONE_CUSTOMER_FACING_PHASE_2","","true","Door wand, steel 150 mm work length, Ø 8 mm, with rotary nozzle 360° rotary fan and spraying forward, with flexible guideway hose 1000 mm"
"197269","VISIBLE","sata-extension-with-jet-1000-b","LOCAL_CATALOG_GROUPING","kosa mlaznica · 30°, zakretna · 20 cm · set dizni 1.0 RP · za SATAjet 1000 B RP, preporučeno uz BVD čašu pod pritiskom","ACCESSORY_TIED_TO_APPROVED_FAMILY","CF1931080","false","Extension with diagonal spray nozzle (30°), swivelling, 20 cm with nozzle set 1.0 RP for SATAjet 1000 B RP, preferably with BVD pressurised cup"
"197723","VISIBLE","sata-ground-plate-rps-the-original","SINGLE_OFFICIAL_ARTICLE","Broj artikla 197723","ACCESSORY_TIED_TO_APPROVED_FAMILY","CF1931348","true","Ground plate for SATA RPS rotafloor adapter kit Important: Always order with 196550 and 195784 !"
"206904","VISIBLE","sata-venturi-hook-wand-hook-nozzle-cpl-with-flexible","SINGLE_OFFICIAL_ARTICLE","Broj artikla 206904","STANDALONE_CUSTOMER_FACING_PHASE_2","","false","Venturi hook wand Ø 5 mm, hook nozzle cpl. in 300 mm length, with flexible guide hose, Venturi spray tube, for cavity and surface application"
"212035","VISIBLE","sata-suit-space","LOCAL_CATALOG_GROUPING","S (42/44)","STANDALONE_CUSTOMER_FACING_PHASE_2","","false","SATA suit space, size S (42/44)"
"212043","VISIBLE","sata-suit-space","LOCAL_CATALOG_GROUPING","M (46/48)","STANDALONE_CUSTOMER_FACING_PHASE_2","","false","SATA suit space, size M (46/48)"
"212050","VISIBLE","sata-suit-space","LOCAL_CATALOG_GROUPING","L (50/52)","STANDALONE_CUSTOMER_FACING_PHASE_2","","false","SATA suit space, size L (50/52)"
"212068","VISIBLE","sata-suit-space","LOCAL_CATALOG_GROUPING","XL (54/56)","STANDALONE_CUSTOMER_FACING_PHASE_2","","false","SATA suit space, size XL (54/56)"
"214759","INTENTIONALLY_EXCLUDED:ACCESSORY_FOR_PRODUCT_OUTSIDE_RUNTIME_CATALOGUE","","","","STANDALONE_CUSTOMER_FACING_PHASE_2","","false","SATA air warmer carbon for SATA air carbon regulator"
"215053","VISIBLE","sata-filter-cover","LOCAL_CATALOG_GROUPING","za sve SATA filter serije, osim 500","STANDALONE_CUSTOMER_FACING_PHASE_2","","true","SATA filter cover (packing unit 4 pieces) for all SATA filter series, except 500"
"215079","VISIBLE","sata-rps-adapter-with-qcc-and-connection","LOCAL_CATALOG_GROUPING","br. 20 · 1/4"" spoljašnji navoj","ACCESSORY_TIED_TO_APPROVED_FAMILY","CF1931348","true","RPS adapter No. 20 with QCC and connection 1/4"" (male thread)"
"216473","INTENTIONALLY_EXCLUDED:ACCESSORY_FOR_PRODUCT_OUTSIDE_RUNTIME_CATALOGUE","","","","STANDALONE_CUSTOMER_FACING_PHASE_2","","true","Safety quick coupling for SATA air regulator and SATA air carbon regulator"
"222729","VISIBLE","sata-nylon-wand-flexible-1500-long-screwable-6-hole","SINGLE_OFFICIAL_ARTICLE","Broj artikla 222729","STANDALONE_CUSTOMER_FACING_PHASE_2","","true","Nylon wand, flexible 1500 long, ø 8 mm, screwable rotary nozzle, 6-hole, spraying slit 0.5 mm"
"1000132","INTENTIONALLY_EXCLUDED:ACCESSORY_FOR_PRODUCT_OUTSIDE_RUNTIME_CATALOGUE","","","","STANDALONE_CUSTOMER_FACING_PHASE_2","","true","SATA air warmer carbon for SATA air carbon regulator"
"1006073","VISIBLE","sata-spray-mix-double-hose-material-connection-air","SINGLE_OFFICIAL_ARTICLE","Broj artikla 1006073","STANDALONE_CUSTOMER_FACING_PHASE_2","","false","SATA spray mix double hose, 6 x 6 mm, 15 m long, material connection M16x1.6 (female thread), air connection G 1/4"" (female thread)"
"1006081","VISIBLE","sata-spray-mix-hose-pair-material-connection-air","LOCAL_CATALOG_GROUPING","10 m","STANDALONE_CUSTOMER_FACING_PHASE_2","","true","SATA spray mix hose pair, 6 x 4 mm, 10 m long, material connection M16x1.5 (female thread), air connection G 1/4"" (female thread)"
"1006099","VISIBLE","sata-spray-mix-hose-pair-material-connection-air","LOCAL_CATALOG_GROUPING","15 m","STANDALONE_CUSTOMER_FACING_PHASE_2","","true","SATA spray mix hose pair, 6 x 4 mm, 15 m long, material connection M16x1.5 (female thread), air connection G 1/4"" (female thread)"
"1006106","VISIBLE","sata-spray-mix-hose-pair-material-connection-air","LOCAL_CATALOG_GROUPING","5 m","STANDALONE_CUSTOMER_FACING_PHASE_2","","true","SATA spray mix hose pair, 6 x 4 mm, 5 m long, material connection M16x1.5 (female thread), air connection G 1/4"" (female thread)"
"1006982","VISIBLE","sata-air-cooler-incl-adapter-plate-and-hip-pad-air-vision-5000","SINGLE_OFFICIAL_ARTICLE","Broj artikla 1006982","ACCESSORY_TIED_TO_APPROVED_FAMILY","CF1931121","true","SATA air cooler incl. adapter plate and hip pad for SATA air vision 5000 / n"
"1007005","VISIBLE","sata-air-warmer-incl-adapter-plate-and-hip-pad-air-vision-5000","SINGLE_OFFICIAL_ARTICLE","Broj artikla 1007005","ACCESSORY_TIED_TO_APPROVED_FAMILY","CF1931121","true","SATA air warmer, incl. adapter plate and hip pad for SATA air vision 5000 / n"
"1013094","VISIBLE","sata-storage-case-sata-truesun-incl-foam-inlay-truesun","SINGLE_OFFICIAL_ARTICLE","Broj artikla 1013094","ACCESSORY_TIED_TO_APPROVED_FAMILY","CF1931309","true","Storage Case SATA trueSun, incl. foam inlay"
"1013151","VISIBLE","sata-foam-inlay-with-pinched-inlay-truesun","SINGLE_OFFICIAL_ARTICLE","Broj artikla 1013151","ACCESSORY_TIED_TO_APPROVED_FAMILY","CF1931309","true","Foam inlay with pinched inlay for storage case SATA trueSun"
"1040807","VISIBLE","sata-air-cap-protector-uv","LOCAL_CATALOG_GROUPING","za SATAjet 100 i 1000 serije","STANDALONE_CUSTOMER_FACING_PHASE_2","","true","Air cap protector UV, black (packing unit 5 pieces) for SATAjet 100 and 1000 series"
"1040815","VISIBLE","sata-air-cap-protector-uv","LOCAL_CATALOG_GROUPING","za SATAjet 3000, 4000, 5000 serije","STANDALONE_CUSTOMER_FACING_PHASE_2","","true","Air cap protector UV, black (packing unit 5 pieces) for SATAjet 3000, 4000, 5000 series"
"1054014","VISIBLE","sata-air-cap-protector","LOCAL_CATALOG_GROUPING","za SATAjet 100 i 1000 serije","STANDALONE_CUSTOMER_FACING_PHASE_2","","true","Air cap protector, black (packing unit 5 pieces) for SATAjet 100 and 1000 series"
"1054022","VISIBLE","sata-air-cap-protector","LOCAL_CATALOG_GROUPING","za SATAminijet 1000/3000 B","STANDALONE_CUSTOMER_FACING_PHASE_2","","true","Air cap protector, black (packing unit 5 pieces) for SATAminijet 1000/3000 B"
"1058826","VISIBLE","sata-nylon-wand-flexible","LOCAL_CATALOG_GROUPING","Ø 8 mm · 3000 mm · rotaciona mlaznica 360°, prskanje napred","STANDALONE_CUSTOMER_FACING_PHASE_2","","true","Nylon wand, flexible 3000 mm long, Ø 8 mm, with rotary nozzle 360° and spraying forward"
"1083807","VISIBLE","sata-universal-spray-gun-holder-foldable","LOCAL_CATALOG_GROUPING","Broj artikla 1083807","STANDALONE_CUSTOMER_FACING_PHASE_2","","false","SATA universal spray gun holder, folding"
"1101500","VISIBLE","sata-filter-cover","LOCAL_CATALOG_GROUPING","za SATA filter serije 500","ACCESSORY_TIED_TO_APPROVED_FAMILY","CF1931293","true","SATA filter cover (packing unit 4 pieces) for SATA filter series 500"
"1103522","VISIBLE","sata-universal-spray-gun-holder-foldable-magnetic","SINGLE_OFFICIAL_ARTICLE","Broj artikla 1103522","STANDALONE_CUSTOMER_FACING_PHASE_2","","true","SATA universal spray gun holder, foldable, magnetic"
"1107269","VISIBLE","sata-high-flow-coupling-female-filter-500-series","SINGLE_OFFICIAL_ARTICLE","Broj artikla 1107269","ACCESSORY_TIED_TO_APPROVED_FAMILY","CF1931293","true","SATA high-flow coupling, red, female,packaging unit 2 pcs. for SATA filter series 500"
"1110527","VISIBLE","sata-universal-spray-gun-holder-foldable","LOCAL_CATALOG_GROUPING","Broj artikla 1110527","STANDALONE_CUSTOMER_FACING_PHASE_2","","false","SATA universal spray gun holder, foldable"
"1112854","VISIBLE","sata-nozzle-cleaning-set-jet-k-1800-spray-mix","SINGLE_OFFICIAL_ARTICLE","Broj artikla 1112854","ACCESSORY_TIED_TO_APPROVED_FAMILY","CF1931315","true","SATA nozzle cleaning set for SATAjet K 1800 spray mix"
"1114991","VISIBLE","sata-venturi-door-wand-steel-rigid-spraying-forward","SINGLE_OFFICIAL_ARTICLE","Broj artikla 1114991","STANDALONE_CUSTOMER_FACING_PHASE_2","","false","Venturi-door wand, steel, rigid, spraying forward, Ø 5 mm, 740 mm long, with flexible guideway hose 550 mm for application on surfaces and in cavities, not for underbody protection"
"1143916","VISIBLE","sata-air-cooler-2000-n","SINGLE_OFFICIAL_ARTICLE","Broj artikla 1143916","STANDALONE_CUSTOMER_FACING_PHASE_2","","true","SATA air cooler 2000 n"
"1158452","VISIBLE","sata-door-wand-steel","LOCAL_CATALOG_GROUPING","2000 mm","STANDALONE_CUSTOMER_FACING_PHASE_2","","true","Door wand, steel 2000 mm long, Ø 8 mm, with rotary nozzle 360° and spraying forward"
"1162817","VISIBLE","sata-qmr-quick-material-regulator","LOCAL_CATALOG_GROUPING","pakovanje 2 kom. · za SATAjet 5000 serije","STANDALONE_CUSTOMER_FACING_PHASE_2","","true","SATA QMR, Quick Material Regulator (pack of 2 pieces) for SATAjet 5000 series"
"1171751","VISIBLE","sata-ball-tap-teflon-with-bilateral-thread-female-hose","SINGLE_OFFICIAL_ARTICLE","Broj artikla 1171751","STANDALONE_CUSTOMER_FACING_PHASE_2","","false","Ball tap (Teflon) with bilateral thread G 3/8"" (female), 9 mm hose spout"
"1183425","INTENTIONALLY_EXCLUDED:SPARE_PARTS_KIT_OUT_OF_APPROVED_SCOPE","","","","STANDALONE_CUSTOMER_FACING_PHASE_2","","true","Parts kit for undercarriage for SATA MPT 22 and 45"
"1185596","VISIBLE","sata-qmr-quick-material-regulator","LOCAL_CATALOG_GROUPING","pakovanje 1 kom. · za SATAjet 100, 1000 i jet 1500","STANDALONE_CUSTOMER_FACING_PHASE_2","","true","SATA QMR, Quick Material Regulator (pack of 1 piece) for SATAjet 100, 1000 and jet 1500"
"1185603","VISIBLE","sata-qmr-quick-material-regulator","LOCAL_CATALOG_GROUPING","pakovanje 1 kom. · za SATAminijet 4400","STANDALONE_CUSTOMER_FACING_PHASE_2","","true","SATA QMR, Quick Material Regulator (pack of 1 piece) for SATAminijet 4400"
"1186213","VISIBLE","sata-qmr-quick-material-regulator","LOCAL_CATALOG_GROUPING","pakovanje 1 kom. · za SATAjet 5000 serije","STANDALONE_CUSTOMER_FACING_PHASE_2","","true","SATA QMR, Quick Material Regulator (pack of 1 piece) for SATAjet 5000 series"
"1188912","VISIBLE","sata-quick-coupling-nipple","LOCAL_CATALOG_GROUPING","pakovanje 2 kom.","STANDALONE_CUSTOMER_FACING_PHASE_2","","true","SATA quick coupling nipple G 1/4"" (female thread) (pack of 2 pieces)"
"1202019","VISIBLE","sata-qmr-quick-material-regulator","LOCAL_CATALOG_GROUPING","pakovanje 1 kom. · za jet X","ACCESSORY_TIED_TO_APPROVED_FAMILY","CF1931336","true","SATA QMR, Quick Material Regulator (pack of 1 piece) for jet X"
"18648","VISIBLE","sata-cleaning-brush","LOCAL_CATALOG_GROUPING","za SATA multi clean 2","CONSUMABLE_TIED_TO_APPROVED_FAMILY","CF1931313","true","Cleaning brush for SATA multi clean 2"
"54015","VISIBLE","sata-belt-unit-with-activated-charcoal-adsorber-and-air-vision-2000","SINGLE_OFFICIAL_ARTICLE","Broj artikla 54015","CONSUMABLE_TIED_TO_APPROVED_FAMILY","CF1931122","true","Belt unit with activated charcoal adsorber and air regulation valve for SATA vision 2000 n and respirator hood CE industry with UV protection"
"1044594","VISIBLE","sata-air-cap-protector-uv","LOCAL_CATALOG_GROUPING","za SATAminijet 4400 B","CONSUMABLE_TIED_TO_APPROVED_FAMILY","CF1931085","true","Air cap protector UV, black (packing unit 5 pieces) for SATAminijet 4400 B"
"1054006","VISIBLE","sata-air-cap-protector","LOCAL_CATALOG_GROUPING","za jet X, SATAjet 3000, 4000, 5000 serije","CONSUMABLE_TIED_TO_APPROVED_FAMILY","CF1931336","true","Air cap protector, black (packing unit 5 pieces) for jet X, SATAjet 3000, 4000, 5000 series"
"1054030","VISIBLE","sata-air-cap-protector","LOCAL_CATALOG_GROUPING","za SATAminijet 4400 B","CONSUMABLE_TIED_TO_APPROVED_FAMILY","CF1931085","true","Air cap protector, black (packing unit 5 pieces) for SATAminijet 4400 B"
