brand,product_slug,site_page,local_file,size_px,source_url,source_page,source_basis,rights_basis,production,replaces,identity_evidence,processing,original_sha256
baslac,baslac-20-22-2k-primerfiller,/proizvodi/baslac-20-22-2k-primerfiller,public/products/baslac/supplied/baslac__baslac-20-22-2k-primerfiller.webp,1258x1600,https://brand.surventiscoatings.com/hub/54 (asset 21527: 50758786_baslac_20-22_2K Primerfiller),https://brand.surventiscoatings.com/hub/54,SUPPLIER_BRAND_PORTAL,OWNER_CONFIRMED,DA,placeholder,Etiketa na originalu (ručno pročitano): baslac · 20-22 · 2K Primerfiller. Šifra i naziv odgovaraju zapisu `baslac-20-22-2k-primerfiller`.,"obrezan samo providni rub + 4 % odstojanja, alfa i senka očuvane; skalirano LANCZOS na ≤ 1600 px; WebP q90; sRGB profil zadržan; sadržaj proizvoda nije menjan",51586bac84212f51585a24cd0f1673a06bfa0a70931eea3dd608f9849b985730
baslac,baslac-20-24-2k-primerfiller-grey-4l,/proizvodi/baslac-20-24-2k-primerfiller-grey-4l,public/products/baslac/supplied/baslac__baslac-20-24-2k-primerfiller-grey-4l.webp,1207x1600,https://brand.surventiscoatings.com/hub/54 (asset 12157: Baslac_4L_20-24_50207013 Kopie),https://brand.surventiscoatings.com/hub/54,SUPPLIER_BRAND_PORTAL,OWNER_CONFIRMED,DA,placeholder,Etiketa na originalu (ručno pročitano): baslac · 20-24 · 2K Primerfiller · 4 L. Šifra i naziv odgovaraju zapisu `baslac-20-24-2k-primerfiller-grey-4l`.,"obrezana samo bela margina (prag 252) + 4 % odstojanja, bela podloga originala zadržana (bez izdvajanja alfe); skalirano LANCZOS na ≤ 1600 px; WebP q90; sRGB profil zadržan; sadržaj proizvoda nije menjan",04af239d525795f2dc237a3e10bfef3976b0b392b0fa70b4e241499283b24fa8
baslac,baslac-20-94-2k-primerfiller-black-1l,/proizvodi/baslac-20-94-2k-primerfiller-black-1l,public/products/baslac/supplied/baslac__baslac-20-94-2k-primerfiller-black-1l.webp,1261x1600,https://brand.surventiscoatings.com/hub/54 (asset 12110: Baslac_1L_20-94_50467291 Kopie),https://brand.surventiscoatings.com/hub/54,SUPPLIER_BRAND_PORTAL,OWNER_CONFIRMED,DA,placeholder,Etiketa na originalu (ručno pročitano): baslac · 20-94 · 2K Primerfiller black · 1 L. Šifra i naziv odgovaraju zapisu `baslac-20-94-2k-primerfiller-black-1l`.,"obrezana samo bela margina (prag 252) + 4 % odstojanja, bela podloga originala zadržana (bez izdvajanja alfe); skalirano LANCZOS na ≤ 1600 px; WebP q90; sRGB profil zadržan; sadržaj proizvoda nije menjan",fe358d97db21db745ed2063f8d53e12c92b66ccd9539bdd28df7e472a13f4247
baslac,baslac-21-11-2k-plastic-primer-voc-1l,/proizvodi/baslac-21-11-2k-plastic-primer-voc-1l,public/products/baslac/supplied/baslac__baslac-21-11-2k-plastic-primer-voc-1l.webp,1261x1600,https://brand.surventiscoatings.com/hub/54 (asset 12112: baslac_1L_21-11_50526775),https://brand.surventiscoatings.com/hub/54,SUPPLIER_BRAND_PORTAL,OWNER_CONFIRMED,DA,placeholder,Etiketa na originalu (ručno pročitano): baslac · 21-11 · 2K Plastic Primer VOC · 1 L. Šifra i naziv odgovaraju zapisu `baslac-21-11-2k-plastic-primer-voc-1l`.,"obrezana samo bela margina (prag 252) + 4 % odstojanja, bela podloga originala zadržana (bez izdvajanja alfe); skalirano LANCZOS na ≤ 1600 px; WebP q90; sRGB profil zadržan; sadržaj proizvoda nije menjan",19c58a8ebc1ddbf710958843673a495090e21ee87bc8aa00a441043100fb6f99
baslac,baslac-21-20-plastic-primer-400ml,/proizvodi/baslac-21-20-plastic-primer-400ml,public/products/baslac/supplied/baslac__baslac-21-20-plastic-primer-400ml.webp,408x1079,https://brand.surventiscoatings.com/hub/54 (asset 12091: baslac 0.4L 21-20 Plastic Primer 50526791),https://brand.surventiscoatings.com/hub/54,SUPPLIER_BRAND_PORTAL,OWNER_CONFIRMED,DA,placeholder,"Etiketa na originalu (ručno pročitano): baslac · 21-20 · Plastic Primer · sprej 0,4 L. Šifra i naziv odgovaraju zapisu `baslac-21-20-plastic-primer-400ml`.","obrezana samo bela margina (prag 252) + 4 % odstojanja, bela podloga originala zadržana (bez izdvajanja alfe); skalirano LANCZOS na ≤ 1600 px; WebP q90; sRGB profil zadržan; sadržaj proizvoda nije menjan",ebd4476ff00091431be2ba2e5df2076878be9d2ee6f39daf28a57671c633dfa1
baslac,baslac-27-10-2k-washprimer-1l,/proizvodi/baslac-27-10-2k-washprimer-1l,public/products/baslac/supplied/baslac__baslac-27-10-2k-washprimer-1l.webp,1261x1600,https://brand.surventiscoatings.com/hub/54 (asset 12113: baslac_1L_27-10_50492012),https://brand.surventiscoatings.com/hub/54,SUPPLIER_BRAND_PORTAL,OWNER_CONFIRMED,DA,placeholder,Etiketa na originalu (ručno pročitano): baslac · 27-10 · 2K Washprimer · 1 L. Šifra i naziv odgovaraju zapisu `baslac-27-10-2k-washprimer-1l`.,"obrezana samo bela margina (prag 252) + 4 % odstojanja, bela podloga originala zadržana (bez izdvajanja alfe); skalirano LANCZOS na ≤ 1600 px; WebP q90; sRGB profil zadržan; sadržaj proizvoda nije menjan",6417f153175e0d6a6a63ae77df891ecaa35a00c25cd8bb0c09e296b3224d0334
baslac,baslac-45-w10,/proizvodi/baslac-45-w10,public/products/baslac/supplied/baslac__baslac-45-w10.webp,619x1600,https://brand.surventiscoatings.com/hub/54 (asset 12093: baslac_0_5L_45-W10_50392479),https://brand.surventiscoatings.com/hub/54,SUPPLIER_BRAND_PORTAL,OWNER_CONFIRMED,DA,placeholder,"Etiketa na originalu (ručno pročitano): baslac · 45-W10 · 3-Coat Additive · 0,5 L. Šifra i naziv odgovaraju zapisu `baslac-45-w10`.","obrezana samo bela margina (prag 252) + 4 % odstojanja, bela podloga originala zadržana (bez izdvajanja alfe); skalirano LANCZOS na ≤ 1600 px; WebP q90; sRGB profil zadržan; sadržaj proizvoda nije menjan",ef1668a900d57fb5ada9f2f5ebec7d8415b81b6ad410cb486112ddb3ec666a5d
baslac,baslac-50-10-2k-primerfiller-hardener-extra-fast,/proizvodi/baslac-50-10-2k-primerfiller-hardener-extra-fast,public/products/baslac/supplied/baslac__baslac-50-10-2k-primerfiller-hardener-extra-fast.webp,1000x1600,https://brand.surventiscoatings.com/hub/54 (asset 12122: Baslac_1L_50-10_54667633),https://brand.surventiscoatings.com/hub/54,SUPPLIER_BRAND_PORTAL,OWNER_CONFIRMED,DA,placeholder,Etiketa na originalu (ručno pročitano): baslac · 50-10 · 2K Hardener Extra Fast · 1 L. Šifra i naziv odgovaraju zapisu `baslac-50-10-2k-primerfiller-hardener-extra-fast`.,"obrezana samo bela margina (prag 252) + 4 % odstojanja, bela podloga originala zadržana (bez izdvajanja alfe); skalirano LANCZOS na ≤ 1600 px; WebP q90; sRGB profil zadržan; sadržaj proizvoda nije menjan",23e0b597ab386a4ef7c9c4a1c4e4cf9669c1a4453a264a15c38dd3ceb3422a88
baslac,baslac-50-30-2k-hardener-slow,/proizvodi/baslac-50-30-2k-hardener-slow,public/products/baslac/supplied/baslac__baslac-50-30-2k-hardener-slow.webp,1000x1600,https://brand.surventiscoatings.com/hub/54 (asset 12125: Baslac_1L_50-30_54666997),https://brand.surventiscoatings.com/hub/54,SUPPLIER_BRAND_PORTAL,OWNER_CONFIRMED,DA,placeholder,Etiketa na originalu (ručno pročitano): baslac · 50-30 · 2K Hardener Slow · 1 L. Šifra i naziv odgovaraju zapisu `baslac-50-30-2k-hardener-slow`.,"obrezana samo bela margina (prag 252) + 4 % odstojanja, bela podloga originala zadržana (bez izdvajanja alfe); skalirano LANCZOS na ≤ 1600 px; WebP q90; sRGB profil zadržan; sadržaj proizvoda nije menjan",d237144a0385891d41553921c7e97de8574821971e0164e1136389d2c8cd2428
baslac,baslac-50-415-2k-clear-hardener-fast-voc,/proizvodi/baslac-50-415-2k-clear-hardener-fast-voc,public/products/baslac/supplied/baslac__baslac-50-415-2k-clear-hardener-fast-voc.webp,1550x1600,https://brand.surventiscoatings.com/hub/54 (asset 12140: baslac_2_5L_50-415_50491112 Kopie),https://brand.surventiscoatings.com/hub/54,SUPPLIER_BRAND_PORTAL,OWNER_CONFIRMED,DA,placeholder,"Etiketa na originalu (ručno pročitano): baslac · 50-415 · 2K Clear Hardener Fast VOC · 2,5 L. Šifra i naziv odgovaraju zapisu `baslac-50-415-2k-clear-hardener-fast-voc`.","obrezana samo bela margina (prag 252) + 4 % odstojanja, bela podloga originala zadržana (bez izdvajanja alfe); skalirano LANCZOS na ≤ 1600 px; WebP q90; sRGB profil zadržan; sadržaj proizvoda nije menjan",18163e7a8d80e058664d16504b4690d688d5163dc0ef906b796f3ce81e8888d3
baslac,baslac-50-420-2k-clear-hardener-normal-voc,/proizvodi/baslac-50-420-2k-clear-hardener-normal-voc,public/products/baslac/supplied/baslac__baslac-50-420-2k-clear-hardener-normal-voc.webp,1550x1600,https://brand.surventiscoatings.com/hub/54 (asset 12141: baslac_2_5L_50-420_50400517 Kopie),https://brand.surventiscoatings.com/hub/54,SUPPLIER_BRAND_PORTAL,OWNER_CONFIRMED,DA,placeholder,"Etiketa na originalu (ručno pročitano): baslac · 50-420 · 2K Clear Hardener Normal VOC · 2,5 L. Šifra i naziv odgovaraju zapisu `baslac-50-420-2k-clear-hardener-normal-voc`.","obrezana samo bela margina (prag 252) + 4 % odstojanja, bela podloga originala zadržana (bez izdvajanja alfe); skalirano LANCZOS na ≤ 1600 px; WebP q90; sRGB profil zadržan; sadržaj proizvoda nije menjan",d12fef3b7c2d8d6b25cfd6f3f4d220b070faac882e9063e05b66d45688a8aac8
baslac,baslac-50-430-2k-clear-hardener-slow-voc,/proizvodi/baslac-50-430-2k-clear-hardener-slow-voc,public/products/baslac/supplied/baslac__baslac-50-430-2k-clear-hardener-slow-voc.webp,1550x1600,https://brand.surventiscoatings.com/hub/54 (asset 12142: baslac_2_5L_50-430_50649615 Kopie),https://brand.surventiscoatings.com/hub/54,SUPPLIER_BRAND_PORTAL,OWNER_CONFIRMED,DA,placeholder,"Etiketa na originalu (ručno pročitano): baslac · 50-430 · 2K Clear Hardener Slow VOC · 2,5 L. Šifra i naziv odgovaraju zapisu `baslac-50-430-2k-clear-hardener-slow-voc`.","obrezana samo bela margina (prag 252) + 4 % odstojanja, bela podloga originala zadržana (bez izdvajanja alfe); skalirano LANCZOS na ≤ 1600 px; WebP q90; sRGB profil zadržan; sadržaj proizvoda nije menjan",853e38529f6ece9dfa05c3ee223bcc3bfc64d6e56fb0027ba4e7985a190674e2
baslac,baslac-50-45-2k-activator,/proizvodi/baslac-50-45-2k-activator,public/products/baslac/supplied/baslac__baslac-50-45-2k-activator.webp,1454x1600,https://brand.surventiscoatings.com/hub/54 (asset 12098: baslac_0_5L_50-45_50507477),https://brand.surventiscoatings.com/hub/54,SUPPLIER_BRAND_PORTAL,OWNER_CONFIRMED,DA,placeholder,"Etiketa na originalu (ručno pročitano): baslac · 50-45 · 2K Activator · 0,5 L. Šifra i naziv odgovaraju zapisu `baslac-50-45-2k-activator`.","obrezana samo bela margina (prag 252) + 4 % odstojanja, bela podloga originala zadržana (bez izdvajanja alfe); skalirano LANCZOS na ≤ 1600 px; WebP q90; sRGB profil zadržan; sadržaj proizvoda nije menjan",8b44d6578b17658e10519ada4a55cbc65e308508fa92bebaa51a405b5b965be0
baslac,baslac-50-510-ambient-clear-hardener,/proizvodi/baslac-50-510-ambient-clear-hardener,public/products/baslac/supplied/baslac__baslac-50-510-ambient-clear-hardener.webp,1454x1600,https://brand.surventiscoatings.com/hub/54 (asset 12102: baslac_0_5L_50-510_50669596),https://brand.surventiscoatings.com/hub/54,SUPPLIER_BRAND_PORTAL,OWNER_CONFIRMED,DA,placeholder,"Etiketa na originalu (ručno pročitano): baslac · 50-510 · Ambient Hardener · 0,5 L. Šifra i naziv odgovaraju zapisu `baslac-50-510-ambient-clear-hardener`.","obrezana samo bela margina (prag 252) + 4 % odstojanja, bela podloga originala zadržana (bez izdvajanja alfe); skalirano LANCZOS na ≤ 1600 px; WebP q90; sRGB profil zadržan; sadržaj proizvoda nije menjan",e1fe1b0157ea595f09a4ebc069f355efd5933781b02552ee2662b991d933d3fc
baslac,baslac-51-515-2k-hardener-cv-fast,/proizvodi/baslac-51-515-2k-hardener-cv-fast,public/products/baslac/supplied/baslac__baslac-51-515-2k-hardener-cv-fast.webp,1550x1600,https://brand.surventiscoatings.com/hub/54 (asset 12143: baslac_2_5L_51-515_50583094 Kopie),https://brand.surventiscoatings.com/hub/54,SUPPLIER_BRAND_PORTAL,OWNER_CONFIRMED,DA,placeholder,"Etiketa na originalu (ručno pročitano): baslac · 51-515 · 2K Hardener CV fast · 2,5 L. Šifra i naziv odgovaraju zapisu `baslac-51-515-2k-hardener-cv-fast`.","obrezana samo bela margina (prag 252) + 4 % odstojanja, bela podloga originala zadržana (bez izdvajanja alfe); skalirano LANCZOS na ≤ 1600 px; WebP q90; sRGB profil zadržan; sadržaj proizvoda nije menjan",446a3a0ac088d7a9092640b304afca74112e7c612ea216747731e342e0fd2919
baslac,baslac-51-520-2k-hardener-cv-normal,/proizvodi/baslac-51-520-2k-hardener-cv-normal,public/products/baslac/supplied/baslac__baslac-51-520-2k-hardener-cv-normal.webp,1550x1600,https://brand.surventiscoatings.com/hub/54 (asset 12144: baslac_2_5L_51-520__50583096 Kopie),https://brand.surventiscoatings.com/hub/54,SUPPLIER_BRAND_PORTAL,OWNER_CONFIRMED,DA,placeholder,"Etiketa na originalu (ručno pročitano): baslac · 51-520 · 2K Hardener CV normal · 2,5 L. Šifra i naziv odgovaraju zapisu `baslac-51-520-2k-hardener-cv-normal`.","obrezana samo bela margina (prag 252) + 4 % odstojanja, bela podloga originala zadržana (bez izdvajanja alfe); skalirano LANCZOS na ≤ 1600 px; WebP q90; sRGB profil zadržan; sadržaj proizvoda nije menjan",0017232f1ff099bb3284baaef9c963d89ca6cf8c584a23d8bd7d573bd6772ba5
baslac,baslac-51-530-2k-hardener-cv-slow,/proizvodi/baslac-51-530-2k-hardener-cv-slow,public/products/baslac/supplied/baslac__baslac-51-530-2k-hardener-cv-slow.webp,1550x1600,https://brand.surventiscoatings.com/hub/54 (asset 12145: baslac_2_5L_51-530_50583129 Kopie),https://brand.surventiscoatings.com/hub/54,SUPPLIER_BRAND_PORTAL,OWNER_CONFIRMED,DA,placeholder,"Etiketa na originalu (ručno pročitano): baslac · 51-530 · 2K Hardener CV slow · 2,5 L. Šifra i naziv odgovaraju zapisu `baslac-51-530-2k-hardener-cv-slow`.","obrezana samo bela margina (prag 252) + 4 % odstojanja, bela podloga originala zadržana (bez izdvajanja alfe); skalirano LANCZOS na ≤ 1600 px; WebP q90; sRGB profil zadržan; sadržaj proizvoda nije menjan",d5dd923ca7150a2e3717f6fc8623ec57efed0f8526007296d32cbaefea171215
baslac,baslac-55-10-ep-hardener,/proizvodi/baslac-55-10-ep-hardener,public/products/baslac/supplied/baslac__baslac-55-10-ep-hardener.webp,1000x1600,https://brand.surventiscoatings.com/hub/54 (asset 12126: Baslac_1L_55-10_50608954),https://brand.surventiscoatings.com/hub/54,SUPPLIER_BRAND_PORTAL,OWNER_CONFIRMED,DA,placeholder,Etiketa na originalu (ručno pročitano): baslac · 55-10 · EP Hardener · 1 L. Šifra i naziv odgovaraju zapisu `baslac-55-10-ep-hardener`.,"obrezana samo bela margina (prag 252) + 4 % odstojanja, bela podloga originala zadržana (bez izdvajanja alfe); skalirano LANCZOS na ≤ 1600 px; WebP q90; sRGB profil zadržan; sadržaj proizvoda nije menjan",2dd291033a71a39e53aa60074f7d32bd57691e5bc3705a6e74e00e25d00a5aa5
baslac,baslac-56-20-bodyfiller-hardener,/proizvodi/baslac-56-20-bodyfiller-hardener,public/products/baslac/supplied/baslac__baslac-56-20-bodyfiller-hardener.webp,611x1600,https://brand.surventiscoatings.com/hub/54 (asset 12087: baslac 56-20 Bodyfiller Hardener 50466915),https://brand.surventiscoatings.com/hub/54,SUPPLIER_BRAND_PORTAL,OWNER_CONFIRMED,DA,placeholder,Etiketa na originalu (ručno pročitano): baslac · 56-20 · BodyFiller Hardener · tuba 40 g. Šifra i naziv odgovaraju zapisu `baslac-56-20-bodyfiller-hardener`.,"obrezana samo bela margina (prag 252) + 4 % odstojanja, bela podloga originala zadržana (bez izdvajanja alfe); skalirano LANCZOS na ≤ 1600 px; WebP q90; sRGB profil zadržan; sadržaj proizvoda nije menjan",9b1a9d3c7e75904a3e02f065d74e91642c3e11eb80120f98a4ad72061ee68a2f
baslac,baslac-57-10-additive-washprimer,/proizvodi/baslac-57-10-additive-washprimer,public/products/baslac/supplied/baslac__baslac-57-10-additive-washprimer.webp,619x1600,https://brand.surventiscoatings.com/hub/54 (asset 12104: Baslac_0_5L_57-1050492013 Kopie),https://brand.surventiscoatings.com/hub/54,SUPPLIER_BRAND_PORTAL,OWNER_CONFIRMED,DA,placeholder,"Etiketa na originalu (ručno pročitano): baslac · 57-10 · Additive Washprimer · 0,5 L. Šifra i naziv odgovaraju zapisu `baslac-57-10-additive-washprimer`.","obrezana samo bela margina (prag 252) + 4 % odstojanja, bela podloga originala zadržana (bez izdvajanja alfe); skalirano LANCZOS na ≤ 1600 px; WebP q90; sRGB profil zadržan; sadržaj proizvoda nije menjan",4cefe375aa8d03b966ccff79603e1f5dc1e42f273eb0ee3c929ef913cd0be2d4
baslac,baslac-57-30-additive-washprimer-slow,/proizvodi/baslac-57-30-additive-washprimer-slow,public/products/baslac/supplied/baslac__baslac-57-30-additive-washprimer-slow.webp,795x1600,https://brand.surventiscoatings.com/hub/54 (asset 12103: Baslac_0_5L_57-30_50626008 Kopie),https://brand.surventiscoatings.com/hub/54,SUPPLIER_BRAND_PORTAL,OWNER_CONFIRMED,DA,placeholder,"Etiketa na originalu (ručno pročitano): baslac · 57-30 · Additive Washprimer slow · 0,5 L. Šifra i naziv odgovaraju zapisu `baslac-57-30-additive-washprimer-slow`.","obrezana samo bela margina (prag 252) + 4 % odstojanja, bela podloga originala zadržana (bez izdvajanja alfe); skalirano LANCZOS na ≤ 1600 px; WebP q90; sRGB profil zadržan; sadržaj proizvoda nije menjan",20a838f4cbe720d641adeb8dd08245cc8aa9078ec74526f8641201b32da975bf
baslac,baslac-60-05-speeding-reducer,/proizvodi/baslac-60-05-speeding-reducer,public/products/baslac/supplied/baslac__baslac-60-05-speeding-reducer.webp,1000x1600,https://brand.surventiscoatings.com/hub/54 (asset 12128: Baslac_1L_60-05_50508528 Kopie),https://brand.surventiscoatings.com/hub/54,SUPPLIER_BRAND_PORTAL,OWNER_CONFIRMED,DA,placeholder,Etiketa na originalu (ručno pročitano): baslac · 60-05 · Speeding Reducer · 1 L. Šifra i naziv odgovaraju zapisu `baslac-60-05-speeding-reducer`.,"obrezana samo bela margina (prag 252) + 4 % odstojanja, bela podloga originala zadržana (bez izdvajanja alfe); skalirano LANCZOS na ≤ 1600 px; WebP q90; sRGB profil zadržan; sadržaj proizvoda nije menjan",26037479a5c82f79d09bc7261e46e30bc52426ae6012d42bc6c90d08486e5131
baslac,baslac-60-10-reducer-universal-fast,/proizvodi/baslac-60-10-reducer-universal-fast,public/products/baslac/supplied/baslac__baslac-60-10-reducer-universal-fast.webp,873x1600,https://brand.surventiscoatings.com/hub/54 (asset 12082: baslac 5L 60-10 Reducer 50102836),https://brand.surventiscoatings.com/hub/54,SUPPLIER_BRAND_PORTAL,OWNER_CONFIRMED,DA,placeholder,Etiketa na originalu (ručno pročitano): baslac · 60-10 · Reducer Universal Fast · 5 L. Šifra i naziv odgovaraju zapisu `baslac-60-10-reducer-universal-fast`.,"obrezana samo bela margina (prag 252) + 4 % odstojanja, bela podloga originala zadržana (bez izdvajanja alfe); skalirano LANCZOS na ≤ 1600 px; WebP q90; sRGB profil zadržan; sadržaj proizvoda nije menjan",12fd464fd41c88bc31215cb53e116ab19e37c0bbad8b0471ceafed4f741d853b
baslac,baslac-60-20-razredjivac,/proizvodi/baslac-60-20-razredjivac,public/products/baslac/supplied/baslac__baslac-60-20-razredjivac.webp,873x1600,https://brand.surventiscoatings.com/hub/54 (asset 12083: baslac 5L 60-20 Reducer 54764676),https://brand.surventiscoatings.com/hub/54,SUPPLIER_BRAND_PORTAL,OWNER_CONFIRMED,DA,placeholder,"Etiketa na originalu (ručno pročitano): baslac · 60-20 · Reducer Universal Normal · 5 L (zapis: 60-20, 5 L). Šifra i naziv odgovaraju zapisu `baslac-60-20-razredjivac`.","obrezana samo bela margina (prag 252) + 4 % odstojanja, bela podloga originala zadržana (bez izdvajanja alfe); skalirano LANCZOS na ≤ 1600 px; WebP q90; sRGB profil zadržan; sadržaj proizvoda nije menjan",efd37cbda6001f3a198df068317cb51ad9b42f4666542a62829f8fa044904a19
baslac,baslac-60-30-reducer-universal-slow,/proizvodi/baslac-60-30-reducer-universal-slow,public/products/baslac/supplied/baslac__baslac-60-30-reducer-universal-slow.webp,873x1600,https://brand.surventiscoatings.com/hub/54 (asset 12084: baslac 5L 60-30 54764464),https://brand.surventiscoatings.com/hub/54,SUPPLIER_BRAND_PORTAL,OWNER_CONFIRMED,DA,placeholder,Etiketa na originalu (ručno pročitano): baslac · 60-30 · Reducer Universal Slow · 5 L. Šifra i naziv odgovaraju zapisu `baslac-60-30-reducer-universal-slow`.,"obrezana samo bela margina (prag 252) + 4 % odstojanja, bela podloga originala zadržana (bez izdvajanja alfe); skalirano LANCZOS na ≤ 1600 px; WebP q90; sRGB profil zadržan; sadržaj proizvoda nije menjan",d567a9a2b9d904adf0ccfb493ce5aba0da5f31a407f4db87fc72d195dc83e39f
baslac,baslac-60-40-reducer-universal-extra-slow,/proizvodi/baslac-60-40-reducer-universal-extra-slow,public/products/baslac/supplied/baslac__baslac-60-40-reducer-universal-extra-slow.webp,1000x1600,https://brand.surventiscoatings.com/hub/54 (asset 12130: Baslac_1L_60-40_54765047),https://brand.surventiscoatings.com/hub/54,SUPPLIER_BRAND_PORTAL,OWNER_CONFIRMED,DA,placeholder,Etiketa na originalu (ručno pročitano): baslac · 60-40 · Reducer Universal extra slow · 1 L. Šifra i naziv odgovaraju zapisu `baslac-60-40-reducer-universal-extra-slow`.,"obrezana samo bela margina (prag 252) + 4 % odstojanja, bela podloga originala zadržana (bez izdvajanja alfe); skalirano LANCZOS na ≤ 1600 px; WebP q90; sRGB profil zadržan; sadržaj proizvoda nije menjan",666ae5453335586d07a48f6fe58eb4248ea1b040f55f2c49bbbdb3cc4c5c9a4b
baslac,baslac-65-10-blending-reducer,/proizvodi/baslac-65-10-blending-reducer,public/products/baslac/supplied/baslac__baslac-65-10-blending-reducer.webp,1000x1600,https://brand.surventiscoatings.com/hub/54 (asset 12131: Baslac_1L_65-10_54764305),https://brand.surventiscoatings.com/hub/54,SUPPLIER_BRAND_PORTAL,OWNER_CONFIRMED,DA,placeholder,Etiketa na originalu (ručno pročitano): baslac · 65-10 · Reducer Blending · 1 L. Šifra i naziv odgovaraju zapisu `baslac-65-10-blending-reducer`.,"obrezana samo bela margina (prag 252) + 4 % odstojanja, bela podloga originala zadržana (bez izdvajanja alfe); skalirano LANCZOS na ≤ 1600 px; WebP q90; sRGB profil zadržan; sadržaj proizvoda nije menjan",adfd77b3fad4b117b5c76186bee10b2408010f35d3a03ee330bebf1ec80de1e5
baslac,baslac-70-10-silicone-remover-for-oil-silicone-and-grease,/proizvodi/baslac-70-10-silicone-remover-for-oil-silicone-and-grease,public/products/baslac/supplied/baslac__baslac-70-10-silicone-remover-for-oil-silicone-and-grease.webp,1000x1600,https://brand.surventiscoatings.com/hub/54 (asset 12132: Baslac_1L_70-10_50643350),https://brand.surventiscoatings.com/hub/54,SUPPLIER_BRAND_PORTAL,OWNER_CONFIRMED,DA,placeholder,Etiketa na originalu (ručno pročitano): baslac · 70-10 · Silicone Remover · 1 L. Šifra i naziv odgovaraju zapisu `baslac-70-10-silicone-remover-for-oil-silicone-and-grease`.,"obrezana samo bela margina (prag 252) + 4 % odstojanja, bela podloga originala zadržana (bez izdvajanja alfe); skalirano LANCZOS na ≤ 1600 px; WebP q90; sRGB profil zadržan; sadržaj proizvoda nije menjan",23b60c049c893813f7324cf82eafed495d076b27956c472ab0716c3ef4a751fd
baslac,baslac-70-45-cleaner,/proizvodi/baslac-70-45-cleaner,public/products/baslac/supplied/baslac__baslac-70-45-cleaner.webp,1045x1600,https://brand.surventiscoatings.com/hub/54 (asset 12086: baslac 5L 70-45 50394852),https://brand.surventiscoatings.com/hub/54,SUPPLIER_BRAND_PORTAL,OWNER_CONFIRMED,DA,placeholder,Etiketa na originalu (ručno pročitano): baslac · 70-45 · Cleaner (Basecoat 45) · 5 L. Šifra i naziv odgovaraju zapisu `baslac-70-45-cleaner`.,"obrezana samo bela margina (prag 252) + 4 % odstojanja, bela podloga originala zadržana (bez izdvajanja alfe); skalirano LANCZOS na ≤ 1600 px; WebP q90; sRGB profil zadržan; sadržaj proizvoda nije menjan",09c65326638d7a9a06997fd233f3c3c7351f86ac4935e1d49e1d4b29556cfcb0
baslac,baslac-81-30-additive-chassis,/proizvodi/baslac-81-30-additive-chassis,public/products/baslac/supplied/baslac__baslac-81-30-additive-chassis.webp,1207x1600,https://brand.surventiscoatings.com/hub/54 (asset 12162: baslac 4L 81-30 Additive Chassis CV 50583201),https://brand.surventiscoatings.com/hub/54,SUPPLIER_BRAND_PORTAL,OWNER_CONFIRMED,DA,placeholder,Etiketa na originalu (ručno pročitano): baslac · 81-30 · Additive Chassis CV · 4 L. Šifra i naziv odgovaraju zapisu `baslac-81-30-additive-chassis`.,"obrezana samo bela margina (prag 252) + 4 % odstojanja, bela podloga originala zadržana (bez izdvajanja alfe); skalirano LANCZOS na ≤ 1600 px; WebP q90; sRGB profil zadržan; sadržaj proizvoda nije menjan",095f7437cdb9d32baf7c9d84e4c84a997f95b5e6b7b2c69f37de0bec3c2e4bbf
norbin,norbin-n15-v20-clear-voc,/proizvodi/norbin-n15-v20-clear-voc,public/products/norbin/supplied/norbin__norbin-n15-v20-clear-voc.webp,867x1590,https://www.varitikka.fi/app/uploads/2024/03/norbin-5l-n15-v20.png,https://www.varitikka.fi/tuote/norbin-n15-v20-2k-kirkaslakka-voc-40ltr/,DISTRIBUTOR_HOSTED_MANUFACTURER_RENDER,OWNER_CONFIRMATION_REQUIRED,NE — čeka potvrdu prava vlasnika (lokalno i Preview: da),placeholder,"Etiketa na slici (ručno pročitano): NORBIN · Clear VOC · N15-V20 (pravougaona limenka; zapremina nije odštampana na renderu — distributer isti render prodaje kao „N15-V20 … VOC 4,0 ltr”; naziv fajla kod distributera sadrži „5l”). Šifra i pakovanje odgovaraju zapisu `norbin-n15-v20-clear-voc`.","obrezana samo bela margina (prag 252) + 4 % odstojanja, bela podloga originala zadržana (bez izdvajanja alfe); skalirano LANCZOS na ≤ 1600 px; WebP q90; sRGB profil zadržan; sadržaj proizvoda nije menjan",026d354f8bb80ea56fb0e7b4e24b52e980a22995aa428e9561f2c4e3d16742e0
norbin,norbin-n55-v20-2k-primer-filler-grey,/proizvodi/norbin-n55-v20-2k-primer-filler-grey,public/products/norbin/supplied/norbin__norbin-n55-v20-2k-primer-filler-grey.webp,1280x1600,https://www.varitikka.fi/app/uploads/2024/03/norbin-2k-primer-filler-greyn55-v20.png,https://www.varitikka.fi/tuote/norbin-n55-v20-29-2k-hiomavari-25ltr/,DISTRIBUTOR_HOSTED_MANUFACTURER_RENDER,OWNER_CONFIRMATION_REQUIRED,NE — čeka potvrdu prava vlasnika (lokalno i Preview: da),placeholder,"Etiketa na slici (ručno pročitano): NORBIN · 2K Primer Filler grey · N55-V20 (okrugla limenka 2,5 L). Šifra i pakovanje odgovaraju zapisu `norbin-n55-v20-2k-primer-filler-grey`.","obrezan samo providni rub + 4 % odstojanja, alfa i senka očuvane; skalirano LANCZOS na ≤ 1600 px; WebP q90; sRGB profil zadržan; sadržaj proizvoda nije menjan",6472603c478624bb1833213b837ce9a41715e024cfea8cf74465f191e5367b9a
norbin,norbin-n55-v29-2k-primer-filler-black,/proizvodi/norbin-n55-v29-2k-primer-filler-black,public/products/norbin/supplied/norbin__norbin-n55-v29-2k-primer-filler-black.webp,1280x1600,https://www.varitikka.fi/app/uploads/2024/03/norbin-n55-v29-25l.png,https://www.varitikka.fi/tuote/norbin-n55-v20-29-2k-hiomavari-25ltr/,DISTRIBUTOR_HOSTED_MANUFACTURER_RENDER,OWNER_CONFIRMATION_REQUIRED,NE — čeka potvrdu prava vlasnika (lokalno i Preview: da),placeholder,"Etiketa na slici (ručno pročitano): NORBIN · 2K Primer Filler black · N55-V29 (okrugla limenka 2,5 L). Šifra i pakovanje odgovaraju zapisu `norbin-n55-v29-2k-primer-filler-black`.","obrezan samo providni rub + 4 % odstojanja, alfa i senka očuvane; skalirano LANCZOS na ≤ 1600 px; WebP q90; sRGB profil zadržan; sadržaj proizvoda nije menjan",90e087c91ae68cbd30f2da4b341d04d5098a4a19c2c1f7ea2db207791c69d525
norbin,norbin-n75-020-hardener-fast,/proizvodi/norbin-n75-020-hardener-fast,public/products/norbin/supplied/norbin__norbin-n75-020-hardener-fast.webp,1433x1581,https://www.varitikka.fi/app/uploads/2024/03/norbin-hardnerfastn75-020.png,https://www.varitikka.fi/tuote/norbin-n75-020-kovettaja-nopea-05ltr/,DISTRIBUTOR_HOSTED_MANUFACTURER_RENDER,OWNER_CONFIRMATION_REQUIRED,NE — čeka potvrdu prava vlasnika (lokalno i Preview: da),placeholder,"Etiketa na slici (ručno pročitano): NORBIN · Hardener Fast · N75-020 (limenka 0,5 L). Šifra i pakovanje odgovaraju zapisu `norbin-n75-020-hardener-fast`.","obrezan samo providni rub + 4 % odstojanja, alfa i senka očuvane; skalirano LANCZOS na ≤ 1600 px; WebP q90; sRGB profil zadržan; sadržaj proizvoda nije menjan",f5060a91e7cdce4b8b36fb0f2c9b4a3b0d72880a4cde38f913af5bece06bdd03
norbin,norbin-n75-021-hardener-normal,/proizvodi/norbin-n75-021-hardener-normal,public/products/norbin/supplied/norbin__norbin-n75-021-hardener-normal.webp,1162x1224,https://www.varitikka.fi/app/uploads/2024/03/norbin-500ml-n75-021.jpg,https://www.varitikka.fi/tuote/norbin-n75-021-kovettaja-05ltr/,DISTRIBUTOR_HOSTED_MANUFACTURER_RENDER,OWNER_CONFIRMATION_REQUIRED,NE — čeka potvrdu prava vlasnika (lokalno i Preview: da),placeholder,"Etiketa na slici (ručno pročitano): NORBIN · Hardener · N75-021 (studijska fotografija limenke 0,5 L; starija etiketa bez reči „Normal”). Šifra i pakovanje odgovaraju zapisu `norbin-n75-021-hardener-normal`.","obrezana samo bela margina (prag 252) + 4 % odstojanja, bela podloga originala zadržana (bez izdvajanja alfe); skalirano LANCZOS na ≤ 1600 px; WebP q90; sRGB profil zadržan; sadržaj proizvoda nije menjan",2a493f7c66c6535757654e913c4013927459138d20242fd671ba95b2e323d52c
norbin,norbin-n75-v21-clear-hardener-voc,/proizvodi/norbin-n75-v21-clear-hardener-voc,public/products/norbin/supplied/norbin__norbin-n75-v21-clear-hardener-voc.webp,997x1600,https://www.varitikka.fi/app/uploads/2024/03/norbin-1l-n75-v21.png,https://www.varitikka.fi/tuote/norbin-n75-v21-kovettaja-voc-10ltr/,DISTRIBUTOR_HOSTED_MANUFACTURER_RENDER,OWNER_CONFIRMATION_REQUIRED,NE — čeka potvrdu prava vlasnika (lokalno i Preview: da),placeholder,Etiketa na slici (ručno pročitano): NORBIN · Clear Hardener VOC · N75-V21 (limenka 1 L). Šifra i pakovanje odgovaraju zapisu `norbin-n75-v21-clear-hardener-voc`.,"obrezana samo bela margina (prag 252) + 4 % odstojanja, bela podloga originala zadržana (bez izdvajanja alfe); skalirano LANCZOS na ≤ 1600 px; WebP q90; sRGB profil zadržan; sadržaj proizvoda nije menjan",5bcded09a15e5aa2379fe3a91df81e2b0c6591fc150eac1b74a04b674f338f0f
rm,rm-a-2010-bril-852,/proizvodi/rm-a-2010-bril-852,public/products/rm/supplied/rm__rm-a-2010-bril-852.webp,959x1600,https://brand.surventiscoatings.com/hub/51 (asset 33347: 50250554_RM1190_1_50250554_20230613110248_composite),https://brand.surventiscoatings.com/hub/51,SUPPLIER_BRAND_PORTAL,OWNER_CONFIRMED,DA,placeholder,Etiketa na originalu (ručno pročitano): BRIL 852 · A 2010. Šifra i naziv odgovaraju zapisu `rm-a-2010-bril-852`.,"obrezan samo providni rub + 4 % odstojanja, alfa i senka očuvane; skalirano LANCZOS na ≤ 1600 px; WebP q90; sRGB profil zadržan; sadržaj proizvoda nije menjan",ba4433bb7ff6bd3ece2cfde0784e5de83e70eeb734e62f7f1e4d4967808a8f52
rm,rm-a-2540-agilis-blender-x-treme,/proizvodi/rm-a-2540-agilis-blender-x-treme,public/products/rm/supplied/rm__rm-a-2540-agilis-blender-x-treme.webp,723x1600,https://brand.surventiscoatings.com/hub/51 (asset 30620: 50814622_RA3122_0_50814622_20230605100314_composite),https://brand.surventiscoatings.com/hub/51,SUPPLIER_BRAND_PORTAL,OWNER_CONFIRMED,DA,placeholder,"Etiketa na originalu (ručno pročitano): AGILIS · A 2540 (linija AGILIS i šifra se poklapaju sa zapisom; NE „BLENDING FLASH A2540”, to je druga linija). Šifra i naziv odgovaraju zapisu `rm-a-2540-agilis-blender-x-treme`.","obrezan samo providni rub + 4 % odstojanja, alfa i senka očuvane; skalirano LANCZOS na ≤ 1600 px; WebP q90; sRGB profil zadržan; sadržaj proizvoda nije menjan",c41ca59d6fdba155cf8d1f2de22466f21a5efb1eea7ea509f06833ee691280bc
rm,rm-a-2810-hydropure,/proizvodi/rm-a-2810-hydropure,public/products/rm/supplied/rm__rm-a-2810-hydropure.webp,1600x1507,https://brand.surventiscoatings.com/hub/51 (asset 32662: 53236209_RM11A6_1_53236209_20230613135831_composite),https://brand.surventiscoatings.com/hub/51,SUPPLIER_BRAND_PORTAL,OWNER_CONFIRMED,DA,placeholder,Etiketa na originalu (ručno pročitano): HYDROPURE · A 2810. Šifra i naziv odgovaraju zapisu `rm-a-2810-hydropure`.,"obrezan samo providni rub + 4 % odstojanja, alfa i senka očuvane; skalirano LANCZOS na ≤ 1600 px; WebP q90; sRGB profil zadržan; sadržaj proizvoda nije menjan",eb5bf2bc28f281ee5802864b9bd277cdb18eb4bb12228dc81adc96da750519ad
rm,rm-a-5200-ghd-deco-a,/proizvodi/rm-a-5200-ghd-deco-a,public/products/rm/supplied/rm__rm-a-5200-ghd-deco-a.webp,872x1600,https://brand.surventiscoatings.com/hub/51 (asset 36377: 50795999_RM70B2_2_50795999_20231010154931_composite),https://brand.surventiscoatings.com/hub/51,SUPPLIER_BRAND_PORTAL,OWNER_CONFIRMED,DA,placeholder,Etiketa na originalu (ručno pročitano): GHD DECO A · A 5200. Šifra i naziv odgovaraju zapisu `rm-a-5200-ghd-deco-a`.,"obrezan samo providni rub + 4 % odstojanja, alfa i senka očuvane; skalirano LANCZOS na ≤ 1600 px; WebP q90; sRGB profil zadržan; sadržaj proizvoda nije menjan",e66c90e2abc1a73b4052178078653ca23109ef10bd8dcde57833cd8d64f22f95
rm,rm-a-5700-ghd-tinting-paste,/proizvodi/rm-a-5700-ghd-tinting-paste,public/products/rm/supplied/rm__rm-a-5700-ghd-tinting-paste.webp,1280x1600,https://brand.surventiscoatings.com/hub/51 (asset 36406: 50501819_RM50A7_2_50501819_20231009161346_composite),https://brand.surventiscoatings.com/hub/51,SUPPLIER_BRAND_PORTAL,OWNER_CONFIRMED,DA,placeholder,Etiketa na originalu (ručno pročitano): GHD TINTING PASTE · A 5700. Šifra i naziv odgovaraju zapisu `rm-a-5700-ghd-tinting-paste`.,"obrezan samo providni rub + 4 % odstojanja, alfa i senka očuvane; skalirano LANCZOS na ≤ 1600 px; WebP q90; sRGB profil zadržan; sadržaj proizvoda nije menjan",3ab79f7f856255b68b48dd471f2c71fff8d193b9f780ed8760c9598291b82539
rm,rm-am-2p35-blending-thinn-r,/proizvodi/rm-am-2p35-blending-thinn-r,public/products/rm/supplied/rm__rm-am-2p35-blending-thinn-r.webp,603x1600,https://brand.surventiscoatings.com/hub/51 (asset 36418: 50685273_RC6230_2_50685273_20231023105613_composite),https://brand.surventiscoatings.com/hub/51,SUPPLIER_BRAND_PORTAL,OWNER_CONFIRMED,DA,placeholder,"Etiketa na originalu (ručno pročitano): BLENDING THINN-R · AM 2P35 · Blending additive (aerosol, Pioneer Series). Šifra i naziv odgovaraju zapisu `rm-am-2p35-blending-thinn-r`.","obrezan samo providni rub + 4 % odstojanja, alfa i senka očuvane; skalirano LANCZOS na ≤ 1600 px; WebP q90; sRGB profil zadržan; sadržaj proizvoda nije menjan",2a1b4c45c0a7393b0416c0fe974d609df0ef0cb77f1be6d36c770234a5e1c81c
rm,rm-c-2a95-mattop,/proizvodi/rm-c-2a95-mattop,public/products/rm/supplied/rm__rm-c-2a95-mattop.webp,1251x1600,https://brand.surventiscoatings.com/hub/51 (asset 10952: ADVANCE_MatTOP_C_2A95_0-75L_0000_CMYK),https://brand.surventiscoatings.com/hub/51,SUPPLIER_BRAND_PORTAL,OWNER_CONFIRMED,DA,placeholder,"Etiketa na originalu (ručno pročitano): MatTOP · C 2A95 · Clear coat, silk mat (Advance Series, 0,75 L). Šifra i naziv odgovaraju zapisu `rm-c-2a95-mattop`.","obrezan samo providni rub + 4 % odstojanja, alfa i senka očuvane; skalirano LANCZOS na ≤ 1600 px; WebP q90; sRGB profil zadržan; sadržaj proizvoda nije menjan",c16d3f816373afa26eccd82b11305403592aaf242ac9eaca66568b7867dfe7f9
rm,rm-d-121-ultra-flash-flake-diamond,/proizvodi/rm-d-121-ultra-flash-flake-diamond,public/products/rm/supplied/rm__rm-d-121-ultra-flash-flake-diamond.webp,1600x1297,https://brand.surventiscoatings.com/hub/51 (asset 33248: 50411239_RM1180_3_50411239_20230607140358_composite),https://brand.surventiscoatings.com/hub/51,SUPPLIER_BRAND_PORTAL,OWNER_CONFIRMED,DA,placeholder,Etiketa na originalu (ručno pročitano): DIAMONT · D 121 (engleska etiketa). Šifra i naziv odgovaraju zapisu `rm-d-121-ultra-flash-flake-diamond`.,"obrezan samo providni rub + 4 % odstojanja, alfa i senka očuvane; skalirano LANCZOS na ≤ 1600 px; WebP q90; sRGB profil zadržan; sadržaj proizvoda nije menjan",ad3958e52c41a9a449ff77726def80fca3df85166da2258c20242ec82639a7bb
rm,rm-db-403-onyx-hd-deep-black,/proizvodi/rm-db-403-onyx-hd-deep-black,public/products/rm/supplied/rm__rm-db-403-onyx-hd-deep-black.webp,1253x1600,https://brand.surventiscoatings.com/hub/51 (asset 36392: 50173786_RM6102_2_50173786_20231009153601_composite),https://brand.surventiscoatings.com/hub/51,SUPPLIER_BRAND_PORTAL,OWNER_CONFIRMED,DA,placeholder,Etiketa na originalu (ručno pročitano): ONYX HD · DB 403 (engleska etiketa). Šifra i naziv odgovaraju zapisu `rm-db-403-onyx-hd-deep-black`.,"obrezan samo providni rub + 4 % odstojanja, alfa i senka očuvane; skalirano LANCZOS na ≤ 1600 px; WebP q90; sRGB profil zadržan; sadržaj proizvoda nije menjan",64aec211784c69056ea010b2133279900d84cc008a8e207269671c7ca592cf20
rm,rm-ghd-cv-12,/proizvodi/rm-ghd-cv-12,public/products/rm/supplied/rm__rm-ghd-cv-12.webp,1280x1600,https://brand.surventiscoatings.com/hub/51 (asset 36407: 53210186_RM71A7_2_53210186_20231009161331_composite),https://brand.surventiscoatings.com/hub/51,SUPPLIER_BRAND_PORTAL,OWNER_CONFIRMED,DA,placeholder,Etiketa na originalu (ručno pročitano): GRAPHITE HD · CV 12 (GHD = Graphite HD). Šifra i naziv odgovaraju zapisu `rm-ghd-cv-12`.,"obrezan samo providni rub + 4 % odstojanja, alfa i senka očuvane; skalirano LANCZOS na ≤ 1600 px; WebP q90; sRGB profil zadržan; sadržaj proizvoda nije menjan",9f618bf29c4c67c5e325500070d5faa7baa867203175d499c60628d6eb2b0a9e
rm,rm-ghd-cv-40m,/proizvodi/rm-ghd-cv-40m,public/products/rm/supplied/rm__rm-ghd-cv-40m.webp,1279x1600,https://brand.surventiscoatings.com/hub/51 (asset 36404: 50795799_RM70A7_5_50795799_20231009161335_composite),https://brand.surventiscoatings.com/hub/51,SUPPLIER_BRAND_PORTAL,OWNER_CONFIRMED,DA,placeholder,Etiketa na originalu (ručno pročitano): GRAPHITE HD · CV 40M. Šifra i naziv odgovaraju zapisu `rm-ghd-cv-40m`.,"obrezan samo providni rub + 4 % odstojanja, alfa i senka očuvane; skalirano LANCZOS na ≤ 1600 px; WebP q90; sRGB profil zadržan; sadržaj proizvoda nije menjan",1addd7da36a2e2a2304d3b909444425ba63f7420d63fc2436034c01b26e1ef98
rm,rm-gv-100-ghd-thinner,/proizvodi/rm-gv-100-ghd-thinner,public/products/rm/supplied/rm__rm-gv-100-ghd-thinner.webp,872x1600,https://brand.surventiscoatings.com/hub/51 (asset 36375: 54776548_RM60B2_3_54776548_20231010143754_composite),https://brand.surventiscoatings.com/hub/51,SUPPLIER_BRAND_PORTAL,OWNER_CONFIRMED,DA,placeholder,Etiketa na originalu (ručno pročitano): GHD THINNER · GV 100. Šifra i naziv odgovaraju zapisu `rm-gv-100-ghd-thinner`.,"obrezan samo providni rub + 4 % odstojanja, alfa i senka očuvane; skalirano LANCZOS na ≤ 1600 px; WebP q90; sRGB profil zadržan; sadržaj proizvoda nije menjan",07f927c63315bbd0511b22a5af26a7ef0d0c36528a6349234655ce30212c8520
rm,rm-h-2a31-fillcure-slow,/proizvodi/rm-h-2a31-fillcure-slow,public/products/rm/supplied/rm__rm-h-2a31-fillcure-slow.webp,996x1600,https://brand.surventiscoatings.com/hub/51 (asset 36413: 50772225_RD3327_2_50772225_20231010154502_composite),https://brand.surventiscoatings.com/hub/51,SUPPLIER_BRAND_PORTAL,OWNER_CONFIRMED,DA,placeholder,Etiketa na originalu (ručno pročitano): FillCURE Slow · H 2A31 (Advance Series). Šifra i naziv odgovaraju zapisu `rm-h-2a31-fillcure-slow`.,"obrezan samo providni rub + 4 % odstojanja, alfa i senka očuvane; skalirano LANCZOS na ≤ 1600 px; WebP q90; sRGB profil zadržan; sadržaj proizvoda nije menjan",c269c10fe1c30868dfb087cd18dd91e2da2f301f4998e077928dec6c86c2d682
rm,rm-h-2p96-matshade-harden-r,/proizvodi/rm-h-2p96-matshade-harden-r,public/products/rm/supplied/rm__rm-h-2p96-matshade-harden-r.webp,996x1600,https://brand.surventiscoatings.com/hub/51 (asset 32576: 50824795_RC3327_3_50824795_20231005125151_composite),https://brand.surventiscoatings.com/hub/51,SUPPLIER_BRAND_PORTAL,OWNER_CONFIRMED,DA,placeholder,"Etiketa na originalu (ručno pročitano): MATSHADE HARDEN-R · H 2P96 · eSense topcoat hardener, mat slow (Pioneer Series). Šifra i naziv odgovaraju zapisu `rm-h-2p96-matshade-harden-r`.","obrezan samo providni rub + 4 % odstojanja, alfa i senka očuvane; skalirano LANCZOS na ≤ 1600 px; WebP q90; sRGB profil zadržan; sadržaj proizvoda nije menjan",d5a2c3ee8cf6ae9248729161c36a06d595d2f798dfc6e93ec3bd3effa20e2c33
rm,rm-h-700-ghd-hardener,/proizvodi/rm-h-700-ghd-hardener,public/products/rm/supplied/rm__rm-h-700-ghd-hardener.webp,1543x1600,https://brand.surventiscoatings.com/hub/51 (asset 36409: 50451550_RM7013_2_50451550_20231010144728_composite),https://brand.surventiscoatings.com/hub/51,SUPPLIER_BRAND_PORTAL,OWNER_CONFIRMED,DA,placeholder,Etiketa na originalu (ručno pročitano): GHD HARDENER · H 700. Šifra i naziv odgovaraju zapisu `rm-h-700-ghd-hardener`.,"obrezan samo providni rub + 4 % odstojanja, alfa i senka očuvane; skalirano LANCZOS na ≤ 1600 px; WebP q90; sRGB profil zadržan; sadržaj proizvoda nije menjan",f701f65cec886c27a78dd1a974f4ff0dcb3cb5e3795d678feb56184aff48d082
rm,rm-hb-015-agilis-minor-repair,/proizvodi/rm-hb-015-agilis-minor-repair,public/products/rm/supplied/rm__rm-hb-015-agilis-minor-repair.webp,723x1600,https://brand.surventiscoatings.com/hub/51 (asset 36417: 50769128_RA3122_1_50769128_20231023103642_composite),https://brand.surventiscoatings.com/hub/51,SUPPLIER_BRAND_PORTAL,OWNER_CONFIRMED,DA,placeholder,Etiketa na originalu (ručno pročitano): AGILIS · HB 015. Šifra i naziv odgovaraju zapisu `rm-hb-015-agilis-minor-repair`.,"obrezan samo providni rub + 4 % odstojanja, alfa i senka očuvane; skalirano LANCZOS na ≤ 1600 px; WebP q90; sRGB profil zadržan; sadržaj proizvoda nije menjan",0fb5ae30293c01a680c2efc753809c7dc1cd49578e35c5f2dfdc915ea03b9ea4
rm,rm-p-5430w-ghd-surfacer-white,/proizvodi/rm-p-5430w-ghd-surfacer-white,public/products/rm/supplied/rm__rm-p-5430w-ghd-surfacer-white.webp,1280x1600,https://brand.surventiscoatings.com/hub/51 (asset 36405: 50610299_RM50A7_2_50610299_20231010140805_composite),https://brand.surventiscoatings.com/hub/51,SUPPLIER_BRAND_PORTAL,OWNER_CONFIRMED,DA,placeholder,Etiketa na originalu (ručno pročitano): SURFACER WHITE · P 5430W (GHD linija). Šifra i naziv odgovaraju zapisu `rm-p-5430w-ghd-surfacer-white`.,"obrezan samo providni rub + 4 % odstojanja, alfa i senka očuvane; skalirano LANCZOS na ≤ 1600 px; WebP q90; sRGB profil zadržan; sadržaj proizvoda nije menjan",57ea7155d42b2ab762e16155b17bb1722a4b2c2bd2ec7eb1ac405d361a07a3a9
rm,rm-p-5433-ghd-chassismix,/proizvodi/rm-p-5433-ghd-chassismix,public/products/rm/supplied/rm__rm-p-5433-ghd-chassismix.webp,1205x1600,https://brand.surventiscoatings.com/hub/51 (asset 36402: 53209550_RM50B7_3_53209550_20231009160804_composite),https://brand.surventiscoatings.com/hub/51,SUPPLIER_BRAND_PORTAL,OWNER_CONFIRMED,DA,placeholder,Etiketa na originalu (ručno pročitano): GHD CHASSISMIX · P 5433. Šifra i naziv odgovaraju zapisu `rm-p-5433-ghd-chassismix`.,"obrezan samo providni rub + 4 % odstojanja, alfa i senka očuvane; skalirano LANCZOS na ≤ 1600 px; WebP q90; sRGB profil zadržan; sadržaj proizvoda nije menjan",3cf1d1acaffcd27211c92685a94d99e057c702bae96fa2ca13ba50dffd2aac7e
rm,rm-p-5520-ghd-multi-primer-filler-cf,/proizvodi/rm-p-5520-ghd-multi-primer-filler-cf,public/products/rm/supplied/rm__rm-p-5520-ghd-multi-primer-filler-cf.webp,1205x1600,https://brand.surventiscoatings.com/hub/51 (asset 36400: 50431876_RM50B7_2_50431876_20231009160919_composite),https://brand.surventiscoatings.com/hub/51,SUPPLIER_BRAND_PORTAL,OWNER_CONFIRMED,DA,placeholder,Etiketa na originalu (ručno pročitano): MULTI PRIMER FILLER CF · P 5520. Šifra i naziv odgovaraju zapisu `rm-p-5520-ghd-multi-primer-filler-cf`.,"obrezan samo providni rub + 4 % odstojanja, alfa i senka očuvane; skalirano LANCZOS na ≤ 1600 px; WebP q90; sRGB profil zadržan; sadržaj proizvoda nije menjan",b5bc65c7394a5d1eea2ce0e74effe5f7d2de50fbe13654f356d2211deb65dc31
rm,rm-r-2a20-airtopthinn,/proizvodi/rm-r-2a20-airtopthinn,public/products/rm/supplied/rm__rm-r-2a20-airtopthinn.webp,996x1600,https://brand.surventiscoatings.com/hub/51 (asset 36414: 50760186_RD6027_4_50760186_20231010154506_composite),https://brand.surventiscoatings.com/hub/51,SUPPLIER_BRAND_PORTAL,OWNER_CONFIRMED,DA,placeholder,"Etiketa na originalu (ručno pročitano): AirtopTHINN · R 2A20 · Thinner, air drying (Advance Series). Šifra i naziv odgovaraju zapisu `rm-r-2a20-airtopthinn`.","obrezan samo providni rub + 4 % odstojanja, alfa i senka očuvane; skalirano LANCZOS na ≤ 1600 px; WebP q90; sRGB profil zadržan; sadržaj proizvoda nije menjan",08ee18fb61f654a6c98cce31de3cd4cc5a93e20d08bb85a5e9c17871516be60e
rm,rm-r-2p45-clear-thinn-r,/proizvodi/rm-r-2p45-clear-thinn-r,public/products/rm/supplied/rm__rm-r-2p45-clear-thinn-r.webp,872x1600,https://brand.surventiscoatings.com/hub/51 (asset 36379: 50675739_RC60B2_4_50675739_20231010154923_composite),https://brand.surventiscoatings.com/hub/51,SUPPLIER_BRAND_PORTAL,OWNER_CONFIRMED,DA,placeholder,"Etiketa na originalu (ručno pročitano): CLEAR THINN-R EXTRA SLOW · R 2P45 (Pioneer Series, eSense). Šifra i naziv odgovaraju zapisu `rm-r-2p45-clear-thinn-r`.","obrezan samo providni rub + 4 % odstojanja, alfa i senka očuvane; skalirano LANCZOS na ≤ 1600 px; WebP q90; sRGB profil zadržan; sadržaj proizvoda nije menjan",c7688c67ab9fce335e01c95daac4599b294227cfc77e76d9d00cd7d3fdca8417
rm,rm-gv-200-ghd-thinner,/proizvodi/rm-gv-200-ghd-thinner,public/products/rm/supplied/rm__rm-gv-200-ghd-thinner.webp,872x1600,https://brand.surventiscoatings.com/hub/51 (asset 36408: 50195392_RM60B2_3_50195392_20231010143758_composite),https://brand.surventiscoatings.com/hub/51,SUPPLIER_BRAND_PORTAL,OWNER_CONFIRMED,DA,placeholder,Etiketa na originalu (ručno pročitano): GHD THINNER · GV 200. Šifra i naziv odgovaraju zapisu `rm-gv-200-ghd-thinner`.,"obrezan samo providni rub + 4 % odstojanja, alfa i senka očuvane; skalirano LANCZOS na ≤ 1600 px; WebP q90; sRGB profil zadržan; sadržaj proizvoda nije menjan",a232d064d0932bd4abbabf1fb19b22a7fc9c3875ca2a10852e8e048aab5d2b7a
rm,rm-gv-300-ghd-thinner,/proizvodi/rm-gv-300-ghd-thinner,public/products/rm/supplied/rm__rm-gv-300-ghd-thinner.webp,872x1600,https://brand.surventiscoatings.com/hub/51 (asset 36374: 54776654_RM60B2_3_54776654_20231010143803_composite),https://brand.surventiscoatings.com/hub/51,SUPPLIER_BRAND_PORTAL,OWNER_CONFIRMED,DA,placeholder,Etiketa na originalu (ručno pročitano): GHD THINNER · GV 300. Šifra i naziv odgovaraju zapisu `rm-gv-300-ghd-thinner`.,"obrezan samo providni rub + 4 % odstojanja, alfa i senka očuvane; skalirano LANCZOS na ≤ 1600 px; WebP q90; sRGB profil zadržan; sadržaj proizvoda nije menjan",d22ea4abd0a9a431ca05b4855be2a5d76bb6936445ab7d545e0ccd424a47e27e
rm,rm-gv-400-ghd-thinner,/proizvodi/rm-gv-400-ghd-thinner,public/products/rm/supplied/rm__rm-gv-400-ghd-thinner.webp,872x1600,https://brand.surventiscoatings.com/hub/51 (asset 36373: 54776707_RM60B2_4_54776707_20231010143807_composite),https://brand.surventiscoatings.com/hub/51,SUPPLIER_BRAND_PORTAL,OWNER_CONFIRMED,DA,placeholder,Etiketa na originalu (ručno pročitano): GHD THINNER · GV 400. Šifra i naziv odgovaraju zapisu `rm-gv-400-ghd-thinner`.,"obrezan samo providni rub + 4 % odstojanja, alfa i senka očuvane; skalirano LANCZOS na ≤ 1600 px; WebP q90; sRGB profil zadržan; sadržaj proizvoda nije menjan",35b0190a0fa122b2061e49473f17c42e0c0aa56cf3be91693e8d10f5ebed67ad
rm,rm-h-750-ghd-hardener,/proizvodi/rm-h-750-ghd-hardener,public/products/rm/supplied/rm__rm-h-750-ghd-hardener.webp,872x1600,https://brand.surventiscoatings.com/hub/51 (asset 36370: 50451565_RM70B2_2_50451565_20231010143824_composite),https://brand.surventiscoatings.com/hub/51,SUPPLIER_BRAND_PORTAL,OWNER_CONFIRMED,DA,placeholder,Etiketa na originalu (ručno pročitano): GHD HARDENER · H 750. Šifra i naziv odgovaraju zapisu `rm-h-750-ghd-hardener`.,"obrezan samo providni rub + 4 % odstojanja, alfa i senka očuvane; skalirano LANCZOS na ≤ 1600 px; WebP q90; sRGB profil zadržan; sadržaj proizvoda nije menjan",977cf969d7cf3c538cf35fa57d0f496aca72f55d7c76a4814848365e5282aef9
rm,rm-h-770-ghd-hardener,/proizvodi/rm-h-770-ghd-hardener,public/products/rm/supplied/rm__rm-h-770-ghd-hardener.webp,872x1600,https://brand.surventiscoatings.com/hub/51 (asset 36371: 50451562_RM70B2_2_50451562_20231010143829_composite),https://brand.surventiscoatings.com/hub/51,SUPPLIER_BRAND_PORTAL,OWNER_CONFIRMED,DA,placeholder,Etiketa na originalu (ručno pročitano): GHD HARDENER · H 770. Šifra i naziv odgovaraju zapisu `rm-h-770-ghd-hardener`.,"obrezan samo providni rub + 4 % odstojanja, alfa i senka očuvane; skalirano LANCZOS na ≤ 1600 px; WebP q90; sRGB profil zadržan; sadržaj proizvoda nije menjan",2f3348e1d1ccf4361b48d5b7f3aa9e363c4ed035089d43477f2574976de9bb3c
rm,rm-onyx-hd,/proizvodi/rm-onyx-hd,public/products/rm/supplied/rm__rm-onyx-hd.webp,1259x1600,https://brand.surventiscoatings.com/hub/51 (asset 30819: R-M_1L_ONYX HD),https://brand.surventiscoatings.com/hub/51,SUPPLIER_BRAND_PORTAL,OWNER_CONFIRMED,DA,zamenjuje sliku komponente HB 002 (rm-hb-002-onyx-hd.webp) na kartici sistema,Etiketa na originalu (ručno pročitano): ONYX HD — generička sistemska limenka bez šifre nijanse (isti princip kao odobreni UNO HD 30820); zamenjuje kanister komponente HB 002 koji je pogrešno predstavljao ceo sistem. Šifra i naziv odgovaraju zapisu `rm-onyx-hd`.,"obrezan samo providni rub + 4 % odstojanja, alfa i senka očuvane; skalirano LANCZOS na ≤ 1600 px; WebP q90; sRGB profil zadržan; sadržaj proizvoda nije menjan",49ef5ee66dfdb5213671bebd43807f8ddc5f3f8e6a0f866f93a364119d4c4117
