image_id,slug,main_article,product_page_url,current_image_url,filename_article_matches,http_status,note,old_official_image_url
sata__sata-1-0-l-aluminium-pressure-pot-max-pressure-10-bar-hrs,sata-1-0-l-aluminium-pressure-pot-max-pressure-10-bar-hrs,41806,https://www.sata.com/en/1.0-l-aluminium-pressure-pot-max.-pressure-10-bar-150-psi-cpl.-with-threaded-ring-for-sata-hrs/41806,https://www.sata.com/media/9c/ac/ce/1790259130/41806_MAIN.WEBP.WEBP,yes,200,own MAIN image on article page,https://www.sata.com/media/48/37/a5/1788164909/41806_MAIN.WEBP.WEBP
sata__sata-adam-2,sata-adam-2,160689,https://www.sata.com/en/sata-adam-2-display-bar/160689,https://www.sata.com/media/14/86/1b/1790259072/160689_MAIN.WEBP.WEBP,yes,200,own MAIN image on article page,https://www.sata.com/media/c4/67/99/1788164856/160689_MAIN.WEBP.WEBP
sata__sata-adam-x,sata-adam-x,1201996,https://www.sata.com/en/digital-pressure-measuring-device-adam-x-for-retrofitting-a-jet-x-paint-spray-gun-except-basic-for-precise-pressure-adjustment-and-reproducible-painting-results/1201996,https://www.sata.com/media/55/fe/29/1790259017/1201996_MAIN.WEBP.WEBP,yes,200,own MAIN image on article page; +5 extra 1201996_PTxx view(s),https://www.sata.com/media/bb/cf/c5/1788164806/1201996_MAIN.WEBP.WEBP
sata__sata-adam-x-pro,sata-adam-x-pro,1202001,https://www.sata.com/en/adam-x-pro-digital-pressure-measuring-device-for-retrofitting-a-jet-x-paint-spray-gun-except-basic-for-precise-pressure-adjustment-and-reproducible-painting-results-including-online-access-to-detailed-painting-parameters/1202001,https://www.sata.com/media/4f/03/30/1790259017/1202001_MAIN.WEBP.WEBP,yes,200,own MAIN image on article page; +5 extra 1202001_PTxx view(s),https://www.sata.com/media/42/6e/f6/1788164805/1202001_MAIN.WEBP.WEBP
sata__sata-air-cap-protector,sata-air-cap-protector,1054006,https://www.sata.com/en/air-cap-protector-black-packing-unit-5-pieces-for-jet-x-satajet-3000-4000-5000-series/1054006,https://www.sata.com/media/7e/28/9e/1790259127/1054006_MAIN.WEBP.WEBP,yes,200,own MAIN image on article page,https://www.sata.com/media/c0/a0/e0/1788164905/1054006_MAIN.WEBP.WEBP
sata__sata-air-cap-protector-uv,sata-air-cap-protector-uv,1040807,https://www.sata.com/en/air-cap-protector-uv-black-packing-unit-5-pieces-for-satajet-100-and-1000-series/1040807,https://www.sata.com/media/62/77/57/1790259127/1040807_MAIN.WEBP.WEBP,yes,200,own MAIN image on article page,https://www.sata.com/media/3e/b8/e0/1788164905/1040807_MAIN.WEBP.WEBP
sata__sata-air-check-set-compressed-air-quality-control-device,sata-air-check-set-compressed-air-quality-control-device,7096,https://www.sata.com/en/sata-air-check-set-compressed-air-quality-control-device-for-optimum-spray-air/7096,https://www.sata.com/media/f7/29/0f/1790259129/7096_MAIN.WEBP.WEBP,yes,200,own MAIN image on article page,https://www.sata.com/media/7d/2a/64/1788164908/7096_MAIN.WEBP.WEBP
sata__sata-air-hose,sata-air-hose,4754,https://www.sata.com/en/sata-air-hose-6-mm-10-m-long-with-quick-coupling-and-nipple/4754,https://www.sata.com/media/a9/fa/d4/1790259131/9902_MAIN.WEBP.WEBP,no,200,no image for main article 4754; image only for sibling article(s) 9902 13870 37655 50252 50591 50641 51300 53090 189068 195420 (URL shown = 9902),https://www.sata.com/media/2f/b2/77/1788164910/9902_MAIN.WEBP.WEBP
sata__sata-air-hose-din-8541-max-20-bar,sata-air-hose-din-8541-max-20-bar,27300,https://www.sata.com/en/sata-air-hose-blue-9-x-3-5-mm-din-8541-max.-20-bar-50-m-per-roll/27300,https://www.sata.com/media/b0/7f/23/1790259131/27300_MAIN.WEBP.WEBP,yes,200,own MAIN image on article page,https://www.sata.com/media/15/32/78/1788164910/27300_MAIN.WEBP.WEBP
sata__sata-air-hose-g-1-4,sata-air-hose-g-1-4,16063,https://www.sata.com/en/air-hose-500-mm-g-1-4/16063,,no,,article page exists but no product image published for 16063,
sata__sata-air-hose-one-connection-included-clean-rcs,sata-air-hose-one-connection-included-clean-rcs,146514,https://www.sata.com/en/sata-air-hose-blue-13-mm-0.5-m-g-1-2-female-thread-one-connection-included-for-sata-clean-rcs/146514,https://www.sata.com/media/7c/24/fd/1790259131/146514_MAIN.WEBP.WEBP,yes,200,own MAIN image on article page,https://www.sata.com/media/e3/fb/f3/1788164910/146514_MAIN.WEBP.WEBP
sata__sata-air-tester-atomisation-air-quick-tester,sata-air-tester-atomisation-air-quick-tester,156299,https://www.sata.com/en/sata-air-tester-atomisation-air-quick-tester/156299,https://www.sata.com/media/69/85/16/1790259129/156299_MAIN.WEBP.WEBP,yes,200,own MAIN image on article page; +1 extra 156299_PTxx view(s),https://www.sata.com/media/3e/0f/bc/1788164908/156299_MAIN.WEBP.WEBP
sata__sata-airless-paint-hose,sata-airless-paint-hose,19943,https://www.sata.com/en/sata-airless-paint-hose-5-m-4-mm-inside-dia./19943,https://www.sata.com/media/dc/7b/81/1790259131/19943_MAIN.WEBP.WEBP,yes,200,own MAIN image on article page,https://www.sata.com/media/93/6c/72/1788164910/19943_MAIN.WEBP.WEBP
sata__sata-ball-tap-teflon,sata-ball-tap-teflon,7989,https://www.sata.com/en/ball-tap-teflon-g-3-8-female-thread/7989,https://www.sata.com/media/ae/33/a6/1790259132/7989_MAIN.WEBP.WEBP,yes,200,own MAIN image on article page,https://www.sata.com/media/bd/e6/80/1788164911/7989_MAIN.WEBP.WEBP
sata__sata-ball-tap-teflon-with-bilateral-thread-female-hose,sata-ball-tap-teflon-with-bilateral-thread-female-hose,1171751,https://www.sata.com/en/ball-tap-teflon-with-bilateral-thread-g-3-8-female-9-mm-hose-spout/1171751,,no,,article page exists but no product image published for 1171751,
sata__sata-care-set-spray-gun-care-bag-containing-1-large,sata-care-set-spray-gun-care-bag-containing-1-large,162628,https://www.sata.com/en/sata-care-set-spray-gun-care-bag-containing-1-large-cleaning-brush-5-medium-sized-cleaning-brushes-5-double-sided-cleaning-brushes-12-nozzle-cleaning-needles-1-tube-high-performance-grease-silicone-and-acid-free-100-g/162628,https://www.sata.com/media/00/09/2f/1790259134/162628_MAIN.WEBP.WEBP,yes,200,own MAIN image on article page,https://www.sata.com/media/1d/39/8e/1788164913/162628_MAIN.WEBP.WEBP
sata__sata-cert-with-archive-spray-pattern-block-single-sheet,sata-cert-with-archive-spray-pattern-block-single-sheet,161596,https://www.sata.com/en/sata-cert-with-archive-spray-pattern-block-single-sheet-holder-and-distance-marker/161596,https://www.sata.com/media/e2/1e/ff/1790259135/161596_MAIN.WEBP.WEBP,yes,200,own MAIN image on article page,https://www.sata.com/media/72/e2/0c/1788164914/161596_MAIN.WEBP.WEBP
sata__sata-clean-rcs,sata-clean-rcs,145581,https://www.sata.com/en/sata-clean-rcs-the-turbo-cleaner/145581,https://www.sata.com/media/34/57/25/1790259016/145581_MAIN.WEBP.WEBP,yes,200,own MAIN image on article page,https://www.sata.com/media/22/ac/44/1788164804/145581_MAIN.WEBP.WEBP
sata__sata-cleaning-brush,sata-cleaning-brush,18648,https://www.sata.com/en/cleaning-brush-for-sata-multi-clean-2/18648,https://www.sata.com/media/72/d3/94/1790259134/18648_MAIN.WEBP.WEBP,yes,200,own MAIN image on article page,https://www.sata.com/media/d6/ff/2a/1788164914/18648_MAIN.WEBP.WEBP
sata__sata-cleaning-brush-double-sided-for-spray-guns,sata-cleaning-brush-double-sided-for-spray-guns,9209,https://www.sata.com/en/cleaning-brush-double-sided-pack-of-10-pieces-for-spray-guns/9209,https://www.sata.com/media/e1/60/a2/1790259134/9209_MAIN.WEBP.WEBP,yes,200,own MAIN image on article page,https://www.sata.com/media/16/ce/ce/1788164913/9209_MAIN.WEBP.WEBP
sata__sata-cleaning-brush-double-sided-silicone-free,sata-cleaning-brush-double-sided-silicone-free,64220,https://www.sata.com/en/cleaning-brush-double-sided-silicone-free/64220,,no,,article page exists but no product image published for 64220,
sata__sata-cleaning-brush-for-spray-guns,sata-cleaning-brush-for-spray-guns,6007,https://www.sata.com/en/cleaning-brush-packing-unit-10-pieces-for-spray-guns/6007,https://www.sata.com/media/14/15/e4/1790259134/6007_MAIN.WEBP.WEBP,yes,200,own MAIN image on article page,https://www.sata.com/media/ca/8b/40/1788164913/6007_MAIN.WEBP.WEBP
sata__sata-cleaning-brush-large-for-spray-guns,sata-cleaning-brush-large-for-spray-guns,158840,https://www.sata.com/en/cleaning-brush-large-packing-unit-5-pieces-for-spray-guns/158840,https://www.sata.com/media/2c/cd/4a/1790259134/158840_MAIN.WEBP.WEBP,yes,200,own MAIN image on article page; +1 extra 158840_PTxx view(s),https://www.sata.com/media/e4/b5/40/1788164914/158840_MAIN.WEBP.WEBP
sata__sata-cleaning-kit-with-2-cleaning-brushes-medium-and-12,sata-cleaning-kit-with-2-cleaning-brushes-medium-and-12,64030,https://www.sata.com/en/sata-cleaning-kit-with-2-cleaning-brushes-medium-and-12-nozzle-cleaning-needles/64030,https://www.sata.com/media/bd/d9/6b/1790259135/64030_MAIN.WEBP.WEBP,yes,200,own MAIN image on article page,https://www.sata.com/media/89/ce/1f/1788164914/64030_MAIN.WEBP.WEBP
sata__sata-compressed-air-driven-hand-agitator,sata-compressed-air-driven-hand-agitator,16477,https://www.sata.com/en/sata-compressed-air-driven-hand-agitator/16477,https://www.sata.com/media/b1/30/93/1790259135/16477_MAIN.WEBP.WEBP,yes,200,own MAIN image on article page,https://www.sata.com/media/39/19/60/1788164914/16477_MAIN.WEBP.WEBP
sata__sata-conversion-kit-external-cleaning-agent-suction-and-clean-rcs,sata-conversion-kit-external-cleaning-agent-suction-and-clean-rcs,189472,https://www.sata.com/en/conversion-kit-external-cleaning-agent-suction-and-recirculation-for-sata-clean-rcs-compact-micro/189472,https://www.sata.com/media/fc/e7/ee/1790259130/189472_MAIN.WEBP.WEBP,yes,200,own MAIN image on article page,https://www.sata.com/media/6b/4f/21/1788164909/189472_MAIN.WEBP.WEBP
sata__sata-coupling-nipple,sata-coupling-nipple,32615,https://www.sata.com/en/coupling-nipple-packing-unit-3-pieces-for-satagraph-1-2-3-4/32615,https://www.sata.com/media/21/82/03/1790259132/32615_MAIN.WEBP.WEBP,yes,200,own MAIN image on article page,https://www.sata.com/media/45/ca/ff/1788164911/32615_MAIN.WEBP.WEBP
sata__sata-coupling-with,sata-coupling-with,53793,https://www.sata.com/en/coupling-with-g-1-8-female-thread-for-sata-bvd-and-spray-master/53793,https://www.sata.com/media/1a/18/c8/1790259133/53793_MAIN.WEBP.WEBP,yes,200,own MAIN image on article page,https://www.sata.com/media/42/0a/e2/1788164912/53793_MAIN.WEBP.WEBP
sata__sata-cup-adapter-qcc-minijet-4-laminated,sata-cup-adapter-qcc-minijet-4-laminated,129346,https://www.sata.com/en/cup-adapter-qcc-minijet-4-laminated/129346,https://www.sata.com/media/d3/a0/89/1790259129/129346_MAIN.WEBP.WEBP,yes,200,own MAIN image on article page,https://www.sata.com/media/b4/24/ab/1788164908/129346_MAIN.WEBP.WEBP
sata__sata-distance-marker,sata-distance-marker,161661,https://www.sata.com/en/distance-marker-for-sata-cert/161661,https://www.sata.com/media/f6/3f/55/1790259135/161661_MAIN.WEBP.WEBP,yes,200,own MAIN image on article page,https://www.sata.com/media/17/13/c0/1788164914/161661_MAIN.WEBP.WEBP
sata__sata-door-wand-steel,sata-door-wand-steel,16071,https://www.sata.com/en/door-wand-steel-1100-mm-long-oe-8-mm-with-rotary-nozzle-3600-and-spraying-forward/16071,https://www.sata.com/media/70/af/8a/1790259130/16071_MAIN.WEBP.WEBP,yes,200,own MAIN image on article page,https://www.sata.com/media/16/ff/b1/1788164909/16071_MAIN.WEBP.WEBP
sata__sata-door-wand-steel-with-flexible-guideway-hose,sata-door-wand-steel-with-flexible-guideway-hose,196832,https://www.sata.com/en/door-wand-steel-150-mm-work-length-oe-8-mm-with-rotary-nozzle-3600-rotary-fan-and-spraying-forward-with-flexible-guideway-hose-1000-mm/196832,https://www.sata.com/media/d0/9b/cc/1790259130/196832_MAIN.WEBP.WEBP,yes,200,own MAIN image on article page,https://www.sata.com/media/1e/4d/62/1788164909/196832_MAIN.WEBP.WEBP
sata__sata-dosenboy-to-cut-out-can-lids-from-cans-up-to-height,sata-dosenboy-to-cut-out-can-lids-from-cans-up-to-height,59675,https://www.sata.com/en/sata-dosenboy-to-cut-out-can-lids-from-cans-up-to-36-cm-height/59675,https://www.sata.com/media/8f/5c/85/1790259135/59675_MAIN.WEBP.WEBP,yes,200,own MAIN image on article page,https://www.sata.com/media/34/0a/75/1788164914/59675_MAIN.WEBP.WEBP
sata__sata-double-pipe-suction-unit-with-quick-coupling,sata-double-pipe-suction-unit-with-quick-coupling,45864,https://www.sata.com/en/double-pipe-suction-unit-with-quick-coupling-for-spray-gun-washing-machine-sata-multi-clean/45864,https://www.sata.com/media/4b/fc/1f/1790259133/45864_MAIN.WEBP.WEBP,yes,200,own MAIN image on article page,https://www.sata.com/media/e1/70/86/1788164912/45864_MAIN.WEBP.WEBP
sata__sata-dry-jet-2,sata-dry-jet-2,86165,https://www.sata.com/en/conversion-kit-for-sata-dry-jet-adjustable-version/86165,https://www.sata.com/media/82/a6/3e/1790259071/86165_MAIN.WEBP.WEBP,yes,200,own MAIN image on article page,https://www.sata.com/media/a7/2c/48/1788164854/86165_MAIN.WEBP.WEBP
sata__sata-dry-jet-stativ,sata-dry-jet-stativ,82198,https://www.sata.com/en/stand-for-sata-dry-jet-without-blow-guns/82198,https://www.sata.com/media/b3/22/bc/1790259071/82198_MAIN.WEBP.WEBP,yes,200,own MAIN image on article page,https://www.sata.com/media/b2/c8/de/1788164854/82198_MAIN.WEBP.WEBP
sata__sata-extension-with-jet-1000-b,sata-extension-with-jet-1000-b,154211,https://www.sata.com/en/extension-with-standard-nozzle-00-20-cm-with-nozzle-set-1.6-rp-for-satajet-1000-b-rp/154211,https://www.sata.com/media/d7/af/67/1790259127/154211_MAIN.WEBP.WEBP,yes,200,own MAIN image on article page,https://www.sata.com/media/fc/83/c4/1788164906/154211_MAIN.WEBP.WEBP
sata__sata-extension-with-jet-1000-k,sata-extension-with-jet-1000-k,154435,https://www.sata.com/en/extension-with-standard-nozzle-00-20-cm-with-nozzle-set-1.5-rp-for-satajet-1000-k-rp/154435,https://www.sata.com/media/96/4d/f7/1790259128/154435_MAIN.WEBP.WEBP,yes,200,own MAIN image on article page,https://www.sata.com/media/a4/ca/d2/1788164906/154435_MAIN.WEBP.WEBP
sata__sata-fibre-air-hose-with-mini-quick-coupling,sata-fibre-air-hose-with-mini-quick-coupling,134791,https://www.sata.com/en/sata-fibre-air-hose-2.5-m-long-with-g-1-4-female-thread-mini-quick-coupling-for-satagraph-1-2-3-jet-20-b/134791,https://www.sata.com/media/52/27/e5/1790259131/134791_MAIN.WEBP.WEBP,yes,200,own MAIN image on article page,https://www.sata.com/media/91/15/e8/1788164910/134791_MAIN.WEBP.WEBP
sata__sata-flexible-quick-coupling-nipple,sata-flexible-quick-coupling-nipple,99895,https://www.sata.com/en/flexible-quick-coupling-nipple-g-1-4-female-thread/99895,https://www.sata.com/media/0d/46/82/1790259133/99895_MAIN.WEBP.WEBP,yes,200,own MAIN image on article page,https://www.sata.com/media/e7/91/a0/1788164912/99895_MAIN.WEBP.WEBP
sata__sata-foam-inlay-with-pinched-inlay-truesun,sata-foam-inlay-with-pinched-inlay-truesun,1013151,https://www.sata.com/en/foam-inlay-with-pinched-inlay-for-storage-case-sata-truesun/1013151,https://www.sata.com/media/00/ef/26/1790259135/1013151_MAIN.WEBP.WEBP,yes,200,own MAIN image on article page,https://www.sata.com/media/e9/68/e9/1788164914/1013151_MAIN.WEBP.WEBP
sata__sata-free-passage-type-quick-coupling-hrs,sata-free-passage-type-quick-coupling-hrs,8359,https://www.sata.com/en/free-passage-type-quick-coupling-for-hkd1-lm-kk-hrs-connection-i/8359,https://www.sata.com/media/e8/51/23/1790259134/8359_MAIN.WEBP.WEBP,yes,200,own MAIN image on article page,https://www.sata.com/media/82/96/db/1788164913/8359_MAIN.WEBP.WEBP
sata__sata-gravity-gun-holder,sata-gravity-gun-holder,9886,https://www.sata.com/en/sata-gravity-gun-holder-for-gravity-cup-spray-guns/9886,https://www.sata.com/media/cd/3c/3c/1790259127/9886_MAIN.WEBP.WEBP,yes,200,own MAIN image on article page,https://www.sata.com/media/07/d5/c6/1788164905/9886_MAIN.WEBP.WEBP
sata__sata-ground-plate-rps-the-original,sata-ground-plate-rps-the-original,197723,https://www.sata.com/en/ground-plate-for-sata-rps-rotafloor-adapter-kit-important-always-order-with-196550-and-195784/197723,https://www.sata.com/media/5d/6f/b3/1790259129/197723_MAIN.WEBP.WEBP,yes,200,own MAIN image on article page,https://www.sata.com/media/b7/56/1d/1788164908/197723_MAIN.WEBP.WEBP
sata__sata-high-performance-grease-silicone-and-acid-free-100,sata-high-performance-grease-silicone-and-acid-free-100,48173,https://www.sata.com/en/sata-high-performance-grease-silicone-and-acid-free-100-ml-for-spray-guns/48173,https://www.sata.com/media/08/0f/ac/1790259135/48173_MAIN.WEBP.WEBP,yes,200,own MAIN image on article page,https://www.sata.com/media/8c/e6/86/1788164914/48173_MAIN.WEBP.WEBP
sata__sata-hku,sata-hku,14555,https://www.sata.com/en/sata-hku-60-l-barrel-pump-unit-cpl.-consisting-of-piston-pump-1-3-with-spray-mix-hose-pair-10-m-satajet-1000-kk-spray-gun-nylon-door-and-hook-wand/14555,https://www.sata.com/media/8d/91/38/1790259017/14555_MAIN.WEBP.WEBP,yes,200,own MAIN image on article page,https://www.sata.com/media/3a/a4/8c/1788164805/14555_MAIN.WEBP.WEBP
sata__sata-hook-wand-connection-ii,sata-hook-wand-connection-ii,54460,https://www.sata.com/en/hook-wand-connection-ii/54460,https://www.sata.com/media/e2/d2/29/1790259130/54460_MAIN.WEBP.WEBP,yes,200,own MAIN image on article page,https://www.sata.com/media/23/95/68/1788164909/54460_MAIN.WEBP.WEBP
sata__sata-hose-clean-rcs,sata-hose-clean-rcs,147025,https://www.sata.com/en/hose-packing-unit-2-pieces-for-sata-clean-rcs/147025,,no,,article page exists but no product image published for 147025,
sata__sata-hose-pair-mini-set-2,sata-hose-pair-mini-set-2,19869,https://www.sata.com/en/sata-hose-pair-9-x-9-mm-1.5-m-g-3-8-and-g-1-4-material-g-1-4-air-female-thread-for-sata-mini-set-2/19869,https://www.sata.com/media/79/6f/5e/1790259132/19869_MAIN.WEBP.WEBP,yes,200,own MAIN image on article page,https://www.sata.com/media/c3/86/16/1788164911/19869_MAIN.WEBP.WEBP
sata__sata-hose-pair-vario-top-spray,sata-hose-pair-vario-top-spray,77834,https://www.sata.com/en/sata-hose-pair-9x9mm-6m-with-covering-fabric-netting-g3-8-and-g1-2-mat.-stainless-steel-g1-4-air-female-sata-fdg-vario-top-spray/77834,https://www.sata.com/media/79/44/3a/1790259132/77834_MAIN.WEBP.WEBP,yes,200,own MAIN image on article page,https://www.sata.com/media/a2/5f/e3/1788164911/77834_MAIN.WEBP.WEBP
sata__sata-hrs,sata-hrs,9795,https://www.sata.com/en/sata-hrs-pressurised-cup-gun-with-1.0-l-cup-max.-10-bar-without-material-flow-control-flexible-nylon-and-hook-wand-16113-and-16139-as-well-as-fix-door-wand-16071/9795,https://www.sata.com/media/e1/90/83/1790259070/9795_MAIN.WEBP.WEBP,yes,200,own MAIN image on article page,https://www.sata.com/media/67/f6/e1/1788164854/9795_MAIN.WEBP.WEBP
sata__sata-hrs-e,sata-hrs-e,77347,https://www.sata.com/en/sata-hrs-e-with-1.5-l-pressurized-cup-max.-10-bar-with-material-flow-control-without-wands/77347,https://www.sata.com/media/63/47/80/1790259070/77347_MAIN.WEBP.WEBP,yes,200,own MAIN image on article page,https://www.sata.com/media/41/c5/3c/1788164853/77347_MAIN.WEBP.WEBP
sata__sata-insert,sata-insert,134932,https://www.sata.com/en/insert-for-spray-gun-holder-with-strainer-holder-for-sataminijet/134932,https://www.sata.com/media/42/2b/2d/1790259127/134932_MAIN.WEBP.WEBP,yes,200,own MAIN image on article page,https://www.sata.com/media/24/24/76/1788164906/134932_MAIN.WEBP.WEBP
sata__sata-insertion-drawer,sata-insertion-drawer,67942,https://www.sata.com/en/insertion-drawer-for-wet-holding-tray-sata-clean/67942,https://www.sata.com/media/f6/ac/8b/1790259127/67942_MAIN.WEBP.WEBP,yes,200,own MAIN image on article page,https://www.sata.com/media/51/7e/12/1788164906/67942_MAIN.WEBP.WEBP
sata__sata-intermediate-piece-and-for-material-connection,sata-intermediate-piece-and-for-material-connection,191551,https://www.sata.com/en/intermediate-piece-g-1-4-female-thread-and-3-8-male-thread-for-material-connection/191551,https://www.sata.com/media/3c/45/84/1790259129/191551_MAIN.WEBP.WEBP,yes,200,own MAIN image on article page,https://www.sata.com/media/f7/ee/ff/1788164908/191551_MAIN.WEBP.WEBP
sata__sata-jet-k,sata-jet-k,1238840,https://www.sata.com/en/the-new-premium-spray-gun-for-large-area-applications-jet-k-rp-1.0-suitable-for-water-and-solvent-based-paint-systems/1238840,https://www.sata.com/media/32/ef/8f/1790259057/1238840_MAIN.WEBP.WEBP,yes,200,own MAIN image on article page; +2 extra 1238840_PTxx view(s),https://www.sata.com/media/ea/87/17/1788164842/1238840_MAIN.WEBP.WEBP
sata__sata-jet-x,sata-jet-x,1200013,https://www.sata.com/en/premium-spray-gun-for-automotive-refinish-jet-x-hvlp-1.1-i-control-nozzle-basic-suitable-for-water-and-solvent-based-basecoats-as-well-as-1k-2k-topcoat-systems/1200013,https://www.sata.com/media/67/e6/1e/1790259035/1200013_MAIN.WEBP.WEBP,yes,200,own MAIN image on article page; +3 extra 1200013_PTxx view(s),https://www.sata.com/media/c6/99/72/1788164823/1200013_MAIN.WEBP.WEBP
sata__sata-jet-x-basecoat-edition,sata-jet-x-basecoat-edition,1267021,https://www.sata.com/en/premium-spray-gun-for-automotive-refinish-jet-x-hvlp-1-1-i-control-digital-ready-basecoat-edition-suitable-for-water-and-solvent-based-coating-systems/1267021,https://www.sata.com/media/0d/9b/2e/1790259021/1267021_MAIN.WEBP.WEBP,yes,200,own MAIN image on article page; +3 extra 1267021_PTxx view(s),https://www.sata.com/media/96/a9/39/1788164809/1267021_MAIN.WEBP.WEBP
sata__sata-jet-x-by-stilbruch-edition,sata-jet-x-by-stilbruch-edition,1266528,https://www.sata.com/en/premium-spray-gun-for-automotive-refinish-jet-x-rp-10x40-by-stilbruch-digital-ready-suitable-for-water-and-solvent-based-coating-systems/1266528,https://www.sata.com/media/6e/6d/3f/1790259025/1266528_MAIN.WEBP.WEBP,yes,200,own MAIN image on article page; +2 extra 1266528_PTxx view(s),https://www.sata.com/media/f5/49/4d/1788164812/1266528_MAIN.WEBP.WEBP
sata__sata-jet-x-clearcoat-edition,sata-jet-x-clearcoat-edition,1266891,https://www.sata.com/en/premium-spray-gun-for-automotive-refinish-jet-x-rp-10x40-digital-ready-clearcoat-edition-suitable-for-water-and-solvent-based-coating-systems/1266891,https://www.sata.com/media/5d/4d/96/1790259020/1266891_MAIN.WEBP.WEBP,yes,200,own MAIN image on article page; +3 extra 1266891_PTxx view(s),https://www.sata.com/media/75/da/14/1788164808/1266891_MAIN.WEBP.WEBP
sata__sata-lackierpistolenkoffer,sata-lackierpistolenkoffer,1172,https://www.sata.com/en/aluminium-tool-case-450x325x150-mm-foam-insert-not-included/1172,https://www.sata.com/media/81/12/12/1790259128/153288_MAIN.WEBP.WEBP,no,200,no image for main article 1172; image only for sibling article(s) 153288 1222851 1230078 1231365 1231381 1231886 (URL shown = 153288),https://www.sata.com/media/9e/d5/54/1788164907/153288_MAIN.WEBP.WEBP
sata__sata-lcs-the-liner,sata-lcs-the-liner,1195818,https://www.sata.com/en/multi-purpose-cup-system-lcs-0.40-l-125-m-flat-sieve-qcc-vpe-50-pieces-for-mixing-spraying-reusing-and-storing-water-and-solvent-based-coating-systems/1195818,https://www.sata.com/media/04/ea/31/1790259064/1195818_MAIN.WEBP.WEBP,yes,200,own MAIN image on article page; +3 extra 1195818_PTxx view(s),https://www.sata.com/media/37/0e/2b/1788164848/1195818_MAIN.WEBP.WEBP
sata__sata-luftmikrometer,sata-luftmikrometer,9860,https://www.sata.com/en/sata-air-micrometer-0-845-1-4-male-thread-and-g-1-4-female-thread/9860,https://www.sata.com/media/2a/68/bf/1790259016/27771_MAIN.WEBP.WEBP,no,200,no image for main article 9860; image only for sibling article(s) 27771 48934 (URL shown = 27771),https://www.sata.com/media/3d/0a/c5/1788164805/27771_MAIN.WEBP.WEBP
sata__sata-manometer,sata-manometer,4002,https://www.sata.com/en/spray-pressure-control-unit/4002,https://www.sata.com/media/21/b5/2a/1790259016/4002_MAIN.WEBP.WEBP,yes,200,own MAIN image on article page,https://www.sata.com/media/72/5a/fb/1788164805/4002_MAIN.WEBP.WEBP
sata__sata-material-coupling-with-plug-in-nipple,sata-material-coupling-with-plug-in-nipple,91140,https://www.sata.com/en/sata-material-coupling-3-8-male-thread-with-plug-in-nipple-g-3-8-female-thread-for-sata-pressure-fed-spray-guns/91140,https://www.sata.com/media/f3/41/59/1790259133/91140_MAIN.WEBP.WEBP,yes,200,own MAIN image on article page,https://www.sata.com/media/88/6b/9f/1788164912/91140_MAIN.WEBP.WEBP
sata__sata-material-hose,sata-material-hose,49155,https://www.sata.com/en/sata-material-hose-9-mm-6-m/49155,https://www.sata.com/media/b4/94/32/1790259131/49999_MAIN.WEBP.WEBP,no,200,no image for main article 49155; image only for sibling article(s) 49999 50161 (URL shown = 49999),https://www.sata.com/media/40/8e/2b/1788164910/49999_MAIN.WEBP.WEBP
sata__sata-material-hose-solvent-resistant,sata-material-hose-solvent-resistant,54114,https://www.sata.com/en/material-hose-9x3.5-mm-solvent-resistant-50-m-on-rolls-price-net-per-meter/54114,https://www.sata.com/media/3b/0f/ba/1790259132/54114_MAIN.WEBP.WEBP,yes,200,own MAIN image on article page,https://www.sata.com/media/66/d4/4a/1788164910/54114_MAIN.WEBP.WEBP
sata__sata-material-pressure-tank-10,sata-material-pressure-tank-10,1182740,https://www.sata.com/en/sata-material-pressure-tank-10-single-pressure-reducer-with-liner/1182740,https://www.sata.com/media/e1/18/2a/1790259018/1182740_MAIN.WEBP.WEBP,yes,200,own MAIN image on article page; +1 extra 1182740_PTxx view(s),https://www.sata.com/media/c6/9f/a5/1788164806/1182740_MAIN.WEBP.WEBP
sata__sata-material-pressure-tank-22,sata-material-pressure-tank-22,1182914,https://www.sata.com/en/sata-material-pressure-tank-22-single-pressure-reducer/1182914,https://www.sata.com/media/cd/27/4f/1790259073/1182914_MAIN.WEBP.WEBP,yes,200,own MAIN image on article page; +1 extra 1182914_PTxx view(s),https://www.sata.com/media/a1/ae/75/1788164857/1182914_MAIN.WEBP.WEBP
sata__sata-material-pressure-tank-45,sata-material-pressure-tank-45,1182998,https://www.sata.com/en/sata-material-pressure-tank-45-single-pressure-reducer/1182998,https://www.sata.com/media/11/a7/cc/1790259073/1182998_MAIN.WEBP.WEBP,yes,200,own MAIN image on article page; +1 extra 1182998_PTxx view(s),https://www.sata.com/media/6a/3f/37/1788164857/1182998_MAIN.WEBP.WEBP
sata__sata-mini-set-2,sata-mini-set-2,21733,https://www.sata.com/en/sata-mini-set-2-2-l-pressure-pot-version-m-s-sommer/21733,https://www.sata.com/media/16/59/01/1790259073/56408_MAIN.WEBP.WEBP,no,200,no image for main article 21733; image only for sibling article(s) 56408 57232 83444 120840 (URL shown = 56408),https://www.sata.com/media/34/d8/3e/1788164857/56408_MAIN.WEBP.WEBP
sata__sata-multi-clean-2,sata-multi-clean-2,38257,https://www.sata.com/en/sata-multi-clean-2-spray-gun-washing-machine-with-exhaust-2-fluid-containers-trolley-spare-filter-mat-quick-coupling-nipple-for-air-connection/38257,https://www.sata.com/media/e6/fb/64/1790259016/38257_MAIN.WEBP.WEBP,yes,200,own MAIN image on article page,https://www.sata.com/media/53/6f/7f/1788164805/38257_MAIN.WEBP.WEBP
sata__sata-nipple,sata-nipple,13508,https://www.sata.com/en/nipple-3-8-male-thread-for-sata-quick-coupling/13508,https://www.sata.com/media/dd/52/4f/1790259133/13508_MAIN.WEBP.WEBP,yes,200,own MAIN image on article page,https://www.sata.com/media/cd/8e/89/1788164911/13508_MAIN.WEBP.WEBP
sata__sata-nipple-with-swivel-nut,sata-nipple-with-swivel-nut,91108,https://www.sata.com/en/nipple-with-swivel-nut-for-material-coupling/91108,https://www.sata.com/media/57/d5/7e/1790259133/91108_MAIN.WEBP.WEBP,yes,200,own MAIN image on article page,https://www.sata.com/media/c7/42/53/1788164912/91108_MAIN.WEBP.WEBP
sata__sata-nozzle-cleaning-kit-includes-sealing-insert-and-cap-jet-3000-k-spray-mix,sata-nozzle-cleaning-kit-includes-sealing-insert-and-cap-jet-3000-k-spray-mix,30833,https://www.sata.com/en/sata-nozzle-cleaning-kit-includes-sealing-insert-and-cap-for-satajet-3000-k-spray-mix/30833,https://www.sata.com/media/1e/24/c6/1790259135/30833_MAIN.WEBP.WEBP,yes,200,own MAIN image on article page,https://www.sata.com/media/4c/5b/93/1788164914/30833_MAIN.WEBP.WEBP
sata__sata-nozzle-cleaning-needles,sata-nozzle-cleaning-needles,9894,https://www.sata.com/en/sata-nozzle-cleaning-needles-pack-of-36-pieces-packed-to-12-pieces-each/9894,https://www.sata.com/media/6a/7f/19/1790259134/9894_MAIN.WEBP.WEBP,yes,200,own MAIN image on article page,https://www.sata.com/media/6a/32/3b/1788164913/9894_MAIN.WEBP.WEBP
sata__sata-nozzle-cleaning-set-jet-k-1800-spray-mix,sata-nozzle-cleaning-set-jet-k-1800-spray-mix,1112854,https://www.sata.com/en/sata-nozzle-cleaning-set-for-satajet-k-1800-spray-mix/1112854,https://www.sata.com/media/b5/99/fd/1790259134/1112854_MAIN.WEBP.WEBP,yes,200,own MAIN image on article page,https://www.sata.com/media/0f/09/ae/1788164914/1112854_MAIN.WEBP.WEBP
sata__sata-nylon-wand-connection-ii,sata-nylon-wand-connection-ii,77941,https://www.sata.com/en/nylon-wand-1500-mm-connection-ii/77941,https://www.sata.com/media/cf/e5/de/1790259130/77941_MAIN.WEBP.WEBP,yes,200,own MAIN image on article page,https://www.sata.com/media/08/bd/92/1788164909/77941_MAIN.WEBP.WEBP
sata__sata-nylon-wand-flexible,sata-nylon-wand-flexible,11874,https://www.sata.com/en/nylon-wand-flexible-1500-mm-long-oe-6-mm-with-rotary-nozzle-3600-diagonally-spraying-forward-and-backward/11874,https://www.sata.com/media/a5/5e/12/1790259130/11874_MAIN.WEBP.WEBP,yes,200,own MAIN image on article page,https://www.sata.com/media/66/ac/37/1788164909/11874_MAIN.WEBP.WEBP
sata__sata-nylon-wand-flexible-1500-long-screwable-6-hole,sata-nylon-wand-flexible-1500-long-screwable-6-hole,222729,https://www.sata.com/en/nylon-wand-flexible-1500-long-oe-8-mm-screwable-rotary-nozzle-6-hole-spraying-slit-0.5-mm/222729,https://www.sata.com/media/42/fc/79/1790259130/222729_MAIN.WEBP.WEBP,yes,200,own MAIN image on article page,https://www.sata.com/media/84/86/31/1788164909/222729_MAIN.WEBP.WEBP
sata__sata-nylon-wand-semi-rigid,sata-nylon-wand-semi-rigid,51185,https://www.sata.com/en/nylon-wand-semi-rigid-1500-mm-long-oe-6-mm-with-rotary-spray-nozzle-3600-and-spraying-diagonal-forward-and-backward/51185,https://www.sata.com/media/14/f6/f1/1790259130/51185_MAIN.WEBP.WEBP,yes,200,own MAIN image on article page,https://www.sata.com/media/50/85/cf/1788164909/51185_MAIN.WEBP.WEBP
sata__sata-paint-hose-solvent-resistant,sata-paint-hose-solvent-resistant,61259,https://www.sata.com/en/paint-hose-6x3-mm-solvent-resistant-on-a-roll-of-50m-price-per-metre/61259,,no,,article page exists but no product image published for 61259,
sata__sata-protective-sleeve,sata-protective-sleeve,160994,https://www.sata.com/en/protective-sleeve-for-hose-pair-individual-6m/160994,https://www.sata.com/media/29/b7/39/1790259132/160994_MAIN.WEBP.WEBP,yes,200,own MAIN image on article page,https://www.sata.com/media/34/43/a3/1788164911/160994_MAIN.WEBP.WEBP
sata__sata-pump-spray-cleaning-bottle-not-suitable,sata-pump-spray-cleaning-bottle-not-suitable,127860,https://www.sata.com/en/pump-spray-cleaning-bottle-not-suitable-for-thinner/127860,https://www.sata.com/media/61/31/1a/1790259135/127860_MAIN.WEBP.WEBP,yes,200,own MAIN image on article page,https://www.sata.com/media/4e/a6/c5/1788164914/127860_MAIN.WEBP.WEBP
sata__sata-pvc-air-hose-with-mini-quick-coupling-nipple-with-minijet-4400-b,sata-pvc-air-hose-with-mini-quick-coupling-nipple-with-minijet-4400-b,54353,https://www.sata.com/en/sata-pvc-air-hose-2-m-long-with-mini-quick-coupling-nipple-with-g-1-4-female-thread-quick-coupling-nipple-for-sataminijet-4400-b-and-3000-b-jet-20-b/54353,https://www.sata.com/media/ed/d6/0a/1790259131/54353_MAIN.WEBP.WEBP,yes,200,own MAIN image on article page,https://www.sata.com/media/56/1f/84/1788164910/54353_MAIN.WEBP.WEBP
sata__sata-pvc-compressed-air-hose-with-mini-quick-coupling-jet-20-b,sata-pvc-compressed-air-hose-with-mini-quick-coupling-jet-20-b,32987,https://www.sata.com/en/sata-pvc-compressed-air-hose-transparent-3-m-long-with-g-1-4-female-thread-mini-quick-coupling-and-nipple-for-satajet-20-b/32987,https://www.sata.com/media/89/0c/4c/1790259131/32987_MAIN.WEBP.WEBP,yes,200,own MAIN image on article page,https://www.sata.com/media/d7/19/ee/1788164910/32987_MAIN.WEBP.WEBP
sata__sata-qmr-quick-material-regulator,sata-qmr-quick-material-regulator,1162817,https://www.sata.com/en/sata-qmr-quick-material-regulator-pack-of-2-pieces-for-satajet-5000-series/1162817,https://www.sata.com/media/67/58/e7/1790259127/1162817_MAIN.WEBP.WEBP,yes,200,own MAIN image on article page,https://www.sata.com/media/1e/c7/26/1788164905/1162817_MAIN.WEBP.WEBP
sata__sata-quick-coupling,sata-quick-coupling,13581,https://www.sata.com/en/sata-quick-coupling-g-3-8-female-thread/13581,https://www.sata.com/media/e4/e8/1d/1790259134/13581_MAIN.WEBP.WEBP,yes,200,own MAIN image on article page,https://www.sata.com/media/55/4b/92/1788164913/13581_MAIN.WEBP.WEBP
sata__sata-quick-coupling-nipple,sata-quick-coupling-nipple,6981,https://www.sata.com/en/sata-quick-coupling-nipple-g-1-4-female-thread-packing-unit-5-pieces/6981,https://www.sata.com/media/38/25/97/1790259133/6981_MAIN.WEBP.WEBP,yes,200,own MAIN image on article page,https://www.sata.com/media/b0/e5/56/1788164912/6981_MAIN.WEBP.WEBP
sata__sata-quick-coupling-with-hose-olive,sata-quick-coupling-with-hose-olive,13631,https://www.sata.com/en/sata-quick-coupling-red-with-hose-olive-9-mm/13631,https://www.sata.com/media/e9/5d/f0/1790259134/13631_MAIN.WEBP.WEBP,yes,200,own MAIN image on article page,https://www.sata.com/media/a4/d8/32/1788164913/13631_MAIN.WEBP.WEBP
sata__sata-quick-coupling-with-hose-olive-and-quick-coupling,sata-quick-coupling-with-hose-olive-and-quick-coupling,7237,https://www.sata.com/en/sata-quick-coupling-red-with-hose-olive-9mm-and-quick-coupling-nipple-g-1-4-female-thread-each-2-pieces/7237,,no,,article page exists but no product image published for 7237,
sata__sata-release-agent-spray-system,sata-release-agent-spray-system,187740,https://www.sata.com/en/separating-agent-spray-system-consisting-of-pressure-tank-2-l-dpr-double-pressure-reducer-sataminijet-1000-k-rp-0.3-hose-pair-3-m-complete/187740,,no,,article page exists but no product image published for 187740,
sata__sata-reusable-aluminium-flow-cup,sata-reusable-aluminium-flow-cup,6601,https://www.sata.com/en/reusable-aluminium-cup-0-75-l-with-fine-thread-cpl.-for-satajet-b-jet-gr-jet-nr-95/6601,https://www.sata.com/media/cc/64/93/1790259065/6601_MAIN.WEBP.WEBP,yes,200,own MAIN image on article page,https://www.sata.com/media/68/52/45/1788164849/6601_MAIN.WEBP.WEBP
sata__sata-reusable-aluminium-hanging-cups,sata-reusable-aluminium-hanging-cups,2691,https://www.sata.com/en/1.0-l-aluminium-suction-cup-cpl.-for-satajet-1000-h-satajet-h/2691,https://www.sata.com/media/2f/a9/04/1790259015/2691_MAIN.WEBP.WEBP,yes,200,own MAIN image on article page,https://www.sata.com/media/45/ef/7b/1788164803/2691_MAIN.WEBP.WEBP
sata__sata-reusable-plastic-flow-cup,sata-reusable-plastic-flow-cup,7591,https://www.sata.com/en/0.3-l-reusable-plastic-cup-cpl./7591,https://www.sata.com/media/c2/b2/68/1790259065/7591_MAIN.WEBP.WEBP,yes,200,own MAIN image on article page,https://www.sata.com/media/cc/a9/58/1788164849/7591_MAIN.WEBP.WEBP
sata__sata-reusable-plastic-hanging-cups,sata-reusable-plastic-hanging-cups,21444,https://www.sata.com/en/0.6-l-plastic-suction-cup-without-lid-for-sata-grit-blasting-gun/21444,https://www.sata.com/media/82/59/c3/1790259015/21444_MAIN.WEBP.WEBP,yes,200,own MAIN image on article page,https://www.sata.com/media/41/3e/0d/1788164803/21444_MAIN.WEBP.WEBP
sata__sata-rps-adapter-with-qcc-and-connection,sata-rps-adapter-with-qcc-and-connection,125211,https://www.sata.com/en/rps-adapter-no.-1-with-qcc-and-connection-m-16-x-1.5-female-thread-for-e.g.-satajet-b-jet-b-nr-92-and-jet-b-nr-95/125211,https://www.sata.com/media/7d/27/c1/1790259129/125211_MAIN.WEBP.WEBP,yes,200,own MAIN image on article page,https://www.sata.com/media/47/c5/32/1788164907/125211_MAIN.WEBP.WEBP
sata__sata-rps-depot-to-store-rps-boxes-rps-the-original,sata-rps-depot-to-store-rps-boxes-rps-the-original,144840,https://www.sata.com/en/sata-rps-depot-to-store-rps-boxes/144840,https://www.sata.com/media/86/90/41/1790259129/144840_MAIN.WEBP.WEBP,yes,200,own MAIN image on article page,https://www.sata.com/media/97/dd/4c/1788164908/144840_MAIN.WEBP.WEBP
sata__sata-rps-the-original,sata-rps-the-original,1202043,https://www.sata.com/en/multi-purpose-cup-system-rps-0.3-l-125-m-flat-sieve-qcc-vpe-50-for-mixing-spraying-reusing-and-storing-water-and-solvent-based-coating-systems/1202043,https://www.sata.com/media/89/6a/62/1790259063/1202043_MAIN.WEBP.WEBP,yes,200,own MAIN image on article page; +1 extra 1202043_PTxx view(s),https://www.sata.com/media/ae/17/3a/1788164847/1202043_MAIN.WEBP.WEBP
sata__sata-sataclean-wet-holding-tray,sata-sataclean-wet-holding-tray,60095,https://www.sata.com/en/sataclean-wet-holding-tray-for-3-spray-guns/60095,https://www.sata.com/media/36/ed/81/1790259127/60095_MAIN.WEBP.WEBP,yes,200,own MAIN image on article page; +1 extra 60095_PTxx view(s),https://www.sata.com/media/a2/fe/9e/1788164905/60095_MAIN.WEBP.WEBP
sata__sata-sge-air-hose,sata-sge-air-hose,27722,https://www.sata.com/en/sge-air-hose-9-mm-id-length-10-m/27722,https://www.sata.com/media/da/1e/fe/1790259131/27722_MAIN.WEBP.WEBP,yes,200,own MAIN image on article page,https://www.sata.com/media/fe/03/a9/1788164910/27722_MAIN.WEBP.WEBP
sata__sata-sge-paint-hose-with-ascension-pipe,sata-sge-paint-hose-with-ascension-pipe,27730,https://www.sata.com/en/sge-paint-hose-6-mm-id-length-5-m-with-ascension-pipe/27730,https://www.sata.com/media/ac/50/54/1790259132/27730_MAIN.WEBP.WEBP,yes,200,own MAIN image on article page,https://www.sata.com/media/63/6e/26/1788164910/27730_MAIN.WEBP.WEBP
sata__sata-shaker-ring-rps-the-original,sata-shaker-ring-rps-the-original,117051,https://www.sata.com/en/shaker-ring-for-sata-rps-0.6l-0.9l/117051,https://www.sata.com/media/4f/4f/5e/1790259129/173435_MAIN.WEBP.WEBP,no,200,no image for main article 117051; image only for sibling article(s) 173435 (URL shown = 173435),https://www.sata.com/media/db/3f/84/1788164908/173435_MAIN.WEBP.WEBP
sata__sata-spray-bottle-1-0-l,sata-spray-bottle-1-0-l,127852,https://www.sata.com/en/spray-bottle-1.0-l/127852,https://www.sata.com/media/26/68/63/1790259135/127852_MAIN.WEBP.WEBP,yes,200,own MAIN image on article page,https://www.sata.com/media/25/04/dd/1788164914/127852_MAIN.WEBP.WEBP
sata__sata-spray-gun-adapter-with-qcc-and-connection-thread,sata-spray-gun-adapter-with-qcc-and-connection-thread,135111,https://www.sata.com/en/spray-gun-adapter-no.-9-with-qcc-and-connection-thread-g-3-8-male-thread-18-npsf/135111,https://www.sata.com/media/55/06/fb/1790259129/135111_MAIN.WEBP.WEBP,yes,200,own MAIN image on article page,https://www.sata.com/media/1d/ed/e9/1788164907/135111_MAIN.WEBP.WEBP
sata__sata-spray-gun-holder,sata-spray-gun-holder,40188,https://www.sata.com/en/sata-spray-gun-holder/40188,https://www.sata.com/media/2b/f7/9e/1790259127/40188_MAIN.WEBP.WEBP,yes,200,own MAIN image on article page,https://www.sata.com/media/4a/08/d3/1788164905/40188_MAIN.WEBP.WEBP
sata__sata-spray-gun-holder-with-strainer-holder,sata-spray-gun-holder-with-strainer-holder,134882,https://www.sata.com/en/spray-gun-holder-with-strainer-holder/134882,https://www.sata.com/media/58/54/57/1790259127/134882_MAIN.WEBP.WEBP,yes,200,own MAIN image on article page,https://www.sata.com/media/3e/43/36/1788164906/134882_MAIN.WEBP.WEBP
sata__sata-spray-master-rp,sata-spray-master-rp,72900,https://www.sata.com/en/sata-spray-master-rp-sm-0.7-l-pressurized-cup-reduction-valve/72900,https://www.sata.com/media/0c/4a/bf/1790259012/72900_MAIN.WEBP.WEBP,yes,200,own MAIN image on article page,https://www.sata.com/media/fa/48/7b/1788164801/72900_MAIN.WEBP.WEBP
sata__sata-spray-mix-double-hose-material-connection-air,sata-spray-mix-double-hose-material-connection-air,1006073,https://www.sata.com/en/sata-spray-mix-double-hose-6-x-6-mm-15-m-long-material-connection-m16x1.6-female-thread-air-connection-g-1-4-female-thread/1006073,,no,,article page exists but no product image published for 1006073,
sata__sata-spray-mix-hose-pair,sata-spray-mix-hose-pair,19984,https://www.sata.com/en/sata-spray-mix-hose-pair-6-x-4-mm-5-m-g-1-4-female-thread-material-and-air/19984,https://www.sata.com/media/d0/a0/a6/1790259132/19984_MAIN.WEBP.WEBP,yes,200,own MAIN image on article page,https://www.sata.com/media/13/d4/a8/1788164911/19984_MAIN.WEBP.WEBP
sata__sata-spray-mix-hose-pair-material-connection-air,sata-spray-mix-hose-pair-material-connection-air,1006081,https://www.sata.com/en/sata-spray-mix-hose-pair-6-x-4-mm-10-m-long-material-connection-m16x1.5-female-thread-air-connection-g-1-4-female-thread/1006081,https://www.sata.com/media/2d/98/62/1790259132/1006081_MAIN.WEBP.WEBP,yes,200,own MAIN image on article page,https://www.sata.com/media/74/da/da/1788164911/1006081_MAIN.WEBP.WEBP
sata__sata-spray-pattern-blocks-with-25-sheets,sata-spray-pattern-blocks-with-25-sheets,161646,https://www.sata.com/en/spray-pattern-blocks-with-25-sheets-packing-unit-2-pieces-for-sata-cert/161646,https://www.sata.com/media/80/11/cf/1790259135/161646_MAIN.WEBP.WEBP,yes,200,own MAIN image on article page,https://www.sata.com/media/82/fc/b6/1788164914/161646_MAIN.WEBP.WEBP
sata__sata-storage-case-sata-truesun-incl-foam-inlay-truesun,sata-storage-case-sata-truesun-incl-foam-inlay-truesun,1013094,https://www.sata.com/en/storage-case-sata-truesun-incl.-foam-inlay/1013094,https://www.sata.com/media/14/1a/ac/1790259135/1013094_MAIN.WEBP.WEBP,yes,200,own MAIN image on article page,https://www.sata.com/media/df/0c/d2/1788164914/1013094_MAIN.WEBP.WEBP
sata__sata-suction-hose-cpl-vario-top-spray,sata-suction-hose-cpl-vario-top-spray,45047,https://www.sata.com/en/suction-hose-cpl.-connections-stainless-steel-for-sata-vario-top-spray/45047,https://www.sata.com/media/aa/70/c2/1790259131/45047_MAIN.WEBP.WEBP,yes,200,own MAIN image on article page,https://www.sata.com/media/d9/1a/a9/1788164910/45047_MAIN.WEBP.WEBP
sata__sata-suit-basic,sata-suit-basic,1196163,https://www.sata.com/en/sata-suit-basic-size-s-polyester/1196163,https://www.sata.com/media/1b/ee/69/1790259071/1196163_MAIN.WEBP.WEBP,yes,200,own MAIN image on article page,https://www.sata.com/media/1b/76/db/1788164855/1196163_MAIN.WEBP.WEBP
sata__sata-suit-grey,sata-suit-grey,143255,https://www.sata.com/en/sata-suit-grey-size-l-50-52-100-polyester/143255,,no,,article page exists but no product image published for 143255,
sata__sata-suit-race,sata-suit-race,184267,https://www.sata.com/en/sata-suit-race-size-s-42-44-98-polyester-2-carbon-mid-dehbp5658tha/184267,https://www.sata.com/media/3d/64/a9/1790259071/184267_MAIN.WEBP.WEBP,yes,200,own MAIN image on article page,https://www.sata.com/media/88/3c/e9/1788164855/184267_MAIN.WEBP.WEBP
sata__sata-suit-race-ladies,sata-suit-race-ladies,1154020,https://www.sata.com/en/sata-suit-race-ladies-size-xs-98-polyester-2-carbon/1154020,https://www.sata.com/media/7a/96/fe/1790259071/1154020_MAIN.WEBP.WEBP,yes,200,own MAIN image on article page,https://www.sata.com/media/0e/7a/6e/1788164855/1154020_MAIN.WEBP.WEBP
sata__sata-suit-space,sata-suit-space,212035,https://www.sata.com/en/sata-suit-space-size-s-42-44/212035,,no,,article page exists but no product image published for 212035 or its siblings,
sata__sata-suit-standard-men,sata-suit-standard-men,1202522,https://www.sata.com/en/sata-suit-standard-men-size-s-polyester/1202522,https://www.sata.com/media/30/bb/d5/1790259071/1202522_MAIN.WEBP.WEBP,yes,200,own MAIN image on article page,https://www.sata.com/media/13/f8/32/1788164854/1202522_MAIN.WEBP.WEBP
sata__sata-threaded-nipple-galvanised-vario-top-spray,sata-threaded-nipple-galvanised-vario-top-spray,41384,https://www.sata.com/en/threaded-nipple-1-2-male-thread-galvanised-for-sata-vario-top-spray-fdg-dg25/41384,https://www.sata.com/media/39/b4/89/1790259132/41384_MAIN.WEBP.WEBP,yes,200,own MAIN image on article page,https://www.sata.com/media/cf/4a/00/1788164911/41384_MAIN.WEBP.WEBP
sata__sata-triple-spray-gun-holder,sata-triple-spray-gun-holder,134916,https://www.sata.com/en/triple-spray-gun-holder-for-wall-mounting/134916,https://www.sata.com/media/4b/8b/ab/1790259127/134916_MAIN.WEBP.WEBP,yes,200,own MAIN image on article page; +1 extra 134916_PTxx view(s),https://www.sata.com/media/37/f5/7d/1788164906/134916_MAIN.WEBP.WEBP
sata__sata-trolley-cpl-vario-top-spray,sata-trolley-cpl-vario-top-spray,17483,https://www.sata.com/en/trolley-cpl.-for-sata-vario-top-spray/17483,https://www.sata.com/media/0e/14/fd/1790259130/17483_MAIN.WEBP.WEBP,yes,200,own MAIN image on article page,https://www.sata.com/media/92/3a/9c/1788164909/17483_MAIN.WEBP.WEBP
sata__sata-truesun,sata-truesun,1006411,https://www.sata.com/en/premium-daylight-lamp-sata-truesun-for-determining-and-checking-single-stage-metallic-and-pearlescent-colors-etc.-in-the-field-of-automotive-refinishing/1006411,https://www.sata.com/media/1b/bc/f2/1790259017/1006411_MAIN.WEBP.WEBP,yes,200,own MAIN image on article page,https://www.sata.com/media/cf/53/ec/1788164805/1006411_MAIN.WEBP.WEBP
sata__sata-turbo-blow-with-quick-coupling-nipple-blow-gun,sata-turbo-blow-with-quick-coupling-nipple-blow-gun,133306,https://www.sata.com/en/sata-turbo-blow-with-quick-coupling-nipple-blow-gun/133306,https://www.sata.com/media/4c/53/c5/1790259071/133306_MAIN.WEBP.WEBP,yes,200,own MAIN image on article page,https://www.sata.com/media/13/4f/64/1788164854/133306_MAIN.WEBP.WEBP
sata__sata-universal-spray-gun-and-hose-holder,sata-universal-spray-gun-and-hose-holder,192195,https://www.sata.com/en/sata-universal-spray-gun-and-hose-holder-for-all-sata-spray-guns/192195,https://www.sata.com/media/1c/26/29/1790259127/192195_MAIN.WEBP.WEBP,yes,200,own MAIN image on article page,https://www.sata.com/media/26/80/d9/1788164905/192195_MAIN.WEBP.WEBP
sata__sata-universal-spray-gun-holder-foldable,sata-universal-spray-gun-holder-foldable,1083807,https://www.sata.com/en/sata-universal-spray-gun-holder-folding/1083807,,no,,article page exists but no product image published for 1083807 or its siblings,
sata__sata-universal-spray-gun-holder-foldable-magnetic,sata-universal-spray-gun-holder-foldable-magnetic,1103522,https://www.sata.com/en/sata-universal-spray-gun-holder-foldable-magnetic/1103522,https://www.sata.com/media/d5/db/90/1790259127/1103522_MAIN.WEBP.WEBP,yes,200,own MAIN image on article page,https://www.sata.com/media/bf/21/b3/1788164906/1103522_MAIN.WEBP.WEBP
sata__sata-vario-top-spray,sata-vario-top-spray,56010,https://www.sata.com/en/double-diaphragm-pump-1-1-industrial-version-material-connection-g-3-8-female-thread-air-inlet-g-1-4-female-thread-without-grounding-cable/56010,https://www.sata.com/media/6f/d3/75/1790259070/61507_MAIN.WEBP.WEBP,no,200,no image for main article 56010; image only for sibling article(s) 61507 61515 62745 72678 72694 81406 81661 90662 95109 (URL shown = 61507),https://www.sata.com/media/8b/2d/43/1788164854/61507_MAIN.WEBP.WEBP
sata__sata-vario-top-spray-f-double-diaphragm-pump-1-1-mobile-vario-top-spray,sata-vario-top-spray-f-double-diaphragm-pump-1-1-mobile-vario-top-spray,63974,https://www.sata.com/en/sata-vario-top-spray-f-double-diaphragm-pump-1-1-mobile-with-material-fine-pressure-regulator-suction-tube-2.-gun-connection-without-spray-gun-and-hoses/63974,https://www.sata.com/media/c9/95/a2/1790259070/63974_MAIN.WEBP.WEBP,yes,200,own MAIN image on article page,https://www.sata.com/media/4f/b0/5e/1788164854/63974_MAIN.WEBP.WEBP
sata__sata-venturi-door-wand-steel-rigid-spraying-forward,sata-venturi-door-wand-steel-rigid-spraying-forward,1114991,https://www.sata.com/en/venturi-door-wand-steel-rigid-spraying-forward-oe-5-mm-740-mm-long-with-flexible-guideway-hose-550-mm-for-application-on-surfaces-and-in-cavities-not-for-underbody-protection/1114991,,no,,article page exists but no product image published for 1114991,
sata__sata-venturi-hook-wand-hook-nozzle-cpl-with-flexible,sata-venturi-hook-wand-hook-nozzle-cpl-with-flexible,206904,https://www.sata.com/en/venturi-hook-wand-oe-5-mm-hook-nozzle-cpl.-in-300-mm-length-with-flexible-guide-hose-venturi-spray-tube-for-cavity-and-surface-application/206904,,no,,article page exists but no product image published for 206904,
sata__sata-venturi-hook-wand-with-flexible-guide-hose-venturi,sata-venturi-hook-wand-with-flexible-guide-hose-venturi,11866,https://www.sata.com/en/venturi-hook-wand-oe-5-mm-with-flexible-guide-hose-venturi-spray-tube-for-cavity-and-surface-application/11866,https://www.sata.com/media/98/d7/89/1790259130/11866_MAIN.WEBP.WEBP,yes,200,own MAIN image on article page,https://www.sata.com/media/06/53/15/1788164909/11866_MAIN.WEBP.WEBP
sata__sata-viscosity-cup,sata-viscosity-cup,9845,https://www.sata.com/en/sata-viscosity-cup-4.0-mm-flow-time-tolerance-1-sec./9845,https://www.sata.com/media/21/98/e1/1790259135/9845_MAIN.WEBP.WEBP,yes,200,own MAIN image on article page,https://www.sata.com/media/51/73/f8/1788164914/9845_MAIN.WEBP.WEBP
sata__sata-wet-dry-cleaner,sata-wet-dry-cleaner,75358,https://www.sata.com/en/sata-wet-dry-cleaner-packing-unit-10-pieces-please-observe-the-supplied-product-has-a-limited-use-by-date/75358,https://www.sata.com/media/80/ab/78/1790259135/75358_MAIN.WEBP.WEBP,yes,200,own MAIN image on article page,https://www.sata.com/media/fa/57/1a/1788164914/75358_MAIN.WEBP.WEBP
sata__satagraph-4,satagraph-4,227629,https://www.sata.com/en/satagraph-4-nozzle-0.5-with-7-ml-standard-cup/227629,https://www.sata.com/media/aa/fd/0a/1790259013/227629_MAIN.WEBP.WEBP,yes,200,own MAIN image on article page; +1 extra 227629_PTxx view(s),https://www.sata.com/media/16/66/ec/1788164802/227629_MAIN.WEBP.WEBP
sata__satajet-100-b,satajet-100-b,145185,https://www.sata.com/en/premium-spray-putty-gun-for-automotive-refinishing-satajet-100-b-p-0.6-l-reusable-plastic-cup-suitable-for-2k-spray-putty/145185,https://www.sata.com/media/g0/16/70/1790259049/145185_MAIN.WEBP.WEBP,yes,200,own MAIN image on article page; +2 extra 145185_PTxx view(s),https://www.sata.com/media/09/13/4f/1788164837/145185_MAIN.WEBP.WEBP
sata__satajet-1000-b,satajet-1000-b,149302,https://www.sata.com/en/universal-spray-gun-for-painters-carpenters-and-industrial-applications-satajet-1000-b-rp-nozzle-1.3-0.6-l-qcc-reusable-plastic-cup-suitable-for-water-and-solvent-based-paint-systems/149302,https://www.sata.com/media/19/65/56/1790259011/149302_MAIN.WEBP.WEBP,yes,200,own MAIN image on article page,https://www.sata.com/media/94/44/da/1788164800/149302_MAIN.WEBP.WEBP
sata__satajet-1000-b-lignum-3,satajet-1000-b-lignum-3,1107772,https://www.sata.com/en/universal-spray-gun-for-painters-carpenters-and-industrial-applications-satajet-1000-b-hvlp-lignum-3-nozzle-1.4-0.6-l-qcc-reusable-plastic-cup-swivel-joint-suitable-for-water-and-solvent-based-paint-systems/1107772,https://www.sata.com/media/df/e0/1d/1790259046/1107772_MAIN.WEBP.WEBP,yes,200,own MAIN image on article page; +2 extra 1107772_PTxx view(s),https://www.sata.com/media/f8/78/d8/1788164835/1107772_MAIN.WEBP.WEBP
sata__satajet-1000-h,satajet-1000-h,151266,https://www.sata.com/en/satajet-1000-h-rp-nozzle-1.6-1.0-l-aluminium-suction-cup/151266,https://www.sata.com/media/a8/05/d7/1790259055/151266_MAIN.WEBP.WEBP,yes,200,own MAIN image on article page; +3 extra 151266_PTxx view(s),https://www.sata.com/media/e1/a2/28/1788164841/151266_MAIN.WEBP.WEBP
sata__satajet-1000-k,satajet-1000-k,132092,https://www.sata.com/en/universal-spray-gun-for-large-area-applications-for-painters-carpenters-or-industrial-use-satajet-1000-k-rp-standard-nozzle-0.8-suitable-for-water-and-solvent-based-paint-systems/132092,https://www.sata.com/media/99/ea/bd/1790259054/132092_MAIN.WEBP.WEBP,yes,200,own MAIN image on article page; +1 extra 132092_PTxx view(s),https://www.sata.com/media/2c/65/d5/1788164840/132092_MAIN.WEBP.WEBP
sata__satajet-1000-kk,satajet-1000-kk,153700,https://www.sata.com/en/satajet-1000-kk-rp-nozzle-1.5-with-paint-tube-1-4-male-thread-with-coupling-art.-no.-8359/153700,https://www.sata.com/media/b3/b0/40/1790259013/153700_MAIN.WEBP.WEBP,yes,200,own MAIN image on article page,https://www.sata.com/media/93/fb/c6/1788164801/153700_MAIN.WEBP.WEBP
sata__satajet-20-b,satajet-20-b,65078,https://www.sata.com/en/satajet-20-b-nozzle-0.2-65-ml-plastic-cup/65078,https://www.sata.com/media/4f/b1/5b/1790259050/65078_MAIN.WEBP.WEBP,yes,200,own MAIN image on article page; +2 extra 65078_PTxx view(s),https://www.sata.com/media/1c/00/7c/1788164837/65078_MAIN.WEBP.WEBP
sata__satajet-3000-k,satajet-3000-k,92924,https://www.sata.com/en/satajet-3000-k-hvlp-nozzle-1.0-material-connection-3-8-male-thread/92924,https://www.sata.com/media/a5/08/4c/1790259052/92924_MAIN.WEBP.WEBP,yes,200,own MAIN image on article page; +1 extra 92924_PTxx view(s),https://www.sata.com/media/d7/f7/a9/1788164839/92924_MAIN.WEBP.WEBP
sata__satajet-3000-k-spray-mix,satajet-3000-k-spray-mix,120006,https://www.sata.com/en/satajet-3000-k-spray-mix-with-paint-tube-strainer-100-msh-without-paint-nozzle/120006,https://www.sata.com/media/40/57/cd/1790259012/120006_MAIN.WEBP.WEBP,yes,200,own MAIN image on article page,https://www.sata.com/media/96/40/1f/1788164801/120006_MAIN.WEBP.WEBP
sata__satajet-5000-b,satajet-5000-b,209775,https://www.sata.com/en/satajet-5000-b-rp-nozzle-1.2-rps-multi-purpose-cup-0.3-l-0.6-l-0.9-l-each-1x-swivel-joint/209775,https://www.sata.com/media/5c/41/b5/1790259044/209775_MAIN.WEBP.WEBP,yes,200,own MAIN image on article page,https://www.sata.com/media/e9/01/cf/1788164832/209775_MAIN.WEBP.WEBP
sata__satajet-h,satajet-h,23721,https://www.sata.com/en/siphon-cup-spray-gun-in-high-pressure-technology-satajet-h-1.5-e1.0l-alu-suitable-for-the-use-of-solvent-based-coating-systems/23721,https://www.sata.com/media/4e/2f/90/1790259013/23721_MAIN.WEBP.WEBP,yes,200,own MAIN image on article page,https://www.sata.com/media/0b/24/4a/1788164802/23721_MAIN.WEBP.WEBP
sata__satajet-k-1800-spray-mix,satajet-k-1800-spray-mix,1068023,https://www.sata.com/en/satajet-k-1800-spray-mix-without-material-tube-and-material-filter-paint-nozzle-not-included/1068023,https://www.sata.com/media/2d/3e/3a/1790259012/1068023_MAIN.WEBP.WEBP,yes,200,own MAIN image on article page,https://www.sata.com/media/06/06/c3/1788164801/1068023_MAIN.WEBP.WEBP
sata__satajet-x-5500,satajet-x-5500,1061548,https://www.sata.com/en/premium-spray-gun-for-automotive-refinish-satajet-x5500-rp-1.1-i-rps-d-suitable-for-water-and-solvent-based-paint-systems/1061548,https://www.sata.com/media/48/89/6b/1790259042/1061548_MAIN.WEBP.WEBP,yes,200,own MAIN image on article page; +2 extra 1061548_PTxx view(s),https://www.sata.com/media/8e/1c/d5/1788164830/1061548_MAIN.WEBP.WEBP
sata__satajet-x-5500-clear-coat-edition,satajet-x-5500-clear-coat-edition,1174573,https://www.sata.com/en/premium-spray-gun-for-automotive-refinish-satajet-x5500-rp-1.3cc-rps-d-edition-rp-1.3cc-specially-suitable-for-1k-2k-clearcoat-systems/1174573,https://www.sata.com/media/57/99/e7/1790259010/1174573_MAIN.WEBP.WEBP,yes,200,own MAIN image on article page,https://www.sata.com/media/aa/87/44/1788164799/1174573_MAIN.WEBP.WEBP
sata__satajet-x-5500-phaser,satajet-x-5500-phaser,1096066,https://www.sata.com/en/premium-spray-gun-for-automotive-refinish-satajet-x5500-rp-phaser-1.2-i-rps-suitable-for-water-and-solvent-based-paint-systems/1096066,https://www.sata.com/media/3a/bd/34/1790259038/1096066_MAIN.WEBP.WEBP,yes,200,own MAIN image on article page; +2 extra 1096066_PTxx view(s),https://www.sata.com/media/d3/f2/67/1788164827/1096066_MAIN.WEBP.WEBP
sata__sataminijet-1000-k,sataminijet-1000-k,187450,https://www.sata.com/en/sataminijet-1000-k-rp-nozzle-0.3-material-connection-1-4-male-thread/187450,https://www.sata.com/media/57/97/df/1790259055/187450_MAIN.WEBP.WEBP,yes,200,own MAIN image on article page; +1 extra 187450_PTxx view(s),https://www.sata.com/media/1e/5b/96/1788164841/187450_MAIN.WEBP.WEBP
sata__sataminijet-4400-b,sataminijet-4400-b,197970,https://www.sata.com/en/premium-spray-gun-for-small-area-applications-in-automotive-finishes-sataminijet-4400-b-hvlp-0.3-125-cc-qcc-reusable-plastic-cup-suitable-for-water-and-solvent-based-paint-systems/197970,https://www.sata.com/media/e6/bd/1a/1790259051/197970_MAIN.WEBP.WEBP,yes,200,own MAIN image on article page,https://www.sata.com/media/b9/f3/4e/1788164838/197970_MAIN.WEBP.WEBP
