sourceKey,officialName,line,kind,classification,action,change,slug,ourCategory,leadCode,codes,images,reason
"anti-hologram","Anti Hologram","Befar","product-row","WEBSITE_AND_CATALOGUE","IMPORT","EXISTING","befar-anti-hologram","poliranje","85011","2","2",""
"auto-polish","Auto Polish","Befar","product-row","WEBSITE_AND_CATALOGUE","IMPORT","EXISTING","befar-auto-polish","poliranje","80011","2","2",""
"backing-pad","Backing Pad","Befar","family","WEBSITE_AND_CATALOGUE","IMPORT","EXISTING","befar-backing-pad","pribor","93107","3","3",""
"befar-plus-hand-compounding-pad","Befar Plus Hand Compounding Pad","Befar Plus","family","WEBSITE_AND_CATALOGUE","IMPORT","EXISTING","befar-plus-hand-compounding-pad","poliranje","12101","7","1",""
"befar-plus-velcro-polishing-pad","Befar Plus Velcro Polishing Pad","Befar Plus","family","WEBSITE_AND_CATALOGUE","IMPORT","EXISTING","befar-plus-velcro-polishing-pad","poliranje","54402","8","7",""
"befar-plus-velcro-woolpad","Befar Plus Velcro Woolpad","Befar Plus","family","WEBSITE_AND_CATALOGUE","IMPORT","EXISTING","befar-plus-velcro-woolpad","poliranje","07604","3","1",""
"befar-plus-wax-pad-conical-pad","Befar Plus Wax Pad Conical Pad","Befar Plus","family","WEBSITE_AND_CATALOGUE","IMPORT","EXISTING","befar-plus-wax-pad-conical-pad","poliranje","131011","7","1",""
"befar-plus-with-applicator-compounding-pad","Befar Plus With Applicator Compounding Pad","Befar Plus","family","WEBSITE_AND_CATALOGUE","IMPORT","EXISTING","befar-plus-with-applicator-compounding-pad","poliranje","52402","8","10",""
"carved-velcro-polishing-pad","Carved Velcro Polishing Pad","Befar","family","WEBSITE_AND_CATALOGUE","IMPORT","EXISTING","befar-carved-velcro-polishing-pad","poliranje","05801","5","6",""
"cream-compound","Cream Compound","Befar","family","WEBSITE_AND_CATALOGUE","IMPORT","EXISTING","befar-cream-compound","poliranje","60125","3","3",""
"drill-type-headlight-cleaning-pad","Drill Type Headlight Cleaning Pad","Befar","product-row","WEBSITE_AND_CATALOGUE","IMPORT","EXISTING","befar-drill-type-headlight-cleaning-pad","poliranje","83424","1","3",""
"drill-type-wheel-cleaning-pad","Drill Type Wheel Cleaning Pad","Befar","product-row","WEBSITE_AND_CATALOGUE","IMPORT","EXISTING","befar-drill-type-wheel-cleaning-pad","poliranje","97200","1","3",""
"ellipse-corrugated-polishing-compounding-pad","Ellipse Corrugated Polishing Compounding Pad","Befar","family","WEBSITE_AND_CATALOGUE","IMPORT","EXISTING","befar-ellipse-corrugated-polishing-compounding-pad","poliranje","20101","4","5",""
"extra-cream-compound","Extra Cream Compound","Befar","family","WEBSITE_AND_CATALOGUE","IMPORT","EXISTING","befar-extra-cream-compound","poliranje","76125","3","3",""
"hard-velcro-backing-pad","Hard Velcro Backing Pad","Befar","family","WEBSITE_AND_CATALOGUE","IMPORT","EXISTING","befar-hard-velcro-backing-pad","pribor","09400","4","2",""
"headlight-cleaning-set","Headlight Cleaning Set","Befar","family","WEBSITE_AND_CATALOGUE","IMPORT","EXISTING","befar-headlight-cleaning-set","poliranje","05812","1","2",""
"leo-ceramic-aplication-block","Leo Ceramic Aplication Block","Leo","family","WEBSITE_AND_CATALOGUE","IMPORT","EXISTING","befar-leo-ceramic-application-block","pribor","80012O","4","1",""
"leo-ceramic-cloth","Leo Ceramic Cloth","Leo","family","WEBSITE_AND_CATALOGUE","IMPORT","EXISTING","befar-leo-ceramic-cloth","pribor","10175TM","1","1",""
"leo-compound-polish-set","Leo Compound - Polish Set","Leo","family","WEBSITE_AND_CATALOGUE","IMPORT","EXISTING","befar-leo-compound-polish-set","poliranje","150221","1","3",""
"leo-detailing-backing-pad","Leo Detailing Backing Pad","Leo","family","WEBSITE_AND_CATALOGUE","IMPORT","EXISTING","befar-leo-detailing-backing-pad","pribor","09901","3","3",""
"leo-hamburger-pad","Leo Hamburger Pad","Leo","family","WEBSITE_AND_CATALOGUE","IMPORT","EXISTING","befar-leo-hamburger-pad","poliranje","90207","1","2",""
"leo-mini-detailing-cleaning-set","Leo Mini Detailing Cleaning Set","Leo","family","WEBSITE_AND_CATALOGUE","IMPORT","EXISTING","befar-leo-mini-detailing-cleaning-set","poliranje","05712","1","1",""
"leo-nano-ceramic-paint-protector-set","Leo Nano Ceramic Paint Protector Set","Leo","family","WEBSITE_AND_CATALOGUE","IMPORT","EXISTING","befar-leo-nano-ceramic-paint-protector-set","zastita","98050","1","3",""
"leo-plus-advance-velcro-compounding-pad","Leo Plus Advance Velcro Compounding Pad","Leo","family","WEBSITE_AND_CATALOGUE","IMPORT","EXISTING","befar-leo-plus-advance-velcro-compounding-pad","poliranje","55401ADV","6","2",""
"leo-plus-advance-with-applicator-compounding-pad","Leo Plus Advance with Applicator Compounding Pad","Leo","family","WEBSITE_AND_CATALOGUE","IMPORT","EXISTING","befar-leo-plus-advance-with-applicator-compounding-pad","poliranje","52401ADV","6","2",""
"leo-plus-air-lines-orbital-velcro-compounding-pad","Leo Plus Air Lines Orbital Velcro Compounding Pad","Leo","family","WEBSITE_AND_CATALOGUE","IMPORT","EXISTING","befar-leo-plus-air-lines-orbital-velcro-compounding-pad","poliranje","54401ORB","6","1",""
"leo-plus-air-lines-with-16-holes-orbital-velcro-compounding-pad","Leo Plus Air Lines with 16 Holes Orbital Velcro Compounding Pad","Leo","family","WEBSITE_AND_CATALOGUE","IMPORT","EXISTING","befar-leo-plus-air-lines-with-16-holes-orbital-velcro-compounding-pad","poliranje","56401ORB","6","1",""
"leo-premium-advance-velcro-compounding-pad","Leo Premium Advance Velcro Compounding Pad","Leo","family","WEBSITE_AND_CATALOGUE","IMPORT","EXISTING","befar-leo-premium-advance-velcro-compounding-pad","poliranje","52507ADV","1","2",""
"leo-premium-advance-with-applicator-compounding-pad","Leo Premium Advance With Applicator Compounding Pad","Leo","family","WEBSITE_AND_CATALOGUE","IMPORT","EXISTING","befar-leo-premium-advance-with-applicator-compounding-pad","poliranje","59507ADV","1","1",""
"leo-premium-air-lines-velcro-compounding-pad","Leo Premium Air Lines Velcro Compounding Pad","Leo","family","WEBSITE_AND_CATALOGUE","IMPORT","EXISTING","befar-leo-premium-air-lines-velcro-compounding-pad","poliranje","52507ORB","2","2",""
"leo-premium-compounding-pad","Leo Premium Compounding Pad","Leo","family","WEBSITE_AND_CATALOGUE","IMPORT","EXISTING","befar-leo-premium-compounding-pad","poliranje","59507","1","2",""
"liquid-compound","Liquid Compound","Befar","product-row","WEBSITE_AND_CATALOGUE","IMPORT","EXISTING","befar-liquid-compound","poliranje","75011","2","2",""
"m14-adapter","M14 Adapter","Befar","product-row","WEBSITE_AND_CATALOGUE","IMPORT","EXISTING","befar-m14-adapter","pribor","97400","1","3",""
"medium-hard-velcro-backing-pad","Medium Hard Velcro Backing Pad","Befar","family","WEBSITE_AND_CATALOGUE","IMPORT","EXISTING","befar-medium-hard-velcro-backing-pad","pribor","09501","3","2",""
"mikrofiber-clothes","Mikrofiber Clothes","Befar","family","WEBSITE_AND_CATALOGUE","IMPORT","EXISTING","befar-microfiber-cloths","poliranje","01401","2","3",""
"non-wowen-abrasive","Non Wowen Abrasive","Befar","family","WEBSITE_AND_CATALOGUE","IMPORT","EXISTING","befar-non-woven-abrasive","abrazivi","91025","2","2",""
"paint-protector","Paint Protector","Befar","product-row","WEBSITE_AND_CATALOGUE","IMPORT","EXISTING","befar-paint-protector","zastita","90011","2","2",""
"plastic-putty-aplicatior","Plastic Putty Aplicatior","Befar","family","WEBSITE_AND_CATALOGUE","IMPORT","EXISTING","befar-plastic-putty-applicator","pribor","87101","1","1",""
"plate-type-felt-backing-pad","Plate Type Felt Backing Pad","Befar","family","WEBSITE_AND_CATALOGUE","IMPORT","EXISTING","befar-plate-type-felt-backing-pad","pribor","77776","1","2",""
"polishing-sponge-with-applicator","Polishing Sponge with Applicator","Befar","family","WEBSITE_AND_CATALOGUE","IMPORT","EXISTING","befar-polishing-sponge-with-applicator","poliranje","10101","4","5",""
"sanding-block-hard-red","Sanding Block · Hard Red","Befar","family","WEBSITE_AND_CATALOGUE","IMPORT","EXISTING","befar-sanding-block-hard-red","pribor","89010","3","1",""
"sanding-block-soft-orange","Sanding Block · Soft Orange","Befar","family","WEBSITE_AND_CATALOGUE","IMPORT","EXISTING","befar-sanding-block-soft-orange","pribor","88010","3","1",""
"sanding-pad","Sanding Pad","Befar","family","WEBSITE_ONLY","IMPORT","EXISTING","befar-sanding-pad","pribor","93000","1","2",""
"sandwich-velcro-backing-pad","Sandwich Velcro Backing Pad","Befar","family","WEBSITE_ONLY","IMPORT","EXISTING","befar-sandwich-velcro-backing-pad","pribor","08401SND","3","2",""
"soft-velcro-backing-pad","Soft Velcro Backing Pad","Befar","family","WEBSITE_AND_CATALOGUE","IMPORT","EXISTING","befar-soft-velcro-backing-pad","pribor","08400","4","2",""
"static-fail","Static Fail","Befar","family","WEBSITE_AND_CATALOGUE","IMPORT","EXISTING","befar-static-foil","maskiranje","64005","2","1",""
"tack-cloth","Tack Cloth","Befar","family","WEBSITE_AND_CATALOGUE","IMPORT","EXISTING","befar-tack-cloth","ciscenje","34520","3","1",""
"turkuaz-compound","Turkuaz Compound","Turkuaz","product-row","WEBSITE_ONLY","IMPORT","EXISTING","befar-turkuaz-compound","poliranje","70041","1","1",""
"turkuaz-polish","Turkuaz Polish","Turkuaz","product-row","WEBSITE_ONLY","IMPORT","EXISTING","befar-turkuaz-polish","poliranje","70046","1","1",""
"turkuaz-sanding-block-blue","Turkuaz Sanding Block · Blue","Turkuaz","family","WEBSITE_AND_CATALOGUE","IMPORT","EXISTING","befar-turkuaz-sanding-block-blue","pribor","78010","3","1",""
"turkuaz-static-fail","Turkuaz Static Fail","Turkuaz","family","WEBSITE_AND_CATALOGUE","IMPORT","EXISTING","befar-turkuaz-static-foil","maskiranje","79005","4","1",""
"turkuaz-with-applicator-compounding-pad","Turkuaz With Applicator Compounding Pad","Turkuaz","family","WEBSITE_ONLY","IMPORT","EXISTING","befar-turkuaz-with-applicator-compounding-pad","poliranje","77102","2","1",""
"velcro-polishing-pad","Velcro Polishing Pad","Befar","family","WEBSITE_AND_CATALOGUE","IMPORT","EXISTING","befar-velcro-polishing-pad","poliranje","44801","15","11",""
"velcro-woolpad","Velcro Woolpad","Befar","family","WEBSITE_AND_CATALOGUE","IMPORT","EXISTING","befar-velcro-woolpad","poliranje","07400","4","1",""
"waffle-velcro-polishing-pad","Waffle Velcro Polishing Pad","Befar","family","WEBSITE_AND_CATALOGUE","IMPORT","EXISTING","befar-waffle-velcro-polishing-pad","poliranje","448011","11","7",""
"with-applicator-compounding-pad","With Applicator Compounding Pad","Befar","family","WEBSITE_ONLY","IMPORT","EXISTING","befar-with-applicator-compounding-pad","poliranje","024012","4","4",""
