code,officialName,kind,role,series,action,slug,category,images,documentationGap
"A 1510","A 1510 DIAMONT BLENDER","component","additive","","IMPORT","rm-a-1510-diamont-blender","boje","1",""
"A 2010","A 2010 BRIL 852","component","additive","","IMPORT","rm-a-2010-bril-852","boje","0",""
"A 2210","A 2210 ONYX ACTIVATOR","component","hardener","","ENRICH_EXISTING","2210-onyx-activator","boje","0",""
"A 2220","A 2220 AGILIS ACTIVATOR","component","hardener","","ENRICH_EXISTING","2220-agilis-activator","boje","0",""
"A 2520","A 2520 ONYX EASY BLENDER","product","basecoat-topcoat","","ENRICH_EXISTING","2520-onyx-easy-blender","boje","0",""
"A 2525","ONYX BLENDER PLUS","product","basecoat-topcoat","","IMPORT","rm-onyx-blender-plus","boje","0",""
"A 2530","A 2530 AGILIS BLENDER","product","basecoat-topcoat","","ENRICH_EXISTING","2530-agilis-blender","boje","0",""
"A 2530X","A 2530X AGILIS BLENDER","product","basecoat-topcoat","","IMPORT","rm-a-2530x-agilis-blender","boje","1",""
"A 2540","A 2540 AGILIS BLENDER X-TREME","product","basecoat-topcoat","","IMPORT","rm-a-2540-agilis-blender-x-treme","boje","0",""
"A 2560","A 2560 AGILIS AMPLIFIER","product","basecoat-topcoat","","ENRICH_EXISTING","2560-agilis-amplifier","boje","0",""
"A 2610","A 2610 ONYX INTERIOR","product","basecoat-topcoat","","IMPORT","rm-a-2610-onyx-interior","boje","1",""
"A 2810","A 2810 HYDROPURE","component","additive","","IMPORT","rm-a-2810-hydropure","boje","0",""
"A 2A14","A 2A14 SpeedADD","component","additive","Advance Series","IMPORT","rm-a-2a14-speedadd","boje","1",""
"A 2A44","A 2A44 FlexADD","component","additive","Advance Series","IMPORT","rm-a-2a44-flexadd","boje","1",""
"A 2A45","A 2A45 PlasticADD","component","additive","Advance Series","IMPORT","rm-a-2a45-plasticadd","boje","1",""
"A 2A54","A 2A54 BlendingADD","component","additive","Advance Series","IMPORT","rm-a-2a54-blendingadd","boje","1",""
"A 2A84","A 2A84 TextureADD","component","additive","Advance Series","IMPORT","rm-a-2a84-textureadd","boje","1",""
"A 2P05","A 2P05 FLEX Tune-R","component","additive","Pioneer Series","IMPORT","rm-a-2p05-flex-tune-r","boje","1",""
"A 2P15","A 2P15 AIR Tune-R","component","additive","Pioneer Series","ENRICH_EXISTING","2p15-air-tune-r","boje","0",""
"A 2P17","A 2P17 FAST Tune-R","component","additive","Pioneer Series","IMPORT","rm-a-2p17-fast-tune-r","boje","1",""
"A 2P30","A 2P30 UV BLENDING Thinn-R","component","additive","Pioneer Series","IMPORT","rm-a-2p30-uv-blending-thinn-r","boje","1",""
"A 2P35","A 2P35 BLENDING Thinn-R","component","additive","Pioneer Series","IMPORT","rm-a-2p35-blending-thinn-r","boje","1",""
"A 2P40","A 2P40 PLASTIC Tune-R","component","additive","Pioneer Series","IMPORT","rm-a-2p40-plastic-tune-r","boje","1",""
"A 2P80","A 2P80 TEXTURE Tune-R","component","additive","Pioneer Series","ENRICH_EXISTING","2p80-texture-tune-r","boje","0",""
"A 2RM9","A 2RM9 MATTING AGENT","component","additive","","IMPORT","rm-a-2rm9-matting-agent","boje","1",""
"A 5200","A 5200 GHD DECO A","component","additive","GRAPHITE HD","IMPORT","rm-a-5200-ghd-deco-a","boje","0",""
"A 5480","A 5480 GHD ADDITIVE for UNIVERSAL EP","component","additive","GRAPHITE HD","IMPORT","rm-a-5480-ghd-additive-for-universal-ep","boje","1",""
"A 5700","A 5700 GHD TINTING PASTE","component","additive","GRAPHITE HD","IMPORT","rm-a-5700-ghd-tinting-paste","boje","0",""
"AGILIS","AGILIS","system","basecoat-topcoat","","IMPORT","rm-agilis","boje","1",""
"AGILIS eSense","AGILIS eSense","system","basecoat-topcoat","","IMPORT","rm-agilis-esense","boje","1",""
"AGILIS eSense X-TREME","AGILIS eSense X-TREME","system","basecoat-topcoat","","IMPORT","rm-agilis-esense-x-treme","boje","1",""
"AGILIS X-TREME","AGILIS X-TREME","system","basecoat-topcoat","","IMPORT","rm-agilis-x-treme","boje","0",""
"AM 2A54","AM 2A54 BlendingADD","component","additive","Advance Series","IMPORT","rm-am-2a54-blendingadd","sprejevi","1",""
"AM 2P35","AM 2P35 BLENDING Thinn-R","component","additive","Pioneer Series","IMPORT","rm-am-2p35-blending-thinn-r","sprejevi","0",""
"B 2A13","B 2A13 BrushBODY","product","bodyfiller","Advance Series","IMPORT","rm-b-2a13-brushbody","kitovi","1",""
"B 2A16","B 2A16 PerformBODY","product","bodyfiller","Advance Series","IMPORT","rm-b-2a16-performbody","kitovi","1",""
"B 2A16C","B 2A16C PerformBODY","product","bodyfiller","Advance Series","IMPORT","rm-b-2a16c-performbody","kitovi","1",""
"B 2A16CL","B 2A16CL PerformBODY","product","bodyfiller","Advance Series","IMPORT","rm-b-2a16cl-performbody","kitovi","1",""
"B 2A26","B 2A26 FastBODY","product","bodyfiller","Advance Series","IMPORT","rm-b-2a26-fastbody","kitovi","1",""
"B 2A36","B 2A36 FlexBODY","product","bodyfiller","Advance Series","IMPORT","rm-b-2a36-flexbody","kitovi","1",""
"B 2A42","B 2A42 PlasticBODY","product","bodyfiller","Advance Series","IMPORT","rm-b-2a42-plasticbody","kitovi","1",""
"B 2A56","B 2A56 LightBODY","product","bodyfiller","Advance Series","IMPORT","rm-b-2a56-lightbody","kitovi","1",""
"B 2A63","B 2A63 SprayBODY","product","bodyfiller","Advance Series","IMPORT","rm-b-2a63-spraybody","kitovi","1",""
"B 2E11","B 2E11 Body filler, white","product","bodyfiller","","ENRICH_EXISTING","rm-body-filler-white-b-2e11","kitovi","0",""
"B 2P13","B 2P13 SPRAY Bodyfill-R","product","bodyfiller","Pioneer Series","IMPORT","rm-b-2p13-spray-bodyfill-r","kitovi","1",""
"B 2P21","B 2P21 METAL Bodyfill-R","product","bodyfiller","Pioneer Series","IMPORT","rm-b-2p21-metal-bodyfill-r","kitovi","1",""
"B 2P21C","B 2P21C METAL Bodyfill-R","product","bodyfiller","Pioneer Series","IMPORT","rm-b-2p21c-metal-bodyfill-r","kitovi","1",""
"B 2P42","B 2P42 PLASTIC Bodyfill-R","product","bodyfiller","Pioneer Series","IMPORT","rm-b-2p42-plastic-bodyfill-r","kitovi","1",""
"B 2P57","B 2P57 SF Bodyfill-R","product","bodyfiller","Pioneer Series","IMPORT","rm-b-2p57-sf-bodyfill-r","kitovi","1",""
"B 2P93","B 2P93 UV Bodyfill-R","product","bodyfiller","Pioneer Series","ENRICH_EXISTING","b-2p93-uv-bodyfill-r","kitovi","0",""
"BC 020","BC 020 THINNER","component","thinner","","IMPORT","rm-bc-020-thinner","boje","1",""
"BC 030","BC 030 THINNER","component","thinner","","IMPORT","rm-bc-030-thinner","boje","1",""
"BC 040","BC 040 THINNER","component","thinner","","IMPORT","rm-bc-040-thinner","boje","1",""
"C 2A40","C 2A40 AirTOP","product","clearcoat","Advance Series","ENRICH_EXISTING","c-2a40-airtop","boje","0",""
"C 2A44","C 2A44 FastTOP","product","clearcoat","Advance Series","IMPORT","rm-c-2a44-fasttop","boje","1",""
"C 2A46","C 2A46 UltraTOP","product","clearcoat","Advance Series","ENRICH_EXISTING","c-2a46-ultratop","boje","0",""
"C 2A54","C 2A54 PerformTOP","product","clearcoat","Advance Series","ENRICH_EXISTING","c-2a54-performtop","boje","0",""
"C 2A57","C 2A57 MixTOP","product","clearcoat","Advance Series","ENRICH_EXISTING","c-2a57-mixtop","boje","0",""
"C 2A63","C 2A63 GlossTOP","product","clearcoat","Advance Series","ENRICH_EXISTING","c-2a63-glosstop","boje","0",""
"C 2A64","C 2A64 GlossTOP+","product","clearcoat","Advance Series","ENRICH_EXISTING","c-2a64-glosstop","boje","0",""
"C 2A84","C 2A84 ProtectTOP","product","clearcoat","Advance Series","ENRICH_EXISTING","c-2a84-protecttop","boje","0",""
"C 2A93","C 2A93 MatTOP+","product","clearcoat","Advance Series","ENRICH_EXISTING","c-2a93-mattop","boje","0",""
"C 2A95","C 2A95 MatTOP","product","clearcoat","Advance Series","IMPORT","rm-c-2a95-mattop","boje","0",""
"C 2E10","C 2E10 Clear coat, premixed","product","clearcoat","","ENRICH_EXISTING","c-2e10-clear-coat-premixed","boje","0",""
"C 2E50","C 2E50 Clear coat","product","clearcoat","","ENRICH_EXISTING","c-2e50-clear-coat","boje","0",""
"C 2P15","C 2P15 EASY Finish-R","product","clearcoat","Pioneer Series","ENRICH_EXISTING","c-2p15-easy-finish-r","boje","0",""
"C 2P30","C 2P30 UV Finish-R","product","clearcoat","Pioneer Series","ENRICH_EXISTING","c-2p30-uv-finish-r","boje","0",""
"C 2P42","C 2P42 RACE Finish-R","product","clearcoat","Pioneer Series","ENRICH_EXISTING","c-2p42-race-finish-r","boje","0",""
"C 2P45","C 2P45 SPEED Finish-R","product","clearcoat","Pioneer Series","ENRICH_EXISTING","c-2p45-speed-finish-r","boje","0",""
"C 2P52","C 2P52 EASY AIR Finish-R","product","clearcoat","Pioneer Series","IMPORT","rm-c-2p52-easy-air-finish-r","boje","1",""
"C 2P55","C 2P55 MULTI Finish-R","product","clearcoat","Pioneer Series","ENRICH_EXISTING","c-2p55-multi-finish-r","boje","0",""
"C 2P62","C 2P62 BRIGHT Finish-R","product","clearcoat","Pioneer Series","ENRICH_EXISTING","c-2p62-bright-finish-r","boje","0",""
"C 2P65","C 2P65 INTENSE Finish-R","product","clearcoat","Pioneer Series","IMPORT","rm-c-2p65-intense-finish-r","boje","1",""
"C 2P85","C 2P85 POWER Finish-R","product","clearcoat","Pioneer Series","ENRICH_EXISTING","c-2p85-power-finish-r","boje","0",""
"C 2P91","C 2P91 MAT Finish-R","product","clearcoat","Pioneer Series","ENRICH_EXISTING","c-2p91-mat-finish-r","boje","0",""
"C 2P96","C 2P96 SATIN Finish-R","product","clearcoat","Pioneer Series","ENRICH_EXISTING","c-2p96-satin-finish-r","boje","0",""
"C 2RM2","C 2RM2 WHEEL CLEAR COAT","product","clearcoat","","IMPORT","rm-c-2rm2-wheel-clear-coat","boje","0",""
"C 5450","C 5450 GHD CLEAR","product","clearcoat","GRAPHITE HD","ENRICH_EXISTING","c-5450-ghd-clear","boje","0",""
"D 121","D 121 ULTRA FLASH FLAKE DIAMOND","product","basecoat-topcoat","","IMPORT","rm-d-121-ultra-flash-flake-diamond","boje","0",""
"D 403","D 403 DIAMONT JET BLACK","product","basecoat-topcoat","","IMPORT","rm-d-403-diamont-jet-black","boje","1",""
"DB 403","DB 403 ONYX HD Deep Black","product","basecoat-topcoat","","IMPORT","rm-db-403-onyx-hd-deep-black","boje","0",""
"DIAMONT","DIAMONT","system","basecoat-topcoat","","ENRICH_EXISTING","rm-diamont-bazna-boja","boje","0",""
"DIAMONT var CV","DIAMONT","product","basecoat-topcoat","","IMPORT","rm-diamont","boje","1",""
"GHD CV 12","GHD CV 12","product","basecoat-topcoat","GRAPHITE HD","IMPORT","rm-ghd-cv-12","boje","0",""
"GHD CV 40M","GHD CV 40M","product","basecoat-topcoat","GRAPHITE HD","IMPORT","rm-ghd-cv-40m","boje","0",""
"GHD TOPCOAT","GHD TOPCOAT","system","basecoat-topcoat","GRAPHITE HD","ENRICH_EXISTING","ghd-topcoat","boje","0",""
"GV 100","GV 100 GHD THINNER","component","thinner","GRAPHITE HD","IMPORT","rm-gv-100-ghd-thinner","boje","0",""
"GV 200","GV 200 GHD THINNER","component","thinner","GRAPHITE HD","IMPORT","rm-gv-200-ghd-thinner","boje","0",""
"GV 300","GV 300 GHD THINNER","component","thinner","GRAPHITE HD","IMPORT","rm-gv-300-ghd-thinner","boje","0",""
"GV 400","GV 400 GHD THINNER","component","thinner","GRAPHITE HD","IMPORT","rm-gv-400-ghd-thinner","boje","0",""
"H 2A14","H 2A14 TopCURE","component","hardener","Advance Series","ENRICH_EXISTING","h-2a14-topcure","boje","0",""
"H 2A20","H 2A20 AirtopCure","component","hardener","Advance Series","IMPORT","rm-h-2a20-airtopcure","boje","1",""
"H 2A23","H 2A23 ProtectCURE Epoxy","component","hardener","Advance Series","IMPORT","rm-h-2a23-protectcure-epoxy","boje","1",""
"H 2A24","H 2A24 TopCURE","component","hardener","Advance Series","IMPORT","rm-h-2a24-topcure","boje","1",""
"H 2A26","H 2A26 ProtectCURE Wash","component","hardener","Advance Series","IMPORT","rm-h-2a26-protectcure-wash","boje","1",""
"H 2A30","H 2A30 FillCURE","component","hardener","Advance Series","IMPORT","rm-h-2a30-fillcure","boje","1",""
"H 2A31","H 2A31 FillCURE Slow","component","hardener","Advance Series","IMPORT","rm-h-2a31-fillcure-slow","boje","0",""
"H 2A34","H 2A34 TopCURE","component","hardener","Advance Series","IMPORT","rm-h-2a34-topcure","boje","1",""
"H 2A60","H 2A60 ProtectCURE Multi","component","hardener","Advance Series","IMPORT","rm-h-2a60-protectcure-multi","boje","1",""
"H 2A80","H 2A80 FillCURE Plus","component","hardener","Advance Series","IMPORT","rm-h-2a80-fillcure-plus","boje","0",""
"H 2A81","H 2A81 FillCURE Plus slow","component","hardener","Advance Series","IMPORT","rm-h-2a81-fillcure-plus-slow","boje","0",""
"H 2A94","H 2A94 MatCURE","component","hardener","Advance Series","IMPORT","rm-h-2a94-matcure","boje","1",""
"H 2E20","H 2E20 Hardener","component","hardener","","ENRICH_EXISTING","h-2e20-hardener","boje","0",""
"H 2E23","H 2E23 Filler hardener","component","hardener","","IMPORT","rm-h-2e23-filler-hardener","boje","1",""
"H 2P05","H 2P05 CLEAR Harden-R","component","hardener","Pioneer Series","ENRICH_EXISTING","h-2p05-clear-harden-r","boje","0",""
"H 2P15","H 2P15 CLEAR Harden-R","component","hardener","Pioneer Series","ENRICH_EXISTING","h-2p15-clear-harden-r","boje","0",""
"H 2P16","H 2P16 METAL Harden-R","component","hardener","Pioneer Series","IMPORT","rm-h-2p16-metal-harden-r","boje","1",""
"H 2P20","H 2P20 AIR Harden-R","component","hardener","Pioneer Series","IMPORT","rm-h-2p20-air-harden-r","boje","1",""
"H 2P25","H 2P25 CLEAR Harden-R","component","hardener","Pioneer Series","IMPORT","rm-h-2p25-clear-harden-r","boje","1",""
"H 2P35","H 2P35 CLEAR Harden-R","component","hardener","Pioneer Series","IMPORT","rm-h-2p35-clear-harden-r","boje","1",""
"H 2P60","H 2P60 MULTI Harden-R","component","hardener","Pioneer Series","IMPORT","rm-h-2p60-multi-harden-r","boje","1",""
"H 2P80","H 2P80 FILLER Harden-R Plus","component","hardener","Pioneer Series","IMPORT","rm-h-2p80-filler-harden-r-plus","boje","0",""
"H 2P81","H 2P81 FILLER Harden-R Plus slow","component","hardener","Pioneer Series","IMPORT","rm-h-2p81-filler-harden-r-plus-slow","boje","0",""
"H 2P84","H 2P84 FILLER Harden-R","component","hardener","Pioneer Series","IMPORT","rm-h-2p84-filler-harden-r","boje","1",""
"H 2P95","H 2P95 MATSHADE Harden-R","component","hardener","Pioneer Series","IMPORT","rm-h-2p95-matshade-harden-r","boje","1",""
"H 2P96","H 2P96 MATSHADE Harden-R","component","hardener","Pioneer Series","IMPORT","rm-h-2p96-matshade-harden-r","boje","0",""
"H 2RM1","H 2RM1 BODY Harden-R","component","hardener","","IMPORT","rm-h-2rm1-body-harden-r","kitovi","1",""
"H 2RM1C","H 2RM1C BODY Harden-R","component","hardener","","IMPORT","rm-h-2rm1c-body-harden-r","kitovi","1",""
"H 2RM1CL","H 2RM1CL BODY Harden-R","component","hardener","","IMPORT","rm-h-2rm1cl-body-harden-r","kitovi","1",""
"H 2RM2","H 2RM2 WHEEL CLEAR COAT, HARDENER","component","hardener","","IMPORT","rm-h-2rm2-wheel-clear-coat-hardener","boje","0",""
"H 2RM3","H 2RM3 SPRAY BODY Harden-R","component","hardener","","IMPORT","rm-h-2rm3-spray-body-harden-r","kitovi","1",""
"H 340","H 340 GHD PROTECT FILLER HARDENER","component","hardener","GRAPHITE HD","IMPORT","rm-h-340-ghd-protect-filler-hardener","boje","0",""
"H 380","H 380 GHD HARDENER","component","hardener","GRAPHITE HD","ENRICH_EXISTING","h-380-ghd-hardener","boje","0",""
"H 5430","H 5430 GHD SLOW ACTIVATOR","component","hardener","GRAPHITE HD","IMPORT","rm-h-5430-ghd-slow-activator","boje","0",""
"H 5480","H 5480 GHD UNIVERSAL EP HARDENER","component","hardener","GRAPHITE HD","IMPORT","rm-h-5480-ghd-universal-ep-hardener","boje","1",""
"H 700","H 700 GHD HARDENER","component","hardener","GRAPHITE HD","IMPORT","rm-h-700-ghd-hardener","boje","0",""
"H 750","H 750 GHD HARDENER","component","hardener","GRAPHITE HD","IMPORT","rm-h-750-ghd-hardener","boje","0",""
"H 770","H 770 GHD HARDENER","component","hardener","GRAPHITE HD","IMPORT","rm-h-770-ghd-hardener","boje","0",""
"HB 002 var CV","HB 002 ONYX HD","product","basecoat-topcoat","","IMPORT","rm-hb-002-onyx-hd","boje","1",""
"HB 015","HB 015 AGILIS Minor Repair","product","basecoat-topcoat","","IMPORT","rm-hb-015-agilis-minor-repair","boje","0","TDS nestandardnog formata (bez zaglavlja i revizije); tehničke činjenice se ne čitaju"
"HB 032","HB 032 HYDROMIX","component","thinner","","ENRICH_EXISTING","hb-032-hydromix","boje","0","zvanični TDS nije pronađen na portalu"
"HB 034","HB 034 HYDROMIX SLOW","component","thinner","","IMPORT","rm-hb-034-hydromix-slow","boje","1",""
"HB 036","HB 036 HYDROMIX TROPICAL","component","thinner","","ENRICH_EXISTING","hb-036-hydromix-tropical","boje","0",""
"HB 10S","HB 10S Gleam Silver ONYX HD","product","basecoat-topcoat","","IMPORT","rm-hb-10s-gleam-silver-onyx-hd","boje","0",""
"ONYX HD","ONYX HD","system","basecoat-topcoat","","IMPORT","rm-onyx-hd","boje","1",""
"ONYX HD TROPICAL","ONYX HD TROPICAL","system","basecoat-topcoat","","IMPORT","rm-onyx-hd-tropical","boje","0",""
"P 2A23","P 2A23 EpoxyPROTECT Grey","product","undercoat","Advance Series","IMPORT","rm-p-2a23-epoxyprotect-grey","boje","1",""
"P 2A26","P 2A26 CorrosionPROTECT","product","undercoat","Advance Series","IMPORT","rm-p-2a26-corrosionprotect","boje","1",""
"P 2A31","P 2A31 EasyFILLER White","product","undercoat","Advance Series","IMPORT","rm-p-2a31-easyfiller-white","boje","1",""
"P 2A35","P 2A35 EasyFILLER Black","product","undercoat","Advance Series","IMPORT","rm-p-2a35-easyfiller-black","boje","1",""
"P 2A41","P 2A41 PerformFILLER White","product","undercoat","Advance Series","ENRICH_EXISTING","p-2a41-performfiller-white","boje","0",""
"P 2A45","P 2A45 PerformFILLER Black","product","undercoat","Advance Series","IMPORT","rm-p-2a45-performfiller-black","boje","1",""
"P 2A61","P 2A61 MultiPROTECT White","product","undercoat","Advance Series","ENRICH_EXISTING","p-2a61-multiprotect-white","boje","0",""
"P 2A63","P 2A63 MultiPROTECT Grey","product","undercoat","Advance Series","ENRICH_EXISTING","p-2a63-multiprotect-grey","boje","0",""
"P 2A65","P 2A65 MultiPROTECT Black","product","undercoat","Advance Series","ENRICH_EXISTING","p-2a65-multiprotect-black","boje","0",""
"P 2A70","P 2A70 AdhesionPROMOTER","product","undercoat","Advance Series","IMPORT","rm-p-2a70-adhesionpromoter","boje","1",""
"P 2A71","P 2A71 QuickFILLER White","product","undercoat","Advance Series","IMPORT","rm-p-2a71-quickfiller-white","boje","1",""
"P 2A75","P 2A75 QuickFILLER Black","product","undercoat","Advance Series","IMPORT","rm-p-2a75-quickfiller-black","boje","1",""
"P 2A81","P 2A81 SpeedFILLER White","product","undercoat","Advance Series","IMPORT","rm-p-2a81-speedfiller-white","boje","0",""
"P 2A85","P 2A85 SpeedFILLER Black","product","undercoat","Advance Series","IMPORT","rm-p-2a85-speedfiller-black","boje","0",""
"P 2E23","P 2E23 Primer filler, grey","product","undercoat","","ENRICH_EXISTING","p-2e23-primer-filler-grey","boje","0",""
"P 2P16","P 2P16 METAL Prim-R Beige","product","undercoat","Pioneer Series","IMPORT","rm-p-2p16-metal-prim-r-beige","boje","1",""
"P 2P21","P 2P21 AIR Purpos-R White","product","undercoat","Pioneer Series","IMPORT","rm-p-2p21-air-purpos-r-white","boje","1",""
"P 2P23","P 2P23 AIR Purpos-R Grey","product","undercoat","Pioneer Series","ENRICH_EXISTING","p-2p23-air-purpos-r-grey","boje","0",""
"P 2P25","P 2P25 AIR Purpos-R Black","product","undercoat","Pioneer Series","IMPORT","rm-p-2p25-air-purpos-r-black","boje","1",""
"P 2P33","P 2P33 WATER Fill-R Grey","product","undercoat","Pioneer Series","IMPORT","rm-p-2p33-water-fill-r-grey","boje","1",""
"P 2P43","P 2P43 PLASTIC Fill-R Grey","product","undercoat","Pioneer Series","IMPORT","rm-p-2p43-plastic-fill-r-grey","boje","1",""
"P 2P51","P 2P51 SANDING Fill-R+ White","product","undercoat","Pioneer Series","ENRICH_EXISTING","p-2p51-sanding-fill-r-white","boje","0",""
"P 2P53","P 2P53 SANDING Fill-R+ Grey","product","undercoat","Pioneer Series","IMPORT","rm-p-2p53-sanding-fill-r-plus-grey","boje","1",""
"P 2P55","P 2P55 SANDING Fill-R+ Black","product","undercoat","Pioneer Series","ENRICH_EXISTING","p-2p55-sanding-fill-r-black","boje","0",""
"P 2P61","P 2P61 MULTI Purpos-R White","product","undercoat","Pioneer Series","IMPORT","rm-p-2p61-multi-purpos-r-white","boje","1",""
"P 2P63","P 2P63 MULTI Purpos-R Grey","product","undercoat","Pioneer Series","ENRICH_EXISTING","p-2p63-multi-purpos-r-grey","boje","0",""
"P 2P65","P 2P65 MULTI Purpos-R Black","product","undercoat","Pioneer Series","IMPORT","rm-p-2p65-multi-purpos-r-black","boje","1",""
"P 2P71","P 2P71 WET Fill-R White","product","undercoat","Pioneer Series","IMPORT","rm-p-2p71-wet-fill-r-white","boje","1",""
"P 2P75","P 2P75 WET Fill-R Black","product","undercoat","Pioneer Series","IMPORT","rm-p-2p75-wet-fill-r-black","boje","1",""
"P 2P81","P 2P81 Race WET Fill-R White","product","undercoat","Pioneer Series","ENRICH_EXISTING","p-2p81-race-wet-fill-r-white","boje","0",""
"P 2P85","P 2P85 Race WET Fill-R Black","product","undercoat","Pioneer Series","ENRICH_EXISTING","p-2p85-race-wet-fill-r-black","boje","0",""
"P 2P92","P 2P92 UV Fill-R Light Grey","product","undercoat","Pioneer Series","ENRICH_EXISTING","p-2p92-uv-fill-r-light-grey","boje","0",""
"P 2P93","P 2P93 UV Fill-R Grey","product","undercoat","Pioneer Series","IMPORT","rm-p-2p93-uv-fill-r-grey","boje","1",""
"P 2P94","P 2P94 UV Fill-R Dark Grey","product","undercoat","Pioneer Series","ENRICH_EXISTING","p-2p94-uv-fill-r-dark-grey","boje","0",""
"P 5430W","P 5430W GHD SURFACER WHITE","product","undercoat","GRAPHITE HD","IMPORT","rm-p-5430w-ghd-surfacer-white","boje","0",""
"P 5433","P 5433 GHD CHASSISMIX","product","undercoat","GRAPHITE HD","IMPORT","rm-p-5433-ghd-chassismix","boje","0",""
"P 5480","P 5480 GHD UNIVERSAL EPOXY","product","undercoat","GRAPHITE HD","ENRICH_EXISTING","p-5480-ghd-universal-epoxy","boje","0",""
"P 5520","P 5520 GHD MULTI PRIMER FILLER CF","product","undercoat","GRAPHITE HD","IMPORT","rm-p-5520-ghd-multi-primer-filler-cf","boje","0",""
"P 5530","P 5530 GHD UNI WASH","product","undercoat","GRAPHITE HD","ENRICH_EXISTING","p-5530-ghd-uni-wash","boje","0",""
"P 5540","P 5540 GHD PROTECT PRIMER FILLER","product","undercoat","GRAPHITE HD","IMPORT","rm-p-5540-ghd-protect-primer-filler","boje","0",""
"PK 1A05","PK 1A05 MetalPREP","product","cleaner","Advance Series","IMPORT","rm-pk-1a05-metalprep","ciscenje","1",""
"PK 1A15","PK 1A15 UndercoatPREP","product","cleaner","Advance Series","IMPORT","rm-pk-1a15-undercoatprep","ciscenje","1",""
"PK 1P10","PK 1P10 SILICONE Remov-R","product","cleaner","Pioneer Series","IMPORT","rm-pk-1p10-silicone-remov-r","ciscenje","1",""
"PK 2A15","PK 2A15 Undercoat HydroPREP","product","cleaner","Advance Series","IMPORT","rm-pk-2a15-undercoat-hydroprep","ciscenje","1",""
"PK 2A25","PK 2A25 Topcoat HydroPREP","product","cleaner","Advance Series","IMPORT","rm-pk-2a25-topcoat-hydroprep","ciscenje","1",""
"PK 2A35","PK 2A35 PlasticPREP","product","cleaner","Advance Series","IMPORT","rm-pk-2a35-plasticprep","ciscenje","1",""
"PK 2P10","PK 2P10 MULTI Clean-R","product","cleaner","Pioneer Series","IMPORT","rm-pk-2p10-multi-clean-r","ciscenje","1",""
"PK 2P20","PK 2P20 PRE Clean-R","product","cleaner","Pioneer Series","IMPORT","rm-pk-2p20-pre-clean-r","ciscenje","1",""
"PK 2P40","PK 2P40 PLASTIC Clean-R","product","cleaner","Pioneer Series","IMPORT","rm-pk-2p40-plastic-clean-r","ciscenje","1",""
"PK 2P50","PK 2P50 PRO Prep-R","product","cleaner","Pioneer Series","IMPORT","rm-pk-2p50-pro-prep-r","ciscenje","1",""
"PM 2A20","PM 2A20 PlasticADHESION","product","undercoat","Advance Series","IMPORT","rm-pm-2a20-plasticadhesion","boje","1",""
"PM 2A32","PM 2A32 1K PROTECT Light Grey","product","undercoat","Advance Series","IMPORT","rm-pm-2a32-1k-protect-light-grey","boje","1",""
"PM 2A34","PM 2A34 1K PROTECT Dark Grey","product","undercoat","Advance Series","IMPORT","rm-pm-2a34-1k-protect-dark-grey","boje","1",""
"PM 2E32","PM 2E32 Filler, light grey","product","undercoat","","ENRICH_EXISTING","pm-2e32-filler-light-grey","sprejevi","0",""
"PM 2E34","PM 2E34 Filler, dark grey","product","undercoat","","ENRICH_EXISTING","pm-2e34-filler-dark-grey","sprejevi","0",""
"PM 2P10","PM 2P10 PLASTIC Prim-R","product","undercoat","Pioneer Series","IMPORT","rm-pm-2p10-plastic-prim-r","boje","1",""
"PM 2P12","PM 2P12 Fill-R Light Grey","product","undercoat","Pioneer Series","IMPORT","rm-pm-2p12-fill-r-light-grey","boje","1",""
"PM 2P14","PM 2P14 Fill-R Dark Grey","product","undercoat","Pioneer Series","IMPORT","rm-pm-2p14-fill-r-dark-grey","boje","1",""
"PM 2P93","PM 2P93 UV Fill-R Grey","product","undercoat","Pioneer Series","IMPORT","rm-pm-2p93-uv-fill-r-grey","boje","1",""
"R 2A10","R 2A10 AirtopTHINN","component","thinner","Advance Series","ENRICH_EXISTING","r-2a10-airtopthinn","boje","0",""
"R 2A14","R 2A14 MultiTHINN","component","thinner","Advance Series","ENRICH_EXISTING","r-2a14-multithinn","boje","0",""
"R 2A20","R 2A20 AirtopTHINN","component","thinner","Advance Series","IMPORT","rm-r-2a20-airtopthinn","boje","0",""
"R 2A24","R 2A24 MultiTHINN","component","thinner","Advance Series","IMPORT","rm-r-2a24-multithinn","boje","1",""
"R 2A34","R 2A34 MultiTHINN","component","thinner","Advance Series","IMPORT","rm-r-2a34-multithinn","boje","1",""
"R 2E10","R 2E10 Thinner, fast","component","thinner","","ENRICH_EXISTING","r-2e10-thinner-fast","boje","0",""
"R 2E20","R 2E20 Thinner, medium","component","thinner","","IMPORT","rm-r-2e20-thinner-medium","boje","1",""
"R 2E30","R 2E30 Thinner, slow","component","thinner","","IMPORT","rm-r-2e30-thinner-slow","boje","1",""
"R 2P15","R 2P15 CLEAR Thinn-R","component","thinner","Pioneer Series","ENRICH_EXISTING","r-2p15-clear-thinn-r","boje","0",""
"R 2P20","R 2P20 UNDER Thinn-R Medium","component","thinner","Pioneer Series","ENRICH_EXISTING","r-2p20-under-thinn-r-medium","boje","0",""
"R 2P25","R 2P25 CLEAR Thinn-R","component","thinner","Pioneer Series","IMPORT","rm-r-2p25-clear-thinn-r","boje","1",""
"R 2P30","R 2P30 UV Thinn-R","component","thinner","Pioneer Series","IMPORT","rm-r-2p30-uv-thinn-r","boje","1",""
"R 2P35","R 2P35 CLEAR Thinn-R","component","thinner","Pioneer Series","IMPORT","rm-r-2p35-clear-thinn-r","boje","1",""
"R 2P45","R 2P45 CLEAR Thinn-R","component","thinner","Pioneer Series","IMPORT","rm-r-2p45-clear-thinn-r","boje","0",""
"RA 040","RA 040 AGILIS MIX","component","thinner","","IMPORT","rm-ra-040-agilis-mix","boje","0",""
"RA 050","RA 050 AGILIS MIX","component","thinner","","IMPORT","rm-ra-050-agilis-mix","boje","1",""
"RA 050X","RA 050X AGILIS MIX","component","thinner","","ENRICH_EXISTING","ra-050x-agilis-mix","boje","0",""
"RA 220","RA 220 AGILIS INTERIOR MIX","component","thinner","","IMPORT","rm-ra-220-agilis-interior-mix","boje","1",""
"SC T2A203","SC T2A203 Pure black","product","basecoat-topcoat","Advance Series","IMPORT","rm-sc-t2a203-pure-black","boje","1",""
"SC T2A204","SC T2A204 Mat black","product","basecoat-topcoat","Advance Series","IMPORT","rm-sc-t2a204-mat-black","boje","1",""
"SC T2P203","SC T2P203 Pure black","product","basecoat-topcoat","Pioneer Series","IMPORT","rm-sc-t2p203-pure-black","boje","1",""
"SC T2P204","SC T2P204 Mat black","product","basecoat-topcoat","Pioneer Series","IMPORT","rm-sc-t2p204-mat-black","boje","1",""
"T 2A55","T 2A55 TopcoatMIX","product","basecoat-topcoat","Advance Series","IMPORT","rm-t-2a55-topcoatmix","boje","1",""
"T 2P55","T 2P55 TOPCOAT Mix-R","product","basecoat-topcoat","Pioneer Series","IMPORT","rm-t-2p55-topcoat-mix-r","boje","1",""
"","UNO HD","system","basecoat-topcoat","","IMPORT","rm-uno-hd","boje","0",""
