sourceKey,officialName,classification,action,change,slug,localSlug,ourCategory,leadArticle,articles,images,documents,reason
"1k-etch-primer-spray","1K Etch Primer Spray","WEBSITE_ONLY","IMPORT","EXISTING","carfit-1k-etch-primer-spray","","boje","4-430-0400","1","1","2",""
"1k-hi-build-grundierfueller-spray","1K Hi-Build primer filler Spray","WEBSITE_AND_CATALOGUE","IMPORT","EXISTING","carfit-1k-hi-build-primer-filler-spray","","boje","4-500-0400","3","1","2",""
"1k-kunststoff-primer-spray","1K Plastic primer Spray","WEBSITE_ONLY","IMPORT","EXISTING","carfit-1k-plastic-primer-spray","","boje","4-435-0400","1","1","2",""
"2-lagiges-putztuch","Double Layer Cleaning Cloths","WEBSITE_AND_CATALOGUE","IMPORT","EXISTING","carfit-double-layer-cleaning-cloths","","ciscenje","8-802-1000","1","1","0",""
"2k-epoxid-grundierfueller-11","2K Epoxy Primer 1:1","WEBSITE_AND_CATALOGUE","IMPORT","EXISTING","carfit-2k-epoxy-primer-1-1","","boje","4-390-0500","2","1","3",""
"2k-fast-air-grundierfueller-31","2K Fast Air Primer Filler 3:1","WEBSITE_ONLY","IMPORT","EXISTING","carfit-2k-fast-air-primer-filler-3-1","","boje","4-420-1000","7","1","3",""
"2k-hs-acryl-grundierfueller-41","2K HS Acryl Primer Filler 4:1","WEBSITE_AND_CATALOGUE","IMPORT","EXISTING","carfit-2k-hs-acryl-primer-filler-4-1","","boje","4-103-0800","8","1","3",""
"2k-hs-kratzfester-klarlack-21","2K HS Scratch resistent clearcoat 2:1","WEBSITE_AND_CATALOGUE","IMPORT","EXISTING","carfit-2k-hs-scratch-resistent-clearcoat-2-1","","boje","7-221-1000","8","1","3",""
"2k-hs-perfekt-klarlack","2K HS Perfect clear","WEBSITE_AND_CATALOGUE","IMPORT","EXISTING","carfit-2k-hs-perfect-clear","","boje","7-122-1500","7","1","1",""
"2k-klarlack-spray","2K Clearcoat Spray","WEBSITE_ONLY","IMPORT","EXISTING","carfit-2k-clearcoat-spray","","boje","7-204-0200","1","1","2",""
"2k-ms-industrie-klarlack","2K MS Clearcoat industrial use","WEBSITE_AND_CATALOGUE","IMPORT","EXISTING","carfit-2k-ms-clearcoat-industrial-use","","boje","7-153-1500","5","1","2",""
"2k-uhs-low-voc-klarlack","2K UHS low VOC Clearcoat","WEBSITE_AND_CATALOGUE","IMPORT","EXISTING","carfit-2k-uhs-low-voc-clearcoat","","boje","7-357-0500","6","1","3",""
"2k-ultra-hs-klarlack","2K Ultra HS Clearcoat","WEBSITE_AND_CATALOGUE","IMPORT","EXISTING","carfit-2k-ultra-hs-clearcoat","","boje","7-401-1000","8","1","3",""
"2k-us-fueller-41","2K US Filler 4:1","WEBSITE_AND_CATALOGUE","IMPORT","EXISTING","carfit-2k-us-filler-4-1","","boje","4-240-1000","5","1","3",""
"2k-washprimer-21","2K Washprimer 2:1","WEBSITE_AND_CATALOGUE","IMPORT","EXISTING","carfit-2k-washprimer-2-1","","boje","4-398-0800","2","1","3",""
"abbeizspray","Paint remover Spray","WEBSITE_AND_CATALOGUE","IMPORT","EXISTING","carfit-paint-remover-spray","","ciscenje","7-553-0400","1","1","2",""
"abdeck-papier-wasserabweisend","Coverpaper waterproof","WEBSITE_ONLY","IMPORT","EXISTING","carfit-coverpaper-waterproof","","maskiranje","1-232-1320","6","1","0",""
"abdeckfolie-mit-elektrostatischen-eigenschaften","Masking film with electrostatic effect","WEBSITE_ONLY","IMPORT","EXISTING","carfit-masking-film-with-electrostatic-effect","","maskiranje","1-202-4020","3","1","0",""
"abdeckfolie-mit-klebeband","Pretaped masking film","WEBSITE_AND_CATALOGUE","IMPORT","EXISTING","carfit-pretaped-masking-film","","maskiranje","1-200-1800","3","1","0",""
"abdeckklebeband-100c","Cover tape up to 100°C","WEBSITE_ONLY","IMPORT","EXISTING","carfit-cover-tape-up-to-100c","","maskiranje","9-100-1019","4","1","0",""
"abdeckklebeband-80c","Cover tape up to 80°C","WEBSITE_AND_CATALOGUE","IMPORT","EXISTING","carfit-cover-tape-up-to-80c","","maskiranje","9-100-0019","4","1","0",""
"abdeckklebeband-orange-100c","Cover tape orange up to 100°C","WEBSITE_ONLY","IMPORT","EXISTING","carfit-cover-tape-orange-up-to-100c","","maskiranje","9-130-1850","1","1","0",""
"abdeckklebeband-wasserfest-120c","Cover tape water resistant up to 120°C","WEBSITE_ONLY","IMPORT","EXISTING","carfit-cover-tape-water-resistant-up-to-120c","","maskiranje","9-120-1019","5","1","1",""
"abdeckmaterial-mit-elektrostatischen-eigenschaften","Masking film 7mm with electrostatic effect","WEBSITE_ONLY","MATCHED_EXISTING","","","carfit-maskirna-folija-4x5m","maskiranje","1-201-0450","3","1","0","HIGH_CONFIDENCE_MATCH: naša slika je bajt-identična zvaničnoj slici proizvoda; ručno pakovanje (4mx5m) = zvanična varijanta 1-201-0450"
"alu-soft-spachtel","Alu & Soft Putty","WEBSITE_AND_CATALOGUE","IMPORT","EXISTING","carfit-alu-and-soft-putty","","kitovi","2-181-1000","1","1","2",""
"auflage-fuer-polierscheiben","Pads for polishing discs Velcro","WEBSITE_AND_CATALOGUE","IMPORT","EXISTING","carfit-pads-for-polishing-discs-velcro","","poliranje","5-100-0001","2","1","0",""
"befuellbare-spraydose","Fillable spray can","WEBSITE_AND_CATALOGUE","IMPORT","EXISTING","carfit-fillable-spray-can","","pribor","7-501-0400","1","1","2",""
"beispritzverduennung","Fade Out Thinner","WEBSITE_AND_CATALOGUE","IMPORT","EXISTING","carfit-fade-out-thinner","","boje","7-557-1000","1","1","2",""
"beispritzverduennung-spray","Fade out thinner Spray","WEBSITE_AND_CATALOGUE","IMPORT","EXISTING","carfit-fade-out-thinner-spray","","boje","7-551-0400","1","1","2",""
"carbon-spachtel","Carbon Putty","WEBSITE_AND_CATALOGUE","IMPORT","EXISTING","carfit-carbon-putty","","kitovi","2-125-1800","1","1","2",""
"color-net-disc-netzschleifscheibe","Color Net Disc","WEBSITE_ONLY","IMPORT","EXISTING","carfit-color-net-disc","","abrazivi","6-700-0080","19","1","0",""
"doppelseitiges-klebeband","Double-sided adhesive tape","WEBSITE_ONLY","REPRESENTED_BY_OWNER","","","","lepkovi","","0","1","0","sve šifre stranice (9-171-1905) vode se uz proizvod „montageklebeband-pe”"
"einwegfussmatte","Disposable Floor Mats","WEBSITE_ONLY","IMPORT","EXISTING","carfit-disposable-floor-mats","","maskiranje","3-100-0501","1","1","0",""
"entfettugstuch-sontara","SONTARA® Degreasing & Cleaning Cloth","WEBSITE_ONLY","IMPORT","EXISTING","carfit-sontara-degreasing-and-cleaning-cloth","","ciscenje","8-804-0125","2","1","0",""
"expressklarlack","Express Clearcoat","WEBSITE_AND_CATALOGUE","IMPORT","EXISTING","carfit-express-clearcoat","","boje","7-156-1500","1","1","2",""
"faltbarer-premium-x-lackierstaender","Folding paint stand premium","WEBSITE_AND_CATALOGUE","IMPORT","EXISTING","carfit-folding-paint-stand-premium","","radionica","6-915-1002","2","2","0",""
"farbsiebe","Disposable Paint Strainers","WEBSITE_AND_CATALOGUE","IMPORT","EXISTING","carfit-disposable-paint-strainers","","pribor","7-850-0125","2","1","0",""
"fast-paint-system","Fast Paint System","WEBSITE_AND_CATALOGUE","IMPORT","EXISTING","carfit-fast-paint-system","","pribor","3-225-0002","36","1","1",""
"felgensilber-spray","Silver wheel Spray","WEBSITE_AND_CATALOGUE","IMPORT","EXISTING","carfit-silver-wheel-spray","","sprejevi","4-143-0400","1","1","2",""
"flacher-schleifblock","Flat Sanding Block","WEBSITE_AND_CATALOGUE","IMPORT","EXISTING","carfit-flat-sanding-block","","pribor","5-170-0005","1","1","0",""
"folienradierer-und-adapter","Tape-off Disk Premium","WEBSITE_AND_CATALOGUE","IMPORT","EXISTING","carfit-tape-off-disk-premium","","maskiranje","3-804-1001","1","1","0",""
"gewebeband","Fabric tape","WEBSITE_AND_CATALOGUE","IMPORT","EXISTING","carfit-fabric-tape","","maskiranje","9-150-5050","1","1","0",""
"glas-plus-spachtel","Glas Plus Putty","WEBSITE_AND_CATALOGUE","IMPORT","EXISTING","carfit-glas-plus-putty","","kitovi","2-144-0500","3","1","2",""
"gold-paper-disc","Gold Paper Disc","WEBSITE_AND_CATALOGUE","IMPORT","EXISTING","carfit-gold-paper-disc","","abrazivi","6-300-0040","22","1","0",""
"gold-paper-disc-2","Purple Ceramic Film","WEBSITE_AND_CATALOGUE","IMPORT","EXISTING","carfit-purple-ceramic-film","","abrazivi","6-510-0040","18","1","0",""
"gummi-schleifblock","Rubber Sanding Block","WEBSITE_AND_CATALOGUE","IMPORT","EXISTING","carfit-rubber-sanding-block","","pribor","5-170-0002","1","1","0",""
"halbrunder-schleifblock","Semi-Round Sanding Block","WEBSITE_AND_CATALOGUE","IMPORT","EXISTING","carfit-semi-round-sanding-block","","pribor","5-170-0006","1","1","0",""
"handschleifblock","Hand Sanding Block","WEBSITE_ONLY","IMPORT","EXISTING","carfit-hand-sanding-block","","pribor","5-170-0001","1","1","0",""
"hochglanzpolitur","Finishing compound","WEBSITE_AND_CATALOGUE","IMPORT","EXISTING","carfit-finishing-compound","","poliranje","5-100-1001","1","1","2",""
"hohlraumkonservierung-spray","Cavity preservation Spray","WEBSITE_AND_CATALOGUE","IMPORT","EXISTING","carfit-cavity-preservation-spray","","zastita","5-500-0500","1","1","2",""
"interface-pads","Interface Pads","WEBSITE_AND_CATALOGUE","IMPORT","EXISTING","carfit-interface-pads","","pribor","5-170-0014","2","1","0",""
"klarlack-spray","High gloss clearcoat Spray","WEBSITE_AND_CATALOGUE","IMPORT","EXISTING","carfit-high-gloss-clearcoat-spray","","boje","7-201-0400","1","1","2",""
"kunststoff-reparatur-set","Plastic Stapler Kit","WEBSITE_AND_CATALOGUE","IMPORT","EXISTING","carfit-plastic-stapler-kit","","pribor","8-100-0000","2","1","0",""
"kunststoff-reparaturset","Plastic Repair Kit","WEBSITE_AND_CATALOGUE","IMPORT","EXISTING","carfit-plastic-repair-kit","","pribor","2-221-0250","1","1","2",""
"kunststoffgrundierung","Plastic Primer","WEBSITE_AND_CATALOGUE","IMPORT","EXISTING","carfit-plastic-primer","","boje","4-355-1000","1","1","2",""
"kunststoffspachtel","Plastic Putty","WEBSITE_AND_CATALOGUE","IMPORT","EXISTING","carfit-plastic-putty","","kitovi","2-160-0500","2","1","2",""
"lackierstaender","Rotating Paint Stand","WEBSITE_AND_CATALOGUE","IMPORT","EXISTING","carfit-rotating-paint-stand","","radionica","6-910-1001","1","2","0",""
"lammfellpolierscheiben-klett","Woolen polishing disc Velcro","WEBSITE_ONLY","IMPORT","EXISTING","carfit-woolen-polishing-disc-velcro","","poliranje","5-100-0150","2","1","0",""
"lifting-tape-gruen","Lifting Tape","WEBSITE_AND_CATALOGUE","IMPORT","EXISTING","carfit-lifting-tape","","maskiranje","9-160-5010","1","1","0",""
"logo-klebestreifen","Logo Tape","WEBSITE_ONLY","IMPORT","EXISTING","carfit-logo-tape","","maskiranje","9-180-2110","1","1","0",""
"manuelles-polier-und-schleifpad","Manual Polishing and Sanding Pad","WEBSITE_ONLY","IMPORT","EXISTING","carfit-manual-polishing-and-sanding-pad","","pribor","5-170-0004","1","1","0",""
"matt-klarlack","Clearcoar matt","WEBSITE_AND_CATALOGUE","IMPORT","EXISTING","carfit-clearcoar-matt","","boje","7-440-1000","2","1","3",""
"metalltestkarten","Metal Test Cards","WEBSITE_AND_CATALOGUE","IMPORT","EXISTING","carfit-metal-test-cards","","pribor","7-700-0020","3","1","0",""
"microfaser-reinigungstuch","Microfiber Cleaning Cloth","WEBSITE_ONLY","IMPORT","EXISTING","carfit-microfiber-cleaning-cloth","","ciscenje","8-803-0002","1","1","0",""
"mischbecher-deckel","Mixing Cups & Mixing Lids","WEBSITE_AND_CATALOGUE","IMPORT","EXISTING","carfit-mixing-cups-and-mixing-lids","","pribor","3-200-0290","10","1","0",""
"montageklebeband-pe","PE mounting tape","WEBSITE_ONLY","IMPORT","EXISTING","carfit-pe-mounting-tape","","lepkovi","9-171-0905","3","1","0",""
"multi-soft-spachtel","Multi Soft Putty","WEBSITE_AND_CATALOGUE","IMPORT","EXISTING","carfit-multi-soft-putty","","kitovi","2-250-0900","4","1","2",""
"multi-spachtel","Multi Putty","WEBSITE_AND_CATALOGUE","IMPORT","EXISTING","carfit-multi-putty","","kitovi","2-210-2000","1","1","2",""
"nass-schleifpapier","Wet Sanding Paper","WEBSITE_ONLY","IMPORT","EXISTING","carfit-wet-sanding-paper","","abrazivi","6-305-0600","5","1","0",""
"nitrilhandschuhe-mit-strukturierten-fingern","Nitrile Gloves Palm Textured","WEBSITE_ONLY","IMPORT","EXISTING","carfit-nitrile-gloves-palm-textured","","zastita","3-260-0460","2","1","0",""
"ozongenerator","Ozone Generators","WEBSITE_AND_CATALOGUE","IMPORT","EXISTING","carfit-ozone-generators","","oprema","6-980-0001","1","2","1",""
"parksensor-abdeckung","Parking Sensor Masking Disc","WEBSITE_ONLY","IMPORT","EXISTING","carfit-parking-sensor-masking-disc","","maskiranje","9-185-0060","1","1","0",""
"perfect-multi-green-spachtel","Perfect Multi Green Putty","WEBSITE_AND_CATALOGUE","IMPORT","EXISTING","carfit-perfect-multi-green-putty","","kitovi","2-251-1800","1","1","2",""
"perfekt-fueller-41-grau","Perfect Filler 4:1 Grey","WEBSITE_AND_CATALOGUE","IMPORT","EXISTING","carfit-perfect-filler-4-1-grey","","boje","4-403-1000","1","1","3",""
"pinselflaeschchen","Touch Up Bottles","WEBSITE_ONLY","IMPORT","EXISTING","carfit-touch-up-bottles","","pribor","3-115-0001","1","1","0",""
"polierschwamm-konisch","Polishing sponge conical","WEBSITE_AND_CATALOGUE","IMPORT","EXISTING","carfit-polishing-sponge-conical","","poliranje","5-100-1500","3","1","0",""
"polyethylen-fahrzeugabdeckung","Polyethylene Car Cover","WEBSITE_ONLY","IMPORT","EXISTING","carfit-polyethylene-car-cover","","maskiranje","3-150-0020","1","1","0",""
"professionelle-nitrilhandschuhe","Professional Nitrile Gloves","WEBSITE_AND_CATALOGUE","IMPORT","EXISTING","carfit-professional-nitrile-gloves","","zastita","3-261-0150","4","1","0",""
"pu-kleb-und-dichtmasse","PU Adhesive and Sealant","WEBSITE_AND_CATALOGUE","IMPORT","EXISTING","carfit-pu-adhesive-and-sealant","","lepkovi","5-113-0310","3","1","2",""
"putztuch-multi","Car Clean Multi","WEBSITE_AND_CATALOGUE","IMPORT","EXISTING","carfit-car-clean-multi","","ciscenje","8-801-0035","2","2","0",""
"rapid-air-klarlack-voc","Rapid air clear coat VOC","WEBSITE_ONLY","IMPORT","EXISTING","carfit-rapid-air-clear-coat-voc","","boje","7-325-1000","4","1","3",""
"red-film-schleifscheibe","Red Film Abrasive Discs","WEBSITE_AND_CATALOGUE","IMPORT","EXISTING","carfit-red-film-abrasive-discs","","abrazivi","6-500-0040","28","1","0",""
"rollbarer-spender-abdeck-papier","Mobile Masking Paper Dispenser","WEBSITE_AND_CATALOGUE","IMPORT","EXISTING","carfit-mobile-masking-paper-dispenser","","maskiranje","1-225-0001","1","1","0",""
"ruehrstab","Stirring Sticks","WEBSITE_ONLY","IMPORT","EXISTING","carfit-stirring-sticks","","pribor","7-760-1020","4","1","0",""
"ruehrstaebe-mix-s-stick","Mixing-S-Sticks","WEBSITE_AND_CATALOGUE","IMPORT","EXISTING","carfit-mixing-s-sticks","","pribor","7-761-0500","1","1","0",""
"schaumdichtband","Soft Masking Foam Tape","WEBSITE_AND_CATALOGUE","IMPORT","EXISTING","carfit-soft-masking-foam-tape","","maskiranje","9-109-1350","1","1","0",""
"schaumstoff-polierscheiben-mit-klettsystem","Polishing discs Velcro","WEBSITE_AND_CATALOGUE","IMPORT","EXISTING","carfit-polishing-discs-velcro","","poliranje","5-100-0165","3","1","0",""
"schaumstoffklebeband","Blending tape","WEBSITE_AND_CATALOGUE","IMPORT","EXISTING","carfit-blending-tape","","maskiranje","9-112-2005","1","1","0",""
"scheibenkleber-schwarz","Windglass Glue Black","WEBSITE_ONLY","IMPORT","EXISTING","carfit-windglass-glue-black","","lepkovi","5-132-0310","1","1","2",""
"schleifkontroll-und-pulver-set","Sanding Control Kit and Sanding Powder","WEBSITE_AND_CATALOGUE","IMPORT","EXISTING","carfit-sanding-control-kit-and-sanding-powder","","abrazivi","5-201-0150","3","1","0",""
"schleifpaste","Cutting compound","WEBSITE_AND_CATALOGUE","IMPORT","EXISTING","carfit-cutting-compound","","poliranje","5-100-1000","1","1","0",""
"schleifpolitur","Rubbing compound","WEBSITE_ONLY","IMPORT","EXISTING","carfit-rubbing-compound","","poliranje","5-100-0500","1","1","1",""
"schutzanzug-fuer-maler-und-lackierarbeiten","Coverall Black Label Edition","WEBSITE_ONLY","IMPORT","EXISTING","carfit-coverall-black-label-edition","","zastita","3-267-0009","5","1","0",""
"schwarz-spray","Black paint Spray","WEBSITE_AND_CATALOGUE","IMPORT","EXISTING","carfit-black-paint-spray","","sprejevi","4-141-0400","2","1","3",""
"schwemmzinnersatz","Epoxy Metal Filler","WEBSITE_ONLY","IMPORT","EXISTING","carfit-epoxy-metal-filler","","kitovi","2-184-0200","1","1","2",""
"scr-siebe","SCR strainers","WEBSITE_ONLY","IMPORT","EXISTING","carfit-scr-strainers","","pribor","3-230-0130","2","1","0",""
"scr-system-deckel","SCR mixing lids","WEBSITE_ONLY","IMPORT","EXISTING","carfit-scr-mixing-lids","","pribor","3-230-0002","1","1","0",""
"sehr-feines-und-ultra-feines-schleifvlies","Very Fine and Ultra Fine Abrasive Fleece","WEBSITE_AND_CATALOGUE","IMPORT","EXISTING","carfit-very-fine-and-ultra-fine-abrasive-fleece","","abrazivi","6-901-0001","4","1","0",""
"sehr-feines-und-ultra-feines-schleifvlies-2","Sponge Cut","WEBSITE_AND_CATALOGUE","IMPORT","EXISTING","carfit-sponge-cut","","abrazivi","6-200-0006","6","1","0",""
"silikonentferner","Silicone Remover","WEBSITE_AND_CATALOGUE","IMPORT","EXISTING","carfit-silicone-remover","","ciscenje","7-501-1000","2","1","2",""
"silikonentferner-erdbeere","Silicone Remover ""Strawberry""","WEBSITE_AND_CATALOGUE","IMPORT","EXISTING","carfit-silicone-remover-strawberry","","ciscenje","7-551-1000","2","1","2",""
"silikonentferner-spray-erdbeere","Silikone Remover ""Strawberry"" Spray","WEBSITE_AND_CATALOGUE","IMPORT","EXISTING","carfit-silikone-remover-strawberry-spray","","sprejevi","7-500-0400","1","1","2",""
"sitzbezuege","Disposable Seat Covers","WEBSITE_AND_CATALOGUE","IMPORT","EXISTING","carfit-disposable-seat-covers","","maskiranje","3-120-0500","1","1","0",""
"soft-interface-pads-micro","Soft Interface Pads Micro","WEBSITE_AND_CATALOGUE","IMPORT","EXISTING","carfit-soft-interface-pads-micro","","pribor","5-102-0005","2","1","0",""
"soft-plus-spachtel","Soft Plus Putty","WEBSITE_AND_CATALOGUE","IMPORT","EXISTING","carfit-soft-plus-putty","","kitovi","2-124-0500","3","1","2",""
"spritzpistolen-reiniger","Gun Cleaner","WEBSITE_AND_CATALOGUE","IMPORT","EXISTING","carfit-gun-cleaner","","radionica","8-102-5000","1","1","2",""
"spritzspachtel","Spray Putty","WEBSITE_AND_CATALOGUE","IMPORT","EXISTING","carfit-spray-putty","","kitovi","2-251-1000","1","1","2",""
"spruehpumpe","Pump Spray","WEBSITE_AND_CATALOGUE","IMPORT","EXISTING","carfit-pump-spray","","pribor","3-255-0001","1","1","0",""
"staubbindetuch","Tack cloth","WEBSITE_AND_CATALOGUE","IMPORT","EXISTING","carfit-tack-cloth","","ciscenje","6-100-0005","2","1","0",""
"staubbindetuch-super-wave","Tack cloth ""super wave""","WEBSITE_AND_CATALOGUE","IMPORT","EXISTING","carfit-tack-cloth-super-wave","","ciscenje","6-110-0001","1","1","0",""
"staubschutzlack-fuer-lackierkabinen","Tack Coating for Spray Booth","WEBSITE_AND_CATALOGUE","IMPORT","EXISTING","carfit-tack-coating-for-spray-booth","","radionica","3-402-0005","2","1","2",""
"steinschlagschutz","Stone Chip Protection","WEBSITE_ONLY","IMPORT","EXISTING","carfit-stone-chip-protection","","zastita","5-600-1000","2","1","2",""
"steinschlagschutz-spray","Stone chip protection Spray","WEBSITE_AND_CATALOGUE","IMPORT","EXISTING","carfit-stone-chip-protection-spray","","zastita","5-601-0500","2","1","2",""
"strukturlack-spray","Texture paint Spray","WEBSITE_AND_CATALOGUE","IMPORT","EXISTING","carfit-texture-paint-spray","","sprejevi","4-171-0400","1","1","2",""
"thermo-spray-650c","Thermo paint Spray 650°C","WEBSITE_AND_CATALOGUE","IMPORT","EXISTING","carfit-thermo-paint-spray-650c","","sprejevi","4-151-0400","1","1","2",""
"touch-up-micro-applicator","Touch-Up Micro Applicator","WEBSITE_AND_CATALOGUE","IMPORT","EXISTING","carfit-touch-up-micro-applicator","","pribor","3-116-0101","3","1","0",""
"universalverduenner","Universal Thinner","WEBSITE_AND_CATALOGUE","IMPORT","EXISTING","carfit-universal-thinner","","boje","7-602-1000","2","1","1",""
"universelle-polierpaste","Universal polishing compound","WEBSITE_AND_CATALOGUE","IMPORT","EXISTING","carfit-universal-polishing-compound","","poliranje","5-101-0250","2","1","2",""
"unterbodenschutz-bitumen","Bitumen underbody protection","WEBSITE_AND_CATALOGUE","IMPORT","EXISTING","carfit-bitumen-underbody-protection","","zastita","5-700-1000","1","1","2",""
"unterbodenschutz-bitumen-spray","Underbody protection bitumen spray","WEBSITE_AND_CATALOGUE","IMPORT","EXISTING","carfit-underbody-protection-bitumen-spray","","zastita","5-400-0500","1","1","2",""
"vlies-poliertuch","Nonwoven polishing cloth","WEBSITE_AND_CATALOGUE","IMPORT","EXISTING","carfit-nonwoven-polishing-cloth","","poliranje","8-800-0400","1","1","0",""
"zierlinienband","Fine Line Tape","WEBSITE_AND_CATALOGUE","IMPORT","EXISTING","carfit-fine-line-tape","","maskiranje","9-141-0333","3","1","0",""
"zink-spray","Zinc Spray","WEBSITE_ONLY","IMPORT","EXISTING","carfit-zinc-spray","","boje","4-399-0400","1","1","2",""
